uni,pname,after_d4,elution,expect
Q86XP1,DGKH,SVPG,47.561,5.3e-10
Q15424,SAFB1,SAHP,30.034,8.1e-10
Q8N9B5,JMY,SLPS,57.761,1e-8
Q99733,NP1L4,GVPS,24.564,1.7e-8
P50851,LRBA,SAQA,12.855,2e-8
Q6JBY9,CPZIP,GQHP,25.145,2.3e-8
Q9H4A3,WNK1,SAHS,23.353,2.8e-8
P61978,HNRPK,AVEC,42.841,4.7e-8
P26368,U2AF2,GLAV,49.397,6.1e-8
Q7Z5L9,I2BP2,SSLA,38.53,1.2e-7
Q27J81,INF2,AVTP,53.7,1.2e-7
Q13136,LIPA1,GVLD,28.832,1.3e-7
Q71RC2,LARP4,GLNQ,37.958,1.4e-7
P20810,ICAL,ALSS,36.147,1.5e-7
P17028,ZNF24,SILI,65.665,1.7e-7
Q96RU3,FNBP1,GSYT,14.747,2.2e-7
Q96D71,REPS1,GYSS,44.993,2.5e-7
Q96HA7,IKBL2,GLTP,48.367,2.7e-7
Q5T0D9,TPRGL,SAGT,50.302,3.3e-7
Q99614,TTC1,CSAS,23.708,3.6e-7
O75113,N4BP1,GLSP,44.07,3.6e-7
Q7Z460,CLAP1,GGAA,16.133,3.9e-7
Q8N1F7,NUP93,FTQE,46.196,3.9e-7
Q9NZB2,F120A,SAYF,31.406,4e-7
Q9H6T3,RPAP3,STTA,64.445,4.1e-7
P08670,VIME,FSLA,64.338,4.3e-7
P63241,IF5A1,FETG,44.681,5.5e-7
O15042,SR140,GVPL,24.189,7e-7
Q8N1G4,LRC47,AVSG,55.537,7.5e-7
Q92598,HS105,AQQT,34.241,8.2e-7
Q7Z6I6,RHG30,SIEA,40.464,8.5e-7
Q9Y5A9,YTHD2,GNGV,32.561,9.1e-7
Q9H0H5,RGAP1,SVGT,14.314,9.5e-7
P09496,CLCA,GVMN,51.542,1.1e-6
Q96ED9,HOOK2,SLSP,41.76,1.2e-6
O60343,TBCD4,GTDT,40.439,1.4e-6
Q5T8P6,RBM26,GYNP,37.386,1.4e-6
P16989,DBPA,GVPE,28.577,1.6e-6
Q86V81,THOC4,SGFG,24.199,1.6e-6
Q96D71,REPS1,SNIA,46.692,1.6e-6
Q8NCD3,HJURP,GSVQ,38.692,1.6e-6
O43865,SAHH2,AMPL,56.678,1.7e-6
P36915,GNL1,SAME,15.964,1.7e-6
Q8WUI4,HDAC7,GGGP,34.026,1.8e-6
Q9H2L5,RASF4,SSGP,54.754,1.8e-6
Q2NL82,TSR1,AVDD,36.231,1.8e-6
O60664,PLIN3,GSTQ,38.696,2e-6
Q9BU89,DOHH,AIGQ,41.961,2.2e-6
Q8TBC4,UBA3,GGCG,23.917,2.3e-6
O43719,HTSF1,SLGQ,44.931,2.9e-6
Q06547,GABP1,GQQV,63.708,3.1e-6
Q15633,TRBP2,GNEV,41.623,3.1e-6
P33992,MCM5,SFGG,19.362,3.2e-6
P33991,MCM4,GAAA,42.532,3.2e-6
P49792,RBP2,GGSA,54.799,3.3e-6
P60709,ACTB,GVTH,55.865,3.3e-6
Q14C86,GAPD1,SASQ,28.038,3.5e-6
P23025,XPA,GALP,57.662,3.9e-6
O75934,SPF27,ALPY,53.412,4.1e-6
P68104,EF1A1,MVPG,55.809,4.1e-6
O15015,ZN646,SVLE,72.325,4.3e-6
P26599,PTBP1,GIVP,43.358,4.5e-6
P32519,ELF1,GIPE,34.669,4.8e-6
Q92619,HMHA1,AVFP,50.658,4.9e-6
P09496,CLCA,SYAA,33.011,5.6e-6
P55209,NP1L1,GLVE,62.567,6e-6
Q13177,PAK2,GFPS,38.787,6.2e-6
Q15003,CND2,HTAV,13.475,6.3e-6
Q9H4L5,OSBL3,SSSG,39.545,6.5e-6
P27816,MAP4,ALTE,41.129,6.6e-6
O95391,SLU7,AVNA,40.282,6.7e-6
Q13428,TCOF,SAVG,33.909,6.8e-6
Q15544,TAF11,GIPE,40.382,7.5e-6
Q96MG7,MAGG1,GFAE,27.093,7.6e-6
Q9UPN3,MACF1,GYMG,29.368,7.6e-6
Q8NCG7,DGLB,GGDQ,65.471,7.9e-6
Q14202,ZMYM3,GINS,34.511,8.9e-6
O43719,HTSF1,AGGE,48.886,9.4e-6
P36954,RPB9,GTYE,45.78,9.7e-6
Q9BWT1,CDCA7,SFAS,35.33,9.9e-6
Q9P107,GMIP,GGGE,39.784,9.9e-6
Q9NPG3,UBN1,SFID,66.784,1e-5
Q8N5W9,F101B,AAAA,55.259,1.2e-5
P43243,MATR3,LANL,37.484,1.2e-5
Q14980,NUMA1,SANS,24.317,1.2e-5
Q6P2E9,EDC4,SLGA,49.852,1.3e-5
Q9Y520,BA2D1,YTTP,34.351,1.3e-5
Q15365,PCBP1,AYSI,48.473,1.4e-5
Q9UBF8,PI4KB,SITS,44.129,1.4e-5
Q96GD3,SCMH1,SASN,29.934,1.4e-5
P47712,PA24A,AAVA,35.123,1.4e-5
Q9P1Y5,CAMP3,GSPA,39.338,1.5e-5
Q8WYQ5,DGCR8,SMGA,45.17,1.6e-5
Q7Z2W4,ZCCHV,SLSD,30.112,1.6e-5
O94973,AP2A2,SASV,48.688,1.7e-5
Q99590,SFRIP,SFCS,42.652,1.9e-5
Q92945,FUBP2,SISS,41.539,2e-5
Q8WWM7,ATX2L,GLLT,42.177,2.2e-5
Q9Y5A9,YTHD2,GQSA,25.842,2.3e-5
O15042,SR140,GVPI,58.566,2.3e-5
Q07666,KHDR1,ATVG,49.301,2.8e-5
Q3B7T1,EDRF1,SVGN,40.689,2.8e-5
P98171,RHG04,SFQT,29.685,2.9e-5
Q3KQV9,UAP1L,GVPQ,57.259,2.9e-5
Q14498,RBM39,ASSA,49.189,3.1e-5
P06454,PTMA,AAVD,23.856,3.4e-5
Q13435,SF3B2,GSET,54.508,3.4e-5
P45974,UBP5,SISE,34.549,3.5e-5
Q9H1B7,EAP1,GSSK,35.473,3.6e-5
Q14157,UBP2L,SSNL,55.425,3.7e-5
Q9H6R7,CB044,GSIA,49.911,5.3e-5
O60343,TBCD4,THLG,38.171,5.3e-5
Q6DN90,IQEC1,AITE,61.172,5.5e-5
Q86WB0,NIPA,ASFG,53.301,6.1e-5
P00519,ABL1,AVNS,19.253,6.1e-5
Q99767,APBA2,GQLP,48.735,6.8e-5
O43296,ZN264,GLGT,24.794,6.9e-5
Q9UKS7,IKZF2,GYIT,37.747,7.4e-5
P62310,LSM3,QQQT,58.258,7.8e-5
O15027,SC16A,SVSS,15.736,7.9e-5
Q86UX7,URP2,SLTT,46.232,8.4e-5
P09234,RU1C,TYLT,21.763,9.4e-5
Q8TEU7,RPGF6,SMSA,30.885,9.9e-5
Q7Z6Z7,HUWE1,MNAS,22.39,1e-4
Q9BSI4,TINF2,SVNL,39.684,1.1e-4
A2RRP1,NBAS,SISY,45.643,1.1e-4
Q7Z2W4,ZCCHV,GVAT,27.374,1.3e-4
Q9BY77,PDIP3,AYTA,44.178,1.3e-4
O60664,PLIN3,GFDV,36.683,1.4e-4
Q8N684,CPSF7,LYDD,50.017,1.4e-4
Q01082,SPTB2,TSEM,20.82,1.5e-4
P08047,SP1,GSGQ,50.743,1.6e-4
P52888,THOP1,AASP,67.256,1.7e-4
Q7KZ85,SPT6H,SYIE,49.699,1.7e-4
Q14694,UBP10,SVSD,63.414,1.9e-4
Q7L014,DDX46,VMQQ,43.193,1.9e-4
Q9NV96,CC50A,GGPP,15.918,2e-4
P21333,FLNA,GTQT,26.817,2.1e-4
P61158,ARP3,FFIG,50.205,2.1e-4
P41250,SYG,GAGA,61.504,2.1e-4
Q9P0K8,FOXJ2,GGAV,13.452,2.2e-4
Q6PKG0,LARP1,AINW,46.95,2.5e-4
Q13123,RED,YVPS,19.516,2.5e-4
Q5SXM2,SNPC4,GSVA,42.101,2.9e-4
P63167,DYL1,SVEC,31.84,3.1e-4
P23588,IF4B,VSTT,27.966,3.3e-4
Q92619,HMHA1,AGCL,66.578,3.4e-4
P82094,TMF1,SFSV,42.95,3.4e-4
Q96N67,DOCK7,STEV,28.066,3.4e-4
Q9NT62,ATG3,GGWV,52.588,3.5e-4
Q96IZ7,RSRC1,SFVQ,40.334,3.8e-4
Q7Z6Z7,HUWE1,SAVA,22.375,3.9e-4
O95801,TTC4,GLST,10.182,4e-4
Q7Z6Z7,HUWE1,GLPE,24.314,4.3e-4
O14686,MLL2,ALYV,30.079,4.7e-4
Q12888,TP53B,SSQP,42.124,4.7e-4
O43399,TPD54,SMTD,39.872,5e-4
Q9H9B1,EHMT1,GLQE,40.108,5.7e-4
P08670,VIME,AINT,25.388,5.8e-4
Q8WXG6,MADD,SVIG,55.602,6.1e-4
Q96ST2,IWS1,SFHS,14.836,7.6e-4
Q15942,ZYX,SLSS,54.985,7.8e-4
Q9BWU0,NADAP,AFMS,37.086,7.8e-4
P30260,CDC27,SAVI,58.667,8e-4
Q8IWU2,LMTK2,SVLA,53.794,8.4e-4
P53621,COPA,GFVE,53.018,8.9e-4
Q8IWB9,TEX2,GLSV,51.759,0.0012
Q00403,TF2B,LITT,50.134,0.0012
Q9BRD0,BUD13,LAPN,46.727,0.0012
P62736,ACTA,GQVI,32.133,0.0014
Q96N16,JKIP1,AVQM,32.77,0.0015
Q96RS0,TGS1,GHQQ,9.899,0.0015
Q9Y2I7,FYV1,GHLL,18.459,0.0018
P51957,NEK4,GFVQ,24.041,0.0018
P17544,ATF7,SVII,36.08,0.0019
P49023,PAXI,ALLA,55.932,0.0019
Q9NUM4,T106B,GVTS,17.376,0.002
Q8IWR0,Z3H7A,SAPE,46.801,0.0021
P35579,MYH9,STAA,17.365,0.0022
Q86VX9,MON1A,GTLT,25.873,0.0026
Q5T8I9,CA059,GNFE,54.137,0.0026
Q9H5J8,TAF1D,HVTS,24.453,0.0027
Q09666,AHNK,VNIE,24.35,0.0028
Q14980,NUMA1,GTSV,30.135,0.003
Q14157,UBP2L,GSLA,34.394,0.0031
Q9UKE5,TNIK,GTVA,33.878,0.0032
Q9BUJ2,HNRL1,GHYA,21.835,0.0034
Q14004,CD2L5,GLGS,28.611,0.0041
P10809,CH60,GTTT,26.159,0.0054
Q02750,MP2K1,GSAV,37.114,0.0064
Q8IWI9,MGAP,SALS,44.276,0.0078
Q8NEF9,SRFB1,SVVS,24.717,0.0082
Q9UQ35,SRRM2,GSSF,20.157,0.0086
O75410,TACC1,GSTV,59.82,0.009
Q08J23,NSUN2,GVCG,15.699,0.0094
Q14694,UBP10,GVSG,19.147,0.01
Q14566,MCM6,GYET,24.436,0.012
Q9P1Z2,CACO1,GGSD,55.102,0.013
Q9NUU7,DD19A,SWAL,53.099,0.015
P78316,NOP14,GFVL,31.084,0.017
Q9UQ35,SRRM2,SNSL,24.972,0.018
Q9UPN9,TRI33,ALAS,28.238,0.02
O95685,PPR3D,GGVA,25.693,0.023
P51991,ROA3,SVKP,16.241,0.024
O95644,NFAC1,GAPA,25.004,0.026
Q13885,TBB2A,SVLD,45.416,0.026
Q9BRT8,CBWD1,GLIN,28.864,0.029
Q9UBN7,HDAC6,SMLM,28.026,0.038
O60784,TOM1,GLAG,36.001,0.053
P04350,TBB4,AVLD,39.758,0.062
P10244,MYBB,SCNS,17.505,0.064
