1,Acanthodoras spinosissimus
1,Agamyxis albomaculatus
1,Amblydoras nauticus
1,Auchenipterichthys thoracatus
1,Doraops zuloagai
1,Doras carinatus
1,Doras micropoeus
1,Hemidoras morrisi
1,Hypodoras forficulatus
1,Lamprologus stappersi
1,Lanius collurioides
1,Leptodoras acipenserinus
1,Leptodoras hasemani
1,Leptodoras juruensis
1,Leptodoras praelongus
1,Lithodoras dorsalis
1,Megalodoras uranoscopus
1,Nemadoras hemipeltis
1,Nemadoras ternetzi
1,Nemadoras trimaculatus
1,Opsodoras stuebelii
1,Ossancora punctata
1,Physopyxis lyra
1,Rhinodoras boehlkei
1,Rhinodoras thomersoni
1,Tatia intermedia
2,Apareiodon cavalcante
2,Carapus boraborensis
2,Hemidoras stenopeltis
2,Panaqolus claustellifer
2,Petroleuciscus esfahani
2,Pinguipes chilensis
2,Platydoras costatus
2,Trachydoras nattereri
3,Dormitator lebretonis
3,Eptatretus yangi
3,Lonchophylla dekeyseri
3,Oreolalax popei
3,Pterocles bicinctus
3,Sturisoma monopelte
3,Trachydoras steindachneri
3,Vanellus resplendens
4,Agonopsis chiloensis
4,Amazona vinacea
4,Anadoras grypus
4,Anduzedoras oxyrhynchus
4,Assessor flavissimus
4,Auchenipterus demerarae
4,Gerbillus perpallidus
4,Laterallus melanophaius
4,Leptodoras linnelli
4,Lepus crawshayi
4,Macrotarsomys ingens
4,Oxydoras niger
4,Rhinoptilus africanus
4,Serranus accraensis
5,Baryancistrus chrysolomus
5,Bergiaria westermanni
5,Hylobates albibarbis
5,Ichthyophis tricolor
5,Liosomadoras morrowi
5,Nemadactylus monodactylus
5,Ostorhinchus quadrifasciatus
5,Oxydoras sifontesi
5,Panaque armbrusteri
5,Photoblepharon palpebratum
5,Pluvianus aegyptius
6,Afrotis afra
6,Afrotis afraoides
6,Amazona agilis
6,Amazona brasiliensis
6,Amazona imperialis
6,Amazona versicolor
6,Anoura cultrata
6,Atractaspis microlepidota
6,Baryancistrus demantoides
6,Centromochlus heckelii
6,Certhiaxis mustelinus
6,Dianema longibarbis
6,Leporacanthicus triactis
6,Panaque schaeferi
6,Parancistrus nudiventris
6,Passer melanurus
6,Spectracanthicus punctatissimus
6,Sterna forsteri
6,Tarsius tarsier
6,Tetrax tetrax
6,Urocitellus canus
7,Amazona collaria
7,Amazona festiva
7,Amazona finschi
7,Asthenes patagonica
7,Botaurus lentiginosus
7,Chondrostoma oxyrhynchum
7,Galidictis fasciata
7,Leporacanthicus heterodon
7,Lonchophylla hesperia
7,Microtus mujanensis
7,Monophyllus plethodon
7,Notolabrus celidotus
7,Orinocodoras eigenmanni
7,Pentanemus quinquarius
7,Saguinus leucopus
7,Selene dorsalis
7,Sphyraena idiastes
7,Vidua camerunensis
8,Alburnoides maculatus
8,Amazona arausiaca
8,Amazona vittata
8,Anser brachyrhynchus
8,Astroblepus trifasciatus
8,Blanfordimys afghanus
8,Cheilopogon heterurus
8,Lonchophylla chocoana
8,Lonchorhina orinocensis
8,Neochromis nigricans
8,Pelecanus philippensis
8,Pseudoxiphophorus cataractae
8,Sitta arctica
8,Synallaxis brachyura
8,Synallaxis propinqua
8,Synallaxis tithys
8,Uranoscopus albesca
8,Vidua wilsoni
9,Acanthodoras cataphractus
9,Amazona dufresniana
9,Amazona kawalli
9,Ancistrus ranunculus
9,Chiroderma improvisum
9,Chondrostoma soetta
9,Gyalophylax hellmayri
9,Micronycteris matses
9,Musonycteris harrisoni
9,Parachondrostoma arrigonis
9,Parachondrostoma turiensis
9,Porzana carolina
9,Rhynchogale melleri
9,Rineloricaria fallax
9,Schedophilus medusophagus
9,Sphaeronycteris toxophyllum
9,Staurois parvus
10,Ageneiosus ucayalensis
10,Ammodytes tobianus
10,Anoura latidens
10,Blanfordimys bucharensis
10,Calomyscus mystax
10,Chiroderma salvini
10,Chondrostoma prespense
10,Chondrostoma vardarense
10,Glossophaga leachii
10,Hemignathus kauaiensis
10,Hipposideros fulvus
10,Lonchorhina inusitata
10,Metynnis argenteus
10,Narke japonica
10,Neodon juldaschi
10,Pseudoxiphophorus litoperas
10,Pseudoxiphophorus obliquus
10,Pterocaesio digramma
10,Scissirostrum dubium
10,Syacium gunteri
10,Synallaxis candei
10,Turnix suscitator
11,Amazona guildingii
11,Amazona pretrei
11,Amazona tucumana
11,Asthenes humicola
11,Atelomycterus marmoratus
11,Coryphaenoides yaquinae
11,Datnioides polota
11,Dermanura incomitata
11,Gobius paganellus
11,Haplochromis brownae
11,Henonemus punctatus
11,Limnogale mergulus
11,Limosa fedoa
11,Microchirus frechkopi
11,Mimon cozumelae
11,Nannobrachium regale
11,Paralichthys orbignyanus
11,Platyrrhinus albericoi
11,Pseudacanthicus leopardus
11,Pseudoxiphophorus anzuetoi
11,Pseudoxiphophorus diremptus
11,Scarturus tetradactyla
11,Tripterygion delaisi
11,Xenotilapia ochrogenys
12,Callionymus valenciennei
12,Chiroderma doriae
12,Ciconia maguari
12,Eupodotis senegalensis
12,Lemmus lemmus
12,Lopholatilus chamaeleonticeps
12,Lophostoma carrikeri
12,Micronycteris schmidtorum
12,Neolamprologus leleupi
12,Neolamprologus similis
12,Nerodia clarkii
12,Parablennius gattorugine
12,Parachondrostoma miegii
12,Pituophis ruthveni
12,Prionailurus iriomotensis
12,Pseudancistrus nigrescens
12,Scyliorhinus retifer
12,Thyroptera lavali
12,Turnix varia
12,Vidua hypocherina
12,Vidua obtusa
12,Vidua orientalis
13,Alburnoides fasciatus
13,Allactodipus bobrinskii
13,Ariteus flavescens
13,Artibeus hartii
13,Cavia cutleri
13,Chondrostoma knerii
13,Chondrostoma phoxinus
13,Dinemellia dinemelli
13,Eremodipus lichtensteini
13,Iberochondrostoma oretanum
13,Peltohyas australis
13,Platyrrhinus ismaeli
13,Pomadasys perotaei
13,Samariscus japonicus
13,Siptornopsis hypochondriaca
13,Synallaxis gujanensis
13,Synallaxis stictothorax
13,Urocitellus washingtoni
13,Vidua fischeri
13,Zeugopterus punctatus
13,Zungaro zungaro
14,Acrochordus arafurae
14,Aechmophorus occidentalis
14,Choeroniscus minor
14,Eupleres goudotii
14,Exodon paradoxus
14,Geogale aurita
14,Leucopsar rothschildi
14,Lophostoma schulzi
14,Micronycteris brachyotis
14,Onychogalea fraenata
14,Pseudolithoxus dumus
14,Pygoderma bilabiatum
14,Rutilus kutum
14,Samariscus xenicus
14,Sebastes capensis
14,Spartonoica maluroides
14,Triaenops menamena
14,Vidua raricola
15,Amazona viridigenalis
15,Artibeus anderseni
15,Brachytarsomys albicauda
15,Cepphus columba
15,Chapalichthys encaustus
15,Chunga burmeisteri
15,Dormitator cubanus
15,Glossophaga commissarisi
15,Haematopus leucopodus
15,Melogale personata
15,Myotis chinensis
15,Nonnula ruficapilla
15,Oligodon cinereus
15,Phalaropus tricolor
15,Pterodoras granulosus
15,Ptilocercus lowii
15,Thalassoma pavo
15,Uroderma magnirostrum
15,Zoothera dixoni
16,Allactaga hotsoni
16,Amazona auropalliata
16,Argyropelecus hemigymnus
16,Euroscaptor malayana
16,Glyphonycteris sylvestris
16,Hylonycteris underwoodi
16,Hystrix africaeaustralis
16,Lampropeltis extenuata
16,Lepadogaster lepadogaster
16,Menidia estor
16,Micronycteris microtis
16,Microtus evoronensis
16,Plegadis chihi
16,Protochondrostoma genei
16,Synallaxis spixi
16,Tenrec ecaudatus
16,Vidua regia
16,Zelotomys hildegardeae
17,Alburnoides kubanicus
17,Allactaga major
17,Artibeus hirsutus
17,Aspidoscelis uniparens
17,Atherurus macrourus
17,Branta leucopsis
17,Catostomus latipinnis
17,Chlorophthalmus albatrossis
17,Cubiceps gracilis
17,Eolagurus luteus
17,Galidia elegans
17,Helogale parvula
17,Kassina maculata
17,Leucophaeus atricilla
17,Microtus chrotorrhinus
17,Notothenia neglecta
17,Nycteris grandis
17,Palmeria dolei
17,Pontinus longispinis
17,Rhizoprionodon terraenovae
17,Streptopelia risoria
17,Symphurus civitatium
18,Aratinga auricapillus
18,Barbodes everetti
18,Champsodon snyderi
18,Drepane africana
18,Fulica americana
18,Hipposideros halophyllus
18,Hipposideros jonesi
18,Hypogeomys antimena
18,Lamprotornis iris
18,Lophostoma brasiliense
18,Mesoplodon peruvianus
18,Microtus qazvinensis
18,Pithecia irrorata
18,Platyrrhinus recifinus
18,Pomacanthus maculosus
18,Pseudoseisura lophotes
18,Schoeniophylax phryganophilus
18,Sciurus aestuans
18,Stochomys longicaudatus
18,Synallaxis scutata
18,Tangara mexicana
19,Alipiopsitta xanthops
19,Amazona amazonica
19,Cardiocranius paradoxus
19,Climacteris erythrops
19,Coryphaenoides cinereus
19,Dacnis cayana
19,Eolagurus przewalskii
19,Haematopus palliatus
19,Holanthias chrysostictus
19,Jenynsia multidentata
19,Latris lineata
19,Meles canescens
19,Nyctibius bracteatus
19,Oenomys hypoxanthus
19,Pantherophis bairdi
19,Pantherophis emoryi
19,Phaenicophaeus curvirostris
19,Platyrrhinus brachycephalus
19,Sarothrura elegans
19,Scaptochirus moschatus
19,Tapirus bairdii
19,Urocitellus columbianus
19,Urva auropunctata
20,Anematichthys armatus
20,Aotus griseimembra
20,Bassaricyon alleni
20,Bothus podas
20,Ceratias holboelli
20,Cloeotis percivali
20,Graydidascalus brachyurus
20,Lampropeltis ruthveni
20,Lycalopex fulvipes
20,Maxomys bartelsii
20,Monias benschi
20,Oligodon catenatus
20,Oryzias matanensis
20,Phegornis mitchellii
20,Scorpaena onaria
20,Tapirus pinchaque
20,Thalasseus maximus
20,Vampyressa nymphaea
20,Vulpes chama
21,Achalinus ater
21,Alburnoides ohridanus
21,Alburnoides strymonicus
21,Amazona barbadensis
21,Arvicanthis ansorgei
21,Atelocynus microtis
21,Brachypteracias squamigera
21,Ctenolabrus rupestris
21,Eurostopodus mystacalis
21,Hipposideros abae
21,Hypsibarbus wetmorei
21,Lophotis ruficrista
21,Lutjanus argentiventris
21,Macrophyllum macrophyllum
21,Monophyllus redmani
21,Niviventer culturatus
21,Oreopholus ruficollis
21,Oryzias woworae
21,Pareas nigriceps
21,Pareas stanleyi
21,Podilymbus podiceps
21,Propithecus deckenii
21,Psarocolius decumanus
21,Psettodes belcheri
21,Scapanus latimanus
21,Thalasseus bernsteini
21,Tonatia bidens
21,Urocitellus townsendii
22,Batrachostomus septimus
22,Characidium gomesi
22,Chrysiptera parasema
22,Cochlearius cochlearius
22,Creatophora cinerea
22,Dasyprocta punctata
22,Hapalemur aureus
22,Iberochondrostoma olisiponensis
22,Julidochromis transcriptus
22,Liopeltis stoliczkae
22,Lycodon rosozonatus
22,Lycodon septentrionalis
22,Lythrurus fasciolaris
22,Micronycteris hirsuta
22,Micronycteris nicefori
22,Miniopterus manavi
22,Myrrophis bennettii
22,Paralichthys adspersus
22,Platyrrhinus aurarius
22,Pluvialis dominica
22,Syrrhaptes paradoxus
22,Tringa melanoleuca
22,Urocitellus elegans
22,Vampyressa brocki
23,Achondrostoma arcasii
23,Anomalospiza imberbis
23,Attagis gayi
23,Grallaria varia
23,Microtus irani
23,Mormoops blainvillei
23,Mycteroperca rosacea
23,Odontaspis ferox
23,Pagrus auratus
23,Phylloderma stenops
23,Polypedates maculatus
23,Psammophis lineolatus
23,Salpingotus kozlovi
23,Siebenrockiella crassicollis
23,Sturnira bogotensis
23,Thalasseus bergii
23,Urocitellus beldingi
24,Ateles hybridus
24,Catostomus insignis
24,Chodsigoa sodalis
24,Clevelandia ios
24,Cyrtocara moorii
24,Desmana moschata
24,Desmopuntius hexazona
24,Erophylla sezekorni
24,Glossophaga longirostris
24,Melanotaenia fluviatilis
24,Microtus majori
24,Notiosorex crawfordi
24,Oreochromis grahami
24,Pareas monticola
24,Phenacomys intermedius
24,Potamochoerus larvatus
24,Procyon cancrivorus
24,Rynchops niger
24,Synallaxis rutilans
24,Telespiza ultima
24,Thamnaconus septentrionalis
24,Urogale everetti
24,Vulpes cana
25,Alburnoides eichwaldii
25,Brachygalba albogularis
25,Centurio senex
25,Coelops frithii
25,Crinifer piscator
25,Crotalus stephensi
25,Gampsonyx swainsonii
25,Hydrictis maculicollis
25,Lagurus lagurus
25,Microtus daghestanicus
25,Miniopterus fraterculus
25,Neolamprologus brevis
25,Pelecanoides urinatrix
25,Psittacara mitratus
25,Pterycombus brama
25,Pygeretmus pumilio
25,Rallus longirostris
25,Urocitellus mollis
25,Urocolius indicus
26,Abrocoma bennettii
26,Alisterus scapularis
26,Aonyx capensis
26,Ardeotis kori
26,Bovichtus variegatus
26,Burhinus bistriatus
26,Certhiaxis cinnamomeus
26,Dendrelaphis subocularis
26,Dymecodon pilirostris
26,Himantopus mexicanus
26,Lamprologus ocellatus
26,Lycalopex griseus
26,Lycalopex vetulus
26,Lyncornis macrotis
26,Menidia peninsulae
26,Mustela nudipes
26,Mustela strigidorsa
26,Pantherophis spiloides
26,Paratriaenops auritus
26,Phyllops falcatus
26,Platyrrhinus dorsalis
26,Poecilia salvatoris
26,Rhabdophis adleri
26,Tangara sayaca
26,Trachemys dorbigni
26,Trachinotus falcatus
26,Treron vernans
27,Acipenser naccarii
27,Amazona albifrons
27,Apteronotus leptorhynchus
27,Geospiza conirostris
27,Hemiscyllium ocellatum
27,Hydrornis guajana
27,Hypophthalmus edentatus
27,Lonchophylla robusta
27,Myoictis leucura
27,Parapercis clathrata
27,Parascalops breweri
27,Platalea ajaja
27,Plestiodon inexpectatus
27,Podogymnura truei
27,Rhabdophis nigrocinctus
27,Rhinolophus trifoliatus
27,Sapayoa aenigma
27,Stenotomus chrysops
27,Sternula antillarum
27,Syacium micrurum
27,Synallaxis albescens
27,Vanellus chilensis
27,Vidua macroura
28,Ametrida centurio
28,Burhinus grallarius
28,Chalcopsitta cardinalis
28,Coryphaenoides acrolepis
28,Garrulax monileger
28,Geospiza fuliginosa
28,Lemmus sibiricus
28,Poicephalus gulielmi
28,Procapra picticaudata
28,Pungitius hellenicus
28,Sorubim lima
28,Spathodus erythrodon
28,Vulpes macrotis
28,Vulpes rueppellii
28,Zosterisessor ophiocephalus
29,Allactaga bullata
29,Artibeus fraterculus
29,Biziura lobata
29,Boiga cyanea
29,Cercartetus nanus
29,Chlamyphorus truncatus
29,Coryphaenoides armatus
29,Coua cristata
29,Glironia venusta
29,Hipposideros vittatus
29,Lionycteris spurrelli
29,Maylandia callainos
29,Maylandia lombardoi
29,Monachus monachus
29,Platycephalus bassensis
29,Plestiodon gilberti
29,Poecilogale albinucha
29,Siva cyanouroptera
29,Solenodon cubanus
29,Thinocorus orbignyianus
29,Tokudaia osimensis
29,Zanclorhynchus spinifer
30,Aerodramus vanikorensis
30,Bucorvus abyssinicus
30,Camarhynchus psittacula
30,Cavia tschudii
30,Dasyatis sabina
30,Elaphe cantoris
30,Epigonus telescopus
30,Ficedula semitorquata
30,Macroderma gigas
30,Macrotus waterhousii
30,Odontesthes humensis
30,Pogonoperca punctata
30,Prionodon linsang
30,Pristolepis fasciata
30,Pseudochondrostoma willkommii
30,Pterocles namaqua
30,Pteronotus pusillus
30,Recurvirostra americana
30,Rhabdophis himalayanus
30,Rhinolophus shameli
30,Rhinopomastus cyanomelas
30,Steatocranus casuarius
31,Achondrostoma occidentale
31,Daptrius ater
31,Eira barbara
31,Elephantulus rufescens
31,Gardnerycteris crenulatum
31,Hebius atemporale
31,Hystrix brachyura
31,Lissodelphis borealis
31,Lycalopex gymnocercus
31,Nannopterum auritus
31,Pantherophis slowinskii
31,Pedionomus torquatus
31,Pseudochirops cupreus
31,Pteronotus macleayii
31,Pyrrhula erythaca
31,Rollulus rouloul
31,Sillago analis
31,Sylvia nana
31,Triaenops persicus
31,Trimeresurus flavomaculatus
31,Urocitellus armatus
31,Vampyressa pusilla
32,Amazophrynella minuta
32,Euroscaptor mizura
32,Gonyosoma prasinum
32,Hemiprocne mystacea
32,Hypoatherina tsurugae
32,Molothrus ater
32,Monopterus cuchia
32,Scorpaenichthys marmoratus
32,Sicista tianshanica
32,Sturnira oporaphilum
32,Tolypeutes tricinctus
32,Topaza pella
33,Aphanius dispar
33,Aplocheilus lineatus
33,Artibeus concolor
33,Azemiops kharini
33,Boiga guangxiensis
33,Chloroscombrus chrysurus
33,Dasyurus albopunctatus
33,Diplobatis ommata
33,Loxioides bailleui
33,Micropsitta finschii
33,Opisthotropis balteata
33,Salaria pavo
33,Sinibotia reevesae
33,Telespiza cantans
33,Tockus camurus
33,Xyrichtys novacula
34,Alticola strelzowi
34,Amazona ventralis
34,Chionis albus
34,Coracias caudatus
34,Epinephelus tauvina
34,Fossa fossana
34,Micronycteris minuta
34,Nyctyornis amictus
34,Psittacula alexandri
34,Scapanus townsendii
34,Scincella reevesii
34,Scopus umbretta
34,Scyliorhinus stellaris
34,Sinonatrix aequifasciata
34,Tamandua mexicana
35,Amazona autumnalis
35,Amazona leucocephala
35,Artibeus phaeotis
35,Calyptophractus retusus
35,Chiroderma villosum
35,Colius colius
35,Coreius guichenoti
35,Dacnomys millardi
35,Eptatretus cirrhatus
35,Hoplomys gymnurus
35,Micrastur semitorquatus
35,Paraechinus aethiopicus
35,Pareas carinatus
35,Pharomachrus auriceps
35,Rhabdophis swinhonis
35,Xiphophorus xiphidium
36,Bassariscus astutus
36,Certhidea fusca
36,Colinus cristatus
36,Crotophaga sulcirostris
36,Cynocephalus volans
36,Dasypus hybridus
36,Deltistes luxatus
36,Elaphe zoigeensis
36,Euplectes orix
36,Gnathanodon speciosus
36,Harpagifer antarcticus
36,Hydrobates tethys
36,Ictonyx striatus
36,Microgadus tomcod
36,Nycteris thebaica
36,Ochotona huangensis
36,Oligocottus maculosus
36,Polyprion americanus
36,Vampyressa thyone
37,Anguilla mossambica
37,Anhinga anhinga
37,Apaloderma narina
37,Calomys laucha
37,Camarhynchus pauper
37,Graphiurus murinus
37,Jacana spinosa
37,Larus occidentalis
37,Lycodon meridionalis
37,Mellivora capensis
37,Sarcoramphus papa
37,Streptoprocne zonaris
37,Thamnophilus nigrocinereus
37,Trimeresurus purpureomaculatus
37,Vormela peregusna
37,Xiphirhynchus superciliaris
38,Basilichthys microlepidotus
38,Calidris alpina
38,Dinomys branickii
38,Hebius sauteri
38,Hemignathus stejnegeri
38,Larus michahellis
38,Leopardus jacobita
38,Lethrinus harak
38,Nyctibius grandis
38,Ochotona macrotis
38,Oligodon albocinctus
38,Oligodon lacroixi
38,Priodontes maximus
38,Rhabdophis guangdongensis
38,Scotophilus heathii
39,Alexandromys middendorffii
39,Ardenna grisea
39,Artibeus intermedius
39,Babyrousa babyrussa
39,Chelidonichthys lucernus
39,Colobus polykomos
39,Hemignathus flavus
39,Hipposideros pratti
39,Melamprosops phaeosoma
39,Pogonocichla stellata
39,Psophia crepitans
39,Pungitius platygaster
39,Rallus limicola
39,Sminthopsis douglasi
39,Symphysodon haraldi
39,Thamnaconus modestus
39,Trematocara nigrifrons
39,Urocitellus brunneus
40,Anthropoides paradiseus
40,Brienomyrus brachyistius
40,Bucco macrodactylus
40,Camarhynchus pallidus
40,Centropristis striata
40,Cephalorhynchus commersonii
40,Ctenomys boliviensis
40,Cuniculus taczanowskii
40,Dasypus kappleri
40,Eudontomyzon morii
40,Furipterus horrens
40,Galictis vittata
40,Gonyosoma boulengeri
40,Limia vittata
40,Lycodichthys dearborni
40,Microtus richardsoni
40,Myzopoda aurita
40,Opisthotropis maculosa
40,Planigale gilesi
40,Pseudonestor xanthophrys
40,Rhinoclemmys pulcherrima
41,Acrossocheilus fasciatus
41,Camarhynchus parvulus
41,Cynotilapia pulpican
41,Falco mexicanus
41,Lonchorhina aurita
41,Lontra felina
41,Macaca nigrescens
41,Micropterus henshalli
41,Mormoops megalophylla
41,Mugilogobius abei
41,Oryzias marmoratus
41,Pachycara brachycephalum
41,Prodotiscus insignis
41,Pseudelaphe flavirufa
41,Regalecus glesne
41,Sebastes atrovirens
41,Stylodipus telum
41,Triaenodon obesus
42,Callipepla gambelii
42,Chelodina longicollis
42,Cricetomys gambianus
42,Echimys chrysurus
42,Elanoides forficatus
42,Erinaceus amurensis
42,Euaegotheles insignis
42,Iberochondrostoma almacai
42,Lycalopex culpaeus
42,Megaderma spasma
42,Megapodius eremita
42,Neolamprologus prochilus
42,Perameles bougainville
42,Petromus typicus
42,Platyrrhinus lineatus
42,Podiceps auritus
42,Profelis aurata
42,Rhinonicteris aurantia
42,Sillago ciliata
42,Smithornis rufolateralis
42,Totoaba macdonaldi
42,Xenopus mellotropicalis
43,Amazona oratrix
43,Amblycirrhitus pinos
43,Anser erythropus
43,Ariopsis felis
43,Artibeus fimbriatus
43,Calamaria pavimentata
43,Chasmistes brevirostris
43,Eulemur flavifrons
43,Gobius niger
43,Oscaecilia ochrocephala
43,Pelusios subniger
43,Plecturocebus donacophilus
43,Pseudemys nelsoni
43,Rhinolophus creaghi
43,Schizothorax davidi
43,Strix occidentalis
43,Urocitellus richardsonii
43,Xiphophorus nigrensis
44,Antechinus stuartii
44,Aramus guarauna
44,Bogertophis subocularis
44,Catostomus clarkii
44,Chiromyscus chiropus
44,Hebius octolineatum
44,Hebius optatum
44,Lagocephalus lagocephalus
44,Leuciscus idus
44,Lycodon semicarinatus
44,Lythrurus umbratilis
44,Macaca ochreata
44,Notothenia angustata
44,Platyspiza crassirostris
44,Pleurogrammus azonus
44,Ptyas nigromarginata
44,Rhabdophis leonardi
44,Sapajus xanthosternos
44,Scombrolabrax heterolepis
44,Serinus albogularis
44,Sinocyclocheilus furcodorsalis
44,Sotalia fluviatilis
44,Sphyraena sphyraena
44,Sus celebensis
45,Aepyprymnus rufescens
45,Anodonthyla boulengerii
45,Cyphotilapia gibberosa
45,Dasykaluta rosamondae
45,Dendrelaphis pictus
45,Dryophytes cinereus
45,Epinephelus aeneus
45,Gallinago gallinago
45,Hebius venningi
45,Heterotilapia buttikoferi
45,Hipposideros galeritus
45,Hoplostethus atlanticus
45,Hydrochoerus hydrochaeris
45,Jynx ruficollis
45,Lampropeltis mexicana
45,Mesophylla macconnelli
45,Microtus socialis
45,Mitsukurina owstoni
45,Neolamprologus caudopunctatus
45,Octodontomys gliroides
45,Oligodon fasciolatus
45,Opisthotropis laui
45,Pluvialis squatarola
45,Pycnonotus melanicterus
45,Serinus dorsostriatus
46,Alethe castanea
46,Dacelo novaeguineae
46,Eryx tataricus
46,Glyphonycteris daviesi
46,Herpetotheres cachinnans
46,Hypsiprymnodon moschatus
46,Lampropeltis alterna
46,Mustela altaica
46,Oryzias celebensis
46,Plectorhinchus mediterraneus
46,Pseudantechinus bilarni
46,Sula leucogaster
46,Tupaia minor
47,Alburnus tarichi
47,Chaetophractus vellerosus
47,Coryphaena equiselis
47,Dasycercus cristicauda
47,Dasyuroides byrnei
47,Eudocimus albus
47,Fukomys anselli
47,Hebius popei
47,Hydrophis hardwickii
47,Lycodon fasciatus
47,Mogera insularis
47,Murexia longicaudata
47,Oligodon formosanus
47,Paratriaenops furculus
47,Picathartes gymnocephalus
47,Pituophis lineaticollis
47,Protobothrops xiangchengensis
47,Pseudoxenodon karlschmidti
47,Pteronotus quadridens
47,Rypticus saponaceus
47,Thalassoma bifasciatum
47,Tupaia tana
47,Uropsilus investigator
48,Barbodes lateristriga
48,Brachylagus idahoensis
48,Capros aper
48,Erethizon dorsatum
48,Glyptosternon maculatum
48,Lagenorhynchus acutus
48,Lutjanus guttatus
48,Megachasma pelagios
48,Phyllostomus elongatus
48,Plagiopholis styani
48,Rhombomys opimus
48,Senticolis triaspis
48,Tragulus javanicus
48,Trichogaster fasciata
49,Alouatta sara
49,Cacatua sulphurea
49,Chionomys gud
49,Elaphe anomala
49,Gloydius monticola
49,Grammatotria lemairii
49,Lutra sumatrana
49,Mugilogobius chulae
49,Paradactylodon mustersi
49,Phascolosorex dorsalis
49,Pteropus hypomelanus
49,Rhynochetos jubatus
49,Rousettus amplexicaudatus
49,Silurus lanzhouensis
49,Sphoeroides annulatus
49,Tautogolabrus adspersus
49,Trematochromis benthicola
49,Zoarces viviparus
50,Aglaiocercus kingi
50,Altolamprologus calvus
50,Arctocephalus australis
50,Balaenoptera brydei
50,Bombycilla garrulus
50,Chloroceryle aenea
50,Colibri coruscans
50,Ctenodactylus gundi
50,Ectophylla alba
50,Eremopsaltria mongolica
50,Eubalaena japonica
50,Heliornis fulica
50,Lycalopex sechurae
50,Mionectes macconnelli
50,Neolamprologus tetracanthus
50,Phyllostomus hastatus
50,Rhodeus uyekii
50,Salmo marmoratus
50,Sebastes serranoides
50,Sphyraena putnamae
50,Spondyliosoma cantharus
50,Symphysodon aequifasciata
50,Tolypeutes matacus
51,Bitis gabonica
51,Boiga multomaculata
51,Capito niger
51,Crotalus mitchellii
51,Diaemus youngi
51,Lagenodelphis hosei
51,Oreomystis bairdi
51,Pholis gunnellus
51,Porphyrio porphyrio
51,Protobothrops trungkhanhensis
51,Pseudogyrinocheilus prochilus
51,Scytalopus magellanicus
51,Sturnira magna
51,Tachysurus ussuriensis
51,Zaedyus pichiy
52,Aptychotrema vincentiana
52,Coregonus maraena
52,Glaucomys volans
52,Gloydius liupanensis
52,Gracula religiosa
52,Heterohyrax brucei
52,Indostomus paradoxus
52,Jaculus blanfordi
52,Lamna ditropis
52,Leptonycteris yerbabuenae
52,Loxops caeruleirostris
52,Natalus stramineus
52,Neochromis rufocaudalis
52,Pseudoplatystoma reticulatum
53,Anourosorex yamashinai
53,Catostomus ardens
53,Certhidea olivacea
53,Erinaceus concolor
53,Gloydius lijianlii
53,Haplochromis sauvagei
53,Larus crassirostris
53,Lutjanus sebae
53,Megalaima virens
53,Microtus miurus
53,Pseudocarcharias kamoharai
53,Pseudochondrostoma duriense
53,Pteronotus gymnonotus
53,Rhynchonycteris naso
53,Speothos venaticus
54,Ammospermophilus leucurus
54,Balaeniceps rex
54,Cabassous unicinctus
54,Calidris canutus
54,Canis simensis
54,Cygnus cygnus
54,Eulemur albifrons
54,Girella punctata
54,Haplochromis chilotes
54,Himatione sanguinea
54,Hynobius retardatus
54,Leopardus guigna
54,Macaca maura
54,Mustela nigripes
54,Podargus strigoides
54,Protobothrops dabieshanensis
54,Przewalskium albirostris
54,Pseudolabrus sieboldi
54,Stumpffia pygmaea
54,Tympanoctomys barrerae
55,Anoura caudifer
55,Balearica pavonina
55,Blarinella griselda
55,Callorhinchus callorynchus
55,Centropus grillii
55,Civettictis civetta
55,Cygnus atratus
55,Eptatretus atami
55,Euchoreutes naso
55,Geotrygon montana
55,Gobiomorus dormitor
55,Grus carunculatus
55,Hebius metusium
55,Lutjanus sanguineus
55,Macaca hecki
55,Melanochromis auratus
55,Microtus guentheri
55,Ochotona erythrotis
55,Parophrys vetulus
55,Phylloscopus sibilatrix
55,Psammodynastes pulverulentus
55,Pseudoxiphophorus jonesii
55,Rhinolophus euryale
55,Spinachia spinachia
55,Spinibarbus hollandi
55,Thermophis shangrila
55,Trimeresurus sichuanensis
56,Achalinus meiguensis
56,Cephaloscyllium umbratile
56,Citharus linguatula
56,Cyphotilapia frontosa
56,Echymipera rufescens
56,Gonyosoma frenatum
56,Gyps fulvus
56,Hesperiphona vespertina
56,Lycodon liuchengchaoi
56,Morus bassanus
56,Paradoxornis verreauxi
56,Paroreomyza montana
56,Pomacentrus moluccensis
56,Ptyas multicinctus
56,Sebastes inermis
56,Sturnira ludovici
56,Tyrannus tyrannus
57,Atelerix albiventris
57,Caluromys philander
57,Chanodichthys ilishaeformis
57,Crax alector
57,Haemulon aurolineatum
57,Lasiopodomys mandarinus
57,Luvarus imperialis
57,Menidia beryllina
57,Oceanites oceanicus
57,Oxyura jamaicensis
57,Tragelaphus spekii
58,Aptenodytes patagonicus
58,Artibeus cinereus
58,Batrachoseps robustus
58,Cacatua moluccensis
58,Carpodacus roseus
58,Catostomus platyrhynchus
58,Felis margarita
58,Haemorhous cassinii
58,Loxops mana
58,Mordacia mordax
58,Opisthotropis shenzhenensis
58,Oryzias luzonensis
58,Platax orbicularis
58,Rhinopithecus avunculus
58,Stercorarius parasiticus
58,Thamnophis elegans
58,Thorius troglodytes
58,Triacanthodes anomalus
58,Trogon personatus
59,Anomalopteryx didiformis
59,Astyanax bockmanni
59,Centrochelys sulcata
59,Chrotopterus auritus
59,Elaphe bimaculata
59,Fistularia petimba
59,Geoemyda spengleri
59,Larus marinus
59,Litoria caerulea
59,Lophius budegassa
59,Manis crassicaudata
59,Neolamprologus modestus
59,Onychomys leucogaster
59,Prionailurus rubiginosus
59,Pseudoxenodon bambusicola
59,Pseudoxenodon stejnegeri
59,Rhinolophus marshalli
59,Scalopus aquaticus
59,Tetronarce californica
59,Todus angustirostris
59,Trimeresurus yunnanensis
60,Aotus nigriceps
60,Chauna torquata
60,Coccyzus americanus
60,Felis nigripes
60,Indicator maculatus
60,Lampropeltis elapsoides
60,Ocyurus chrysurus
60,Pituophis melanoleucus
60,Pomatorhinus musicus
60,Potamochoerus porcus
60,Protobothrops cornutus
60,Psammomys obesus
60,Pteronura brasiliensis
60,Scapanus orarius
60,Scarus iseri
60,Tonatia saurophila
60,Trinectes maculatus
60,Tylonycteris pachypus
61,Anser indicus
61,Antrozous pallidus
61,Cerdocyon thous
61,Chrysiptera cyanea
61,Dasyatis akajei
61,Galictis cuja
61,Garrulax taewanus
61,Hynobius nigrescens
61,Lonchura punctulata
61,Lophocebus albigena
61,Mirounga leonina
61,Morone americana
61,Mustela eversmannii
61,Paralichthys lethostigma
61,Phodilus badius
61,Phreatichthys andruzzii
61,Pseudohynobius puxiongensis
61,Rhabdophis subminiatus
61,Rhinolophus paradoxolophus
61,Squalius torgalensis
62,Ardea herodias
62,Garrulax sannio
62,Himantopus himantopus
62,Julidochromis ornatus
62,Manis gigantea
62,Muntiacus vaginalis
62,Mustela lutreola
62,Pagetopsis macropterus
62,Phoenicopterus chilensis
62,Potos flavus
62,Sminthopsis macroura
62,Thermophis zhaoermii
62,Xenotilapia spiloptera
63,Anomalurus beecrofti
63,Austrolebias charrua
63,Bradypus pygmaeus
63,Chrysopelea ornata
63,Coelognathus radiatus
63,Ctenophorus ornatus
63,Euprepiophis perlacea
63,Geospiza difficilis
63,Geospiza magnirostris
63,Gloydius blomhoffii
63,Gnathochromis permaxillaris
63,Hebius vibakari
63,Howella brodiei
63,Hynobius guabangshanensis
63,Limanda limanda
63,Luciobarbus capito
63,Myrrophis chinensis
63,Oligodon ornatus
63,Ostracion cubicus
63,Otaria byronia
63,Parajulis poecilepterus
63,Phodopus campbelli
63,Spinibarbus denticulatus
63,Stereocyclops incrassatus
63,Synanceia verrucosa
63,Tragulus napu
64,Allactaga sibirica
64,Alopias vulpinus
64,Ara ararauna
64,Boleophthalmus boddarti
64,Caprimulgus longirostris
64,Elaphe dione
64,Episoriculus fumidus
64,Hemibarbus mylodon
64,Lutjanus erythropterus
64,Ochotona forresti
64,Opisthotropis cheni
64,Pagrus pagrus
64,Parascaptor leucura
64,Pseudohynobius shuichengensis
64,Scophthalmus rhombus
64,Vestiaria coccinea
64,Xenopus petersii
65,Alexandromys mongolicus
65,Ateles paniscus
65,Dascyllus trimaculatus
65,Gramma loreto
65,Hexaprotodon liberiensis
65,Liophryne schlaginhaufeni
65,Mylodon darwinii
65,Onychodactylus zhangyapingi
65,Ovophis zayuensis
65,Paralichthys dentatus
65,Parantechinus apicalis
65,Vidua chalybeata
66,Aspidoscelis inornatus
66,Belonesox belizanus
66,Gekko hokouensis
66,Lontra canadensis
66,Mycteria americana
66,Odontesthes hatcheri
66,Okapia johnstoni
66,Rhinolophus luctus
66,Sinomicrurus kelloggi
66,Urotrichus talpoides
67,Dibamus bourreti
67,Hypomesus transpacificus
67,Lasiopodomys brandtii
67,Lepidosiren paradoxa
67,Mesoplodon bidens
67,Mogera imaizumii
67,Nerodia fasciata
67,Neurotrichus gibbsii
67,Oligodon chinensis
67,Psittacula krameri
67,Sagittarius serpentarius
67,Talpa altaica
68,Boiga kraepelini
68,Chaetophractus villosus
68,Euroscaptor longirostris
68,Gnathochromis pfefferi
68,Limnochromis abeelei
68,Lutjanus peru
68,Mullus surmuletus
68,Pedetes capensis
68,Squalius aradensis
69,Argyrosomus regius
69,Callithrix penicillata
69,Haplotaxodon microlepis
69,Lagenorhynchus albirostris
69,Luciobrama macrocephalus
69,Pusa sibirica
69,Pygathrix cinerea
69,Sternotherus carinatus
69,Varecia rubra
70,Anthus trivialis
70,Arctonyx collaris
70,Carcharhinus amblyrhynchos
70,Hsunycteris thomasi
70,Karsenia koreana
70,Leptailurus serval
70,Lobodon carcinophaga
70,Myotis laniger
70,Nasua nasua
70,Paracheirodon axelrodi
70,Phoca fasciata
70,Podocnemis unifilis
70,Pseudohynobius flavomaculatus
70,Saguinus midas
70,Scaptonyx fusicaudus
71,Aulonocranus dewindti
71,Canis adustus
71,Caracal caracal
71,Carollia castanea
71,Conepatus chinga
71,Dicamptodon aterrimus
71,Feresa attenuata
71,Momotus momota
71,Ovophis tonkinensis
71,Rhizomys pruinosus
71,Tetraodon fluviatilis
72,Cichlasoma dimerus
72,Lobochilotes labiatus
72,Manis tetradactyla
72,Meles anakuma
72,Otidiphaps nobilis
72,Pantholops hodgsonii
72,Platanista minor
72,Plethodon asupak
72,Pteronotus davyi
73,Altolamprologus compressiceps
73,Brachyphylla cavernarum
73,Cryptoprocta ferox
73,Microhyla ornata
73,Nomascus concolor
73,Oocatochus rufodorsatus
73,Sorex unguiculatus
73,Staurotypus triporcatus
73,Uragus sibiricus
74,Amazona farinosa
74,Bothrops moojeni
74,Cercopithecus diana
74,Clarias fuscus
74,Cryodraco antarcticus
74,Dentex dentex
74,Dryocopus pileatus
74,Hypsiglena torquata
74,Loxops coccineus
74,Microtus maximowiczii
74,Nandinia binotata
74,Otocolobus manul
74,Pseudacris regilla
74,Pusa caspica
74,Rhamphochromis esox
74,Rita rita
74,Sinonatrix percarinata
74,Vicugna vicugna
75,Aphanopus carbo
75,Balaenoptera edeni
75,Bos primigenius
75,Emberiza bruniceps
75,Gastrotheca weinlandii
75,Gavia immer
75,Hyaena hyaena
75,Leptopelis parkeri
75,Opsanus beta
75,Pareas boulengeri
75,Propithecus verreauxi
75,Sciurus niger
75,Scomberomorus niphonius
75,Sibynophis collaris
75,Tor tambroides
76,Apteryx haastii
76,Catostomus discobolus
76,Dasyurus geoffroii
76,Equus kiang
76,Gobionotothen gibberifrons
76,Melogale moschata
76,Microgale brevicaudata
76,Pelecanus occidentalis
76,Plethodon dunni
76,Rostratula benghalensis
76,Scaphirhynchus albus
76,Sphoeroides nephelus
76,Talpa occidentalis
76,Trachinotus blochii
77,Bubo scandiacus
77,Chloris chloris
77,Cratogeomys castanops
77,Deirochelys reticularia
77,Eulemur rufus
77,Limosa limosa
77,Phaethon rubricauda
77,Rhogeessa tumida
78,Cirrhinus molitorella
78,Cobitis choii
78,Galbula albirostris
78,Glyptemys insculpta
78,Hydrurga leptonyx
78,Neotoma fuscipes
78,Opisthotropis kuatunensis
78,Peponocephala electra
78,Pogoniulus bilineatus
78,Ranodon sibiricus
78,Regulus calendula
78,Rhynchocyon petersi
78,Sternopygus macrurus
78,Uropsilus atronates
78,Xenopeltis hainanensis
79,Alburnoides bipunctatus
79,Anseranas semipalmata
79,Callochromis macrops
79,Carcharhinus leucas
79,Euphractus sexcinctus
79,Lepidiolamprologus elongatus
79,Leucosticte brandti
79,Onychostoma macrolepis
79,Opisthotropis maxwelli
79,Porichthys notatus
79,Sylvilagus bachmani
79,Tadarida teniotis
80,Acipenser persicus
80,Carettochelys insculpta
80,Fringilla montifringilla
80,Halichoeres trimaculatus
80,Mastomys coucha
80,Phocoenoides dalli
80,Protopterus aethiopicus
80,Pseudantechinus macdonnellensis
80,Pseudochondrostoma polylepis
81,Achirus lineatus
81,Aneides aeneus
81,Bathybates graueri
81,Chrysocyon brachyurus
81,Cygnus columbianus
81,Emberiza melanocephala
81,Erignathus barbatus
81,Euroscaptor parvidens
81,Jacana jacana
81,Micronycteris megalotis
81,Mugil incilis
81,Mystacina tuberculata
81,Opisthotropis guangxiensis
81,Tanakia koreensis
81,Trachurus japonicus
82,Alburnus alburnus
82,Centropomus undecimalis
82,Hydrodamalis gigas
82,Kuhlia mugil
82,Opisthotropis lateralis
82,Procypris rabaudi
82,Pseudoxenodon macrops
82,Xenochrophis flavipunctatus
83,Allenopithecus nigroviridis
83,Amphiprion melanopus
83,Eubalaena glacialis
83,Hemignathus virens
83,Hylomys suillus
83,Mantophryne lateralis
83,Micropogonias undulatus
83,Osphronemus goramy
83,Rhinoceros unicornis
83,Rhinophylla pumilio
83,Spea bombifrons
83,Tarsipes rostratus
84,Acomys wilsoni
84,Catopuma badia
84,Chimarrogale platycephalus
84,Columbina passerina
84,Lutrogale perspicillata
84,Menura novaehollandiae
84,Nyctalus noctula
84,Orcaella heinsohni
84,Pygoscelis papua
84,Scaphiopus holbrookii
84,Serranochromis macrocephalus
84,Thryonomys swinderianus
84,Uropsilus gracilis
84,Variabilichromis moorii
85,Achalinus spinalis
85,Anaxyrus americanus
85,Asellia tridens
85,Barbodes binotatus
85,Callulops wilhelmanus
85,Casuarius casuarius
85,Chondrostoma nasus
85,Hemidactylus flaviviridis
85,Hipposideros commersoni
85,Rana japonica
85,Rhinopoma hardwickii
85,Trachypithecus obscurus
85,Vulpes zerda
86,Atractosteus tropicus
86,Callithrix kuhlii
86,Canis mesomelas
86,Capromys pilorides
86,Epinephelus awoara
86,Gymnocephalus cernua
86,Hebius craspedogaster
86,Lontra longicaudis
86,Malacoptila fusca
86,Opisthotropis andersonii
86,Pareas margaritophorus
86,Petropedetes euskircheni
86,Tylochromis polylepis
87,Astronotus ocellatus
87,Dormitator latifrons
87,Hyloscirtus lindae
87,Isoodon obesulus
87,Mauremys japonica
87,Microtus duodecimcostatus
87,Nibea albiflora
87,Ovis dalli
87,Oxyeleotris marmorata
87,Pseudocrenilabrus philander
87,Siganus canaliculatus
87,Siganus guttatus
87,Strabomantis sulcatus
87,Tilapia sparrmanii
88,Barbourula busuangensis
88,Cophixalus cheesmanae
88,Cystophora cristata
88,Dormitator maculatus
88,Elaphe schrenckii
88,Euprepiophis mandarinus
88,Hynobius amjiensis
88,Liua tsinpaensis
88,Microcanthus strigatus
88,Parachaenichthys charcoti
88,Plecturocebus cupreus
88,Tangara episcopus
88,Telmatobius macrostomus
89,Barycholos pulcher
89,Bradypus tridactylus
89,Buteo jamaicensis
89,Hylobates muelleri
89,Nannospalax judaei
89,Notomys alexis
89,Protobothrops maolanensis
89,Rentapia hosii
89,Scutiger gongshanensis
89,Stereochilus marginatus
90,Artibeus glaucus
90,Caenolestes fuliginosus
90,Clarias magur
90,Macropisthodon rudis
90,Miopithecus talapoin
90,Pardofelis marmorata
90,Phoebastria nigripes
90,Spea intermontana
91,Acrochordus granulatus
91,Alopias superciliosus
91,Antigone canadensis
91,Apalone ferox
91,Astylosternus diadematus
91,Bradypus torquatus
91,Cercocebus torquatus
91,Hyloxalus jacobuspetersi
91,Lycodon futsingensis
91,Poecilia vivipara
91,Pterophyllum scalare
91,Rana sierrae
91,Sillago japonica
91,Sinonatrix annularis
91,Syngnathus typhle
91,Trachidermus fasciatus
91,Xenopus poweri
92,Atelognathus reverberii
92,Boophis madagascariensis
92,Jaculus orientalis
92,Leopardus colocolo
92,Neomys fodiens
92,Proteles cristata
92,Ptyas korros
92,Sylvia communis
93,Hylobates pileatus
93,Hypsiscopus plumbea
93,Lanius collurio
93,Leopardus geoffroyi
93,Neolamprologus pulcher
93,Ochotona dauurica
93,Phlyctimantis boulengeri
93,Pterocnemia pennata
94,Anaecypris hispanica
94,Boselaphus tragocamelus
94,Cephalopachus bancanus
94,Cornufer pelewensis
94,Cyprinodon nevadensis
94,Epinephelus malabaricus
94,Genetta genetta
94,Napaeozapus insignis
94,Pleurodema somuncurensis
94,Polypterus ornatipinnis
94,Rana virgatipes
94,Turdus philomelos
95,Alectura lathami
95,Bolitoglossa rufescens
95,Choloepus didactylus
95,Ia io
95,Microtus pennsylvanicus
95,Ophthalmotilapia ventralis
95,Otophryne pyburni
95,Ptychadena oxyrhynchus
95,Spermophilus citellus
95,Steno bredanensis
95,Telestes souffia
95,Torpedo marmorata
95,Tropheus duboisi
96,Caperea marginata
96,Hypsiboas fasciatus
96,Isoodon macrourus
96,Microtus lusitanicus
96,Plagiopholis blakewayi
96,Pleuragramma antarctica
96,Puntigrus tetrazona
96,Python molurus
96,Rucervus duvaucelii
96,Sternotherus minor
96,Telmatobius vellardi
96,Uroderma bilobatum
97,Aubria subsigillata
97,Ciconia ciconia
97,Dama dama
97,Lycodon subcinctus
97,Macrotis lagotis
97,Niviventer excelsior
97,Pipa parva
97,Psenopsis anomala
97,Rhabdophis nuchalis
97,Rhodeus notatus
97,Rucervus eldii
97,Squalius carolitertii
98,Antilocapra americana
98,Arenaria interpres
98,Chelon auratus
98,Desmognathus wrighti
98,Gloydius intermedius
98,Larus argentatus
98,Leptodactylodon ovatus
98,Manis temminckii
98,Misgurnus mizolepis
98,Ptyas dhumnades
98,Typhlonectes natans
98,Xenopus fraseri
99,Cercopithecus wolfi
99,Felis chaus
99,Hemidactylus bowringii
99,Liurana xizangensis
99,Loxia curvirostra
99,Mola mola
99,Nyctibates corrugatus
99,Pontoporia blainvillei
99,Ptyas mucosa
99,Pusa hispida
99,Scardinius erythrophthalmus
99,Sminthopsis crassicaudata
99,Uria aalge
100,Amphiesma stolatum
100,Carcharias taurus
100,Dipodomys heermanni
100,Hyperolius bolifambae
100,Lampropeltis pyromelana
100,Leiocassis longirostris
100,Nomascus gabriellae
100,Ochetobius elongatus
100,Pareas hamptoni
100,Piaractus brachypomus
100,Piaractus mesopotamicus
100,Pristimantis thymelensis
100,Psittacus erithacus
101,Apteryx owenii
101,Batrachyla taeniata
101,Galemys pyrenaicus
101,Hebius boulengeri
101,Insuetophrynus acarpicus
101,Larus dominicanus
101,Leptodactylus albilabris
101,Leptolalax alpinus
101,Nyctimystes kubori
101,Oryzomys couesi
101,Pseudobranchus axanthus
101,Puma yagouaroundi
101,Python regius
101,Rana luteiventris
101,Rana sauteri
101,Seriola rivoliana
101,Silurus meridionalis
102,Eonycteris spelaea
102,Gekko swinhonis
102,Hydromantes italicus
102,Mixophyes coggeri
102,Oreocryptophis porphyraceus
102,Paradoxophyla palmata
102,Scapanulus oweni
102,Squalius alburnoides
102,Strix aluco
102,Tamias striatus
102,Tragelaphus eurycerus
103,Chloris sinica
103,Conraua crassipes
103,Diceros bicornis
103,Eleutherodactylus coqui
103,Fregata magnificens
103,Heterandria formosa
103,Labidochromis caeruleus
103,Potamotrygon motoro
104,Arthroleptis poecilonotus
104,Batrachyla leptopus
104,Breviceps macrops
104,Chiloscyllium plagiosum
104,Iberochondrostoma lusitanicum
104,Lethenteron reissneri
104,Megaderma lyra
104,Myrmotherula gularis
104,Otolemur crassicaudatus
104,Pantherophis obsoletus
104,Scaphiophryne boribory
104,Scaphiophryne marmorata
105,Carollia brevicauda
105,Chiasmocleis ventrimaculata
105,Hypodactylus brunneus
105,Lepilemur edwardsi
105,Leptobrachium chapaense
105,Mirounga angustirostris
105,Mustela frenata
105,Pithecia pithecia
105,Pseudhymenochirus merlini
105,Saguinus fuscicollis
105,Scotobleps gabonicus
106,Batrachuperus londongensis
106,Channa maculata
106,Chionomys nivalis
106,Heleophryne purcelli
106,Necturus beyeri
106,Odontophrynus occidentalis
106,Oryzias sinensis
106,Rhabdosargus sarba
106,Saccopteryx bilineata
107,Achondrostoma oligolepis
107,Anaxyrus canorus
107,Anguilla australis
107,Eretmodus cyanostictus
107,Globicephala melas
107,Muntiacus muntjak
107,Ovibos moschatus
107,Phascogale tapoatafa
107,Pituophis catenifer
108,Atherina boyeri
108,Balaenoptera bonaerensis
108,Calamaria septentrionalis
108,Epinephelus merra
108,Geotria australis
108,Limnodynastes salmini
108,Lycodon flavozonatus
108,Martes melampus
108,Myrmecophaga tridactyla
108,Myxocyprinus asiaticus
108,Notoryctes typhlops
108,Protopterus dolloi
108,Schizothorax oconnori
109,Acipenser sturio
109,Ceratophrys cornuta
109,Diplodus sargus
109,Glis glis
109,Glossophaga soricina
109,Hemidactylium scutatum
109,Hynobius chinensis
109,Liua shihi
109,Melursus ursinus
109,Phyllonycteris poeyi
109,Pseudoxiphophorus bimaculatus
109,Tapirus terrestris
110,Aplastodiscus perviridis
110,Boulengerochromis microlepis
110,Eulemur macaco
110,Lycodon synaptor
110,Odontobatrachus natator
110,Pseudis paradoxa
110,Rhinoderma darwinii
110,Scutiger boulengeri
110,Tachysurus vachellii
111,Chaerephon plicatus
111,Huso dauricus
111,Ochotona hyperborea
111,Triakis scyllium
112,Crotalus pyrrhus
112,Delomys sublineatus
112,Lycaon pictus
112,Melanophryniscus stelzneri
112,Physalaemus cuvieri
112,Pleurodema thaul
112,Schismaderma carens
112,Spilogale putorius
113,Balaenoptera borealis
113,Barbonymus schwanefeldii
113,Epinephelus lanceolatus
113,Gillichthys seta
113,Laticauda semifasciata
113,Macaca nigra
113,Oreolalax jingdongensis
113,Parahyaena brunnea
113,Perissodus microlepis
113,Platichthys stellatus
113,Prionailurus viverrinus
113,Rhinolophus rex
113,Takifugu alboplumbeus
114,Acipenser transmontanus
114,Aphanius fasciatus
114,Beryx splendens
114,Ctenochromis horei
114,Eudromia elegans
114,Kalophrynus pleurostigma
114,Leontopithecus rosalia
114,Osteoglossum bicirrhosum
114,Phrynobatrachus natalensis
114,Prolemur simus
114,Ranitomeya imitator
114,Sphyraena barracuda
115,Buergeria oxycephala
115,Chiloscyllium punctatum
115,Clarias macrocephalus
115,Cuon alpinus
115,Eubalaena australis
115,Gastrophryne olivacea
115,Lithodytes lineatus
115,Miniopterus fuliginosus
115,Myocastor coypus
115,Rana boylii
116,Chionodraco rastrospinosus
116,Eurycea bislineata
116,Parachondrostoma toxostoma
116,Pelophylax lessonae
116,Scotophilus kuhlii
117,Aotus vociferans
117,Campylomormyrus compressirostris
117,Hynobius kimurae
117,Potorous tridactylus
117,Pseudoeurycea leprosa
118,Choloepus hoffmanni
118,Crocidura dsinezumi
118,Lepisosteus platyrhincus
118,Mus cookii
118,Phyllomedusa tomopterna
118,Solenodon paradoxus
118,Thunnus maccoyii
118,Xenocypris argentea
119,Callulina kreffti
119,Champsocephalus gunnari
119,Etroplus suratensis
119,Pipa pipa
119,Taxidea taxus
119,Urva javanica
120,Acanthurus triostegus
120,Calyptocephallela gayi
120,Iguana iguana
120,Lama guanicoe
120,Macaca tonkeana
120,Myrmecobius fasciatus
120,Ochotona thibetana
120,Onychodactylus fischeri
120,Puntius sophore
120,Tylototriton asperrimus
121,Ahaetulla prasina
121,Barbus barbus
121,Bos gaurus
121,Crinia signifera
121,Hydrophis cyanocinctus
121,Kurixalus odontotarsus
121,Martes martes
121,Megophrys feae
121,Meles leucurus
121,Pelobates syriacus
122,Aneides hardii
122,Elachistocleis ovalis
122,Gloydius saxatilis
122,Incilius valliceps
122,Inia geoffrensis
122,Lutjanus argentimaculatus
122,Mene maculata
122,Muscardinus avellanarius
122,Panthera uncia
122,Phacochoerus africanus
122,Xenopus epitropicalis
123,Alsodes gargola
123,Carduelis carduelis
123,Cynops orientalis
123,Lepisosteus osseus
123,Martes foina
123,Thermophis baileyi
123,Trachurus trachurus
124,Dendrocolaptes certhia
124,Lepidochelys olivacea
124,Pomatomus saltatrix
125,Coccothraustes coccothraustes
125,Cromileptes altivelis
125,Huso huso
125,Hynobius leechii
125,Iberochondrostoma lemmingii
125,Lepomis gibbosus
125,Phrynomantis microps
126,Antilope cervicapra
126,Craugastor augusti
126,Leopardus wiedii
126,Macaca sylvanus
126,Plethodon jordani
127,Barbonymus gonionotus
128,Amietia lubrica
128,Aonyx cinereus
128,Cylindrophis ruffus
128,Sorex caecutiens
129,Daboia siamensis
129,Leopardus tigrinus
129,Proteus anguinus
129,Salminus brasiliensis
130,Alopias pelagicus
130,Elaphe taeniura
130,Uropsilus soricipes
131,Gambusia holbrooki
131,Macroscelides proboscideus
132,Cemophora coccinea
132,Hucho taimen
132,Lamprologus callipterus
132,Malurus melanocephalus
132,Microtus levis
132,Peltophryne peltocephalus
132,Protobothrops tokarensis
133,Achalinus rufescens
133,Equus zebra
133,Upupa epops
134,Balaenoptera musculus
134,Canis aureus
134,Kaloula conjuncta
134,Microtus fortis
134,Trimeresurus popeiorum
135,Alouatta caraya
135,Gloydius shedaoensis
135,Hyla chinensis
135,Planiliza haematocheilus
135,Schizothorax prenanti
135,Scyliorhinus torazame
135,Thymallus arcticus
136,Alouatta seniculus
136,Gastrotheca pseustes
136,Noctilio leporinus
136,Ovis ammon
136,Paleosuchus palpebrosus
136,Protobothrops elegans
136,Sander lucioperca
137,Apodemus uralensis
137,Buergeria buergeri
137,Cynops ensicauda
137,Equus grevyi
137,Oryzorictes hova
137,Pagothenia borchgrevinki
137,Pantherophis guttatus
137,Prunella modularis
137,Tadarida brasiliensis
137,Testudo hermanni
138,Aglyptodactylus madagascariensis
138,Amolops ricketti
138,Batrachuperus karlschmidti
138,Giraffa camelopardalis
138,Hipposideros larvatus
138,Lophura nycthemera
138,Oryzias dancena
138,Scinax ruber
139,Amphiuma means
139,Anguilla marmorata
139,Callimico goeldii
139,Myotis myotis
139,Pelodytes ibericus
139,Pteropus rayneri
140,Anguilla bicolor
140,Cyclopes didactylus
140,Heterodon platirhinos
140,Lycodon rufozonatus
140,Martes flavigula
140,Ovophis monticola
140,Pelophylax esculentus
140,Xenophrys omeimontis
141,Eleginops maclovinus
141,Pseudoplatystoma corruscans
141,Rhinolophus pusillus
142,Chaenocephalus aceratus
142,Cyprichromis leptosoma
142,Eudyptula minor
142,Eulemur mongoz
142,Gobio gobio
142,Tinca tinca
143,Ateles fusciceps
143,Martes pennanti
143,Mogera wogura
144,Aselliscus stoliczkanus
145,Crocodylus palustris
146,Amazona ochrocephala
146,Cricetulus migratorius
146,Hylobates klossii
146,Lycodon ruhstrati
146,Megophrys microstoma
146,Rhinophrynus dorsalis
147,Arvicola amphibius
147,Catostomus commersonii
147,Rhyacotriton variegatus
148,Paradoxurus hermaphroditus
148,Taphozous melanopogon
149,Channa gachua
149,Dryomys nitedula
149,Kaloula pulchra
149,Lampropeltis calligaster
149,Microhyla heymonsi
149,Nannospalax ehrenbergi
149,Odontesthes bonariensis
149,Rana berlandieri
149,Sylvia atricapilla
149,Tribolodon brandtii
149,Trichobatrachus robustus
150,Certhia familiaris
150,Garrulus glandarius
150,Hydromantes shastae
150,Hynobius tokyoensis
150,Rhea americana
151,Apodemus latronum
151,Crossoptilon auritum
151,Elaphe carinata
151,Gloydius ussuriensis
151,Neodon irene
151,Noctilio albiventris
151,Ochotona cansus
151,Ptyas major
152,Blarina brevicauda
152,Coregonus clupeaformis
152,Neofelis nebulosa
153,Eretmochelys imbricata
153,Hylomantis lemur
154,Boreogadus saida
154,Dicerorhinus sumatrensis
154,Myxine glutinosa
154,Sinomicrurus macclellandi
154,Uropsilus nivatus
154,Viverricula indica
155,Perognathus flavus
156,Dyscophus antongilii
156,Tapirus indicus
157,Aotus trivirgatus
157,Cricetulus longicaudatus
157,Labeo calbasu
157,Macaca assamensis
157,Myotis ricketti
158,Limnonectes fujianensis
158,Platanista gangetica
158,Tupaia glis
159,Bufo japonicus
159,Chionodraco hamatus
159,Eulemur rubriventer
159,Gloydius strauchi
159,Thyroptera tricolor
160,Eublepharis macularius
160,Hippocampus abdominalis
160,Sylvirana latouchii
161,Myotis daubentonii
161,Phoca largha
161,Rana clamitans
161,Rhacophorus dennysi
161,Synallaxis ruficapilla
161,Tamandua tetradactyla
162,Equus hemionus
162,Indotyphlops braminus
162,Rana draytonii
162,Sebastes schlegelii
162,Sitta europaea
162,Strongylopus grayii
163,Chelydra serpentina
163,Hemisus marmoratus
163,Scaphiopus couchii
164,Hippocampus kuda
164,Oxyuranus scutellatus
164,Pyrrhula pyrrhula
165,Brachymystax lenok
165,Cheilinus undulatus
165,Pipistrellus abramus
166,Amblysomus hottentotus
166,Amphilophus citrinellus
166,Cetorhinus maximus
166,Crossoptilon mantchuricum
166,Thymallus thymallus
166,Trachypithecus francoisi
167,Isurus oxyrinchus
167,Macaca arctoides
167,Takifugu obscurus
168,Spea multiplicata
169,Dugong dugon
169,Oreochromis aureus
170,Aeorestes cinereus
170,Amphiprion clarkii
170,Urocitellus undulatus
170,Urocyon cinereoargenteus
171,Mephitis mephitis
171,Pleuronectes platessa
172,Dicrostonyx torquatus
172,Rugosa rugosa
172,Sibynophis chinensis
172,Troglodytes troglodytes
173,Ascaphus truei
173,Bradypus variegatus
173,Periparus ater
174,Craugastor fitzingeri
174,Crossoptilon harmani
174,Malaclemys terrapin
174,Sylvirana guentheri
174,Tenualosa ilisha
175,Anniella pulchra
175,Mauremys mutica
175,Rhinolophus macrotis
176,Emydura macquarii
176,Meriones meridianus
177,Elopichthys bambusa
177,Ficedula hypoleuca
177,Nyctereutes procyonoides
177,Xenopeltis unicolor
178,Colossoma macropomum
178,Microtus cabrerae
178,Sardina pilchardus
179,Anaxyrus punctatus
179,Crotalus adamanteus
179,Pantodon buchholzi
179,Schizothorax richardsonii
180,Bombina fortinuptialis
180,Sillago sihama
181,Gloydius halys
181,Notopterus notopterus
182,Amia calva
182,Ateles belzebuth
182,Panthera onca
183,Acipenser dabryanus
183,Ailurus fulgens
183,Xenopus largeni
184,Mugil curema
185,Batrachuperus yenyuanensis
185,Gorilla beringei
185,Hipposideros pomona
185,Lynx rufus
185,Nycticebus coucang
186,Artibeus lituratus
186,Dromiciops gliroides
186,Lepomis macrochirus
186,Polypedates megacephalus
186,Pseudopleuronectes americanus
187,Dipsosaurus dorsalis
187,Manis tricuspis
187,Regulus regulus
188,Laticauda colubrina
188,Polypterus senegalus
188,Tropheus moorii
189,Cairina moschata
189,Eremias argus
189,Mandrillus sphinx
189,Moschus moschiferus
189,Thunnus alalunga
190,Hapalemur griseus
190,Leiolepis reevesii
191,Salvelinus namaycush
192,Maxomys musschenbroekii
192,Pungitius laevis
192,Urocyon littoralis
193,Batrachuperus tibetanus
193,Dryophytes japonicus
193,Rhinolophus pearsonii
193,Sciaenops ocellatus
193,Spinus spinus
193,Xiphophorus hellerii
194,Acipenser sinensis
194,Scomber japonicus
195,Halichoerus grypus
196,Rhamdia quelen
196,Sceloporus undulatus
196,Siren intermedia
197,Anarhichas lupus
197,Apalone spinifera
197,Dendropsophus parviceps
197,Lutra lutra
197,Merluccius merluccius
197,Sebastiscus marmoratus
198,Eidolon helvum
198,Rhinolophus sinicus
199,Rhinolophus affinis
199,Vampyrodes caraccioli
200,Acanthogobius hasta
201,Engystomops pustulosus
202,Fulvetta ruficapilla
202,Lampetra fluviatilis
202,Opisthotropis latouchii
202,Scarturus elater
203,Eleutherodactylus planirostris
203,Hylobates agilis
203,Leopoldamys sabanus
203,Siniperca scherzeri
204,Elaphe quadrivirgata
204,Eschrichtius robustus
205,Aneides lugubris
205,Azemiops feae
205,Egretta eulophotes
206,Acris crepitans
206,Amolops loloensis
206,Gymnocypris przewalskii
206,Muntiacus reevesi
207,Manis pentadactyla
208,Bungarus fasciatus
208,Mustela itatsi
208,Tamias sibiricus
209,Canis latrans
209,Elaphurus davidianus
209,Leopardus pardalis
209,Lioparus chrysotis
209,Micropterus dolomieu
209,Salvelinus fontinalis
210,Squaliobarbus curriculus
210,Sylvilagus floridanus
210,Taphozous nudiventris
210,Xenopus victorianus
212,Lacerta agilis
212,Mustela erminea
213,Cirrhinus mrigala
214,Acipenser gueldenstaedtii
215,Actinemys pallida
215,Batrachuperus pinchonii
215,Channa punctata
215,Gymnocypris eckloni
215,Lampropeltis triangulum
217,Lasiopodomys gregalis
217,Squalius pyrenaicus
219,Coilia nasus
219,Discoglossus pictus
219,Eumops auripendulus
219,Fringilla coelebs
219,Rana dybowskii
219,Ursus americanus
220,Batrachoseps major
220,Carcharodon carcharias
220,Gillichthys mirabilis
220,Lophostoma silvicolum
220,Mauremys reevesii
221,Equus burchellii
221,Plectropomus leopardus
222,Acipenser oxyrinchus
222,Mastomys erythroleucus
223,Aotus azarai
223,Pseudorca crassidens
224,Ovophis okinavensis
224,Sturnira lilium
224,Triturus carnifex
225,Microtus longicaudus
225,Rhinocheilus lecontei
227,Cettia fortipes
227,Grampus griseus
227,Kogia breviceps
227,Morone saxatilis
228,Thunnus thynnus
228,Turdus merula
229,Chanos chanos
229,Erithacus rubecula
229,Tokudaia muenninki
230,Mustela sibirica
231,Apodemus speciosus
231,Epinephelus fuscoguttatus
231,Otospermophilus beecheyi
231,Procavia capensis
231,Quasipaa spinosa
232,Phodopus sungorus
233,Latimeria menadoensis
234,Aegithalos caudatus
235,Moschus berezovskii
236,Passer montanus
237,Crocuta crocuta
237,Masticophis flagellum
238,Eurycea cirrigera
238,Pecari tajacu
239,Corvus macrorhynchos
239,Kogia sima
239,Mustela nivalis
240,Calotes versicolor
240,Cebus albifrons
240,Corvus splendens
241,Hoplobatrachus tigerinus
241,Meles meles
241,Naja kaouthia
242,Phoca vitulina
243,Ambystoma tigrinum
243,Chelon labrosus
244,Crocodylus niloticus
244,Culter alburnus
244,Didelphis virginiana
245,Lynx lynx
245,Suncus murinus
246,Balaenoptera omurai
246,Pseudotriton ruber
246,Rhabdophis tigrinus
247,Crocodylus siamensis
248,Catopuma temminckii
249,Bostrychus sinensis
249,Cardinalis cardinalis
249,Perca fluviatilis
251,Pseudorasbora parva
252,Balaena mysticetus
252,Caretta caretta
252,Erythrocebus patas
253,Channa argus
253,Crotalus atrox
254,Arizona elegans
254,Microtus oeconomus
254,Phylloscopus collybita
255,Neoceratodus forsteri
256,Bufo bufo
256,Pareas formosensis
257,Daboia russelii
257,Rousettus leschenaultii
257,Sander vitreus
258,Eupsophus calcaratus
258,Nyctimene albiventer
258,Pampus argenteus
259,Pelophylax ridibundus
259,Thunnus orientalis
259,Trachops cirrhosus
260,Periophthalmus magnuspinnatus
260,Pungitius pungitius
260,Zacco platypus
260,Zapus hudsonius
261,Agalychnis callidryas
261,Coryphaena hippurus
262,Cricetus cricetus
262,Talpa europaea
262,Thomomys bottae
264,Delphinus delphis
264,Emballonura atrata
264,Prionailurus planiceps
265,Lateolabrax maculatus
266,Fejervarya limnocharis
267,Pandion haliaetus
268,Caiman crocodilus
268,Coregonus lavaretus
268,Odorrana schmackeri
268,Rana amurensis
268,Seriola quinqueradiata
268,Xenopus clivii
269,Cynopterus brachyotis
269,Delphinus capensis
269,Leptonycteris curasoae
269,Spizixos semitorques
270,Acipenser schrenckii
270,Laonastes aenigmamus
272,Epinephelus akaara
272,Eulemur fulvus
273,Buergeria japonica
273,Paramisgurnus dabryanus
274,Rhinella marina
276,Mylopharyngodon piceus
276,Osteocephalus taurinus
277,Heteropneustes fossilis
277,Sciurus vulgaris
280,Deinagkistrodon acutus
281,Vulpes lagopus
282,Hippoglossus hippoglossus
285,Phoca groenlandica
287,Phoxinus oxycephalus
288,Allobates femoralis
288,Daubentonia madagascariensis
288,Marmota monax
289,Peromyscus polionotus
290,Rana chensinensis
291,Leiopelma hochstetteri
291,Martes americana
291,Protobothrops jerdonii
291,Varecia variegata
294,Leucoraja erinacea
295,Aplodontia rufa
295,Gadus macrocephalus
296,Rachycentron canadum
297,Gloydius brevicaudus
300,Rana pipiens
301,Polyodon spathula
302,Desmognathus quadramaculatus
304,Labeo catla
305,Scomber scombrus
305,Ziphius cavirostris
306,Sapajus apella
307,Sturnira tildae
308,Bos frontalis
308,Chlorocebus pygerythrus
308,Pleurodeles waltl
308,Proceratophrys boiei
309,Acanthopagrus schlegelii
309,Coturnix coturnix
309,Lateolabrax japonicus
309,Saguinus labiatus
309,Squalius cephalus
310,Platichthys flesus
310,Xenopus gilli
311,Pagrus major
313,Epinephelus bruneus
314,Globicephala macrorhynchus
315,Crotalus scutulatus
315,Macaca fuscata
318,Cricetulus barabensis
318,Scatophagus argus
321,Alcippe morrisonia
321,Ichthyophis bannanicus
321,Syncerus caffer
326,Desmognathus fuscus
326,Miichthys miiuy
327,Leiothrix lutea
330,Tor putitora
331,Pimephales promelas
334,Myodes rufocanus
334,Phocoena phocoena
337,Colobus guereza
337,Hippopotamus amphibius
338,Capreolus capreolus
339,Mesoplodon densirostris
341,Gobiocypris rarus
341,Symphalangus syndactylus
343,Plethodon shermani
343,Trematomus bernacchii
344,Craseonycteris thonglongyai
345,Anser anser
345,Arctocephalus forsteri
345,Clarias gariepinus
345,Plecoglossus altivelis
345,Protopterus annectens
346,Phasianus colchicus
347,Microtus californicus
347,Neotrygon kuhlii
348,Batrachoseps attenuatus
348,Gadus chalcogrammus
349,Gehyra oceanica
349,Tanichthys albonubes
352,Rutilus rutilus
355,Carassius carassius
355,Carpodacus erythrinus
355,Platyrrhinus helleri
357,Rana sylvatica
358,Bungarus multicinctus
360,Megaptera novaeangliae
363,Ochotona curzoniae
364,Tursiops aduncus
365,Neovison vison
366,Tupaia belangeri
367,Elephas maximus
371,Lampropeltis getula
371,Pteropus giganteus
372,Eptatretus stoutii
374,Prionace glauca
376,Haemorhous mexicanus
377,Micropterus salmoides
378,Miniopterus schreibersii
378,Xiphias gladius
381,Duttaphrynus melanostictus
383,Dipus sagitta
384,Lagothrix lagotricha
386,Apodemus flavicollis
386,Oncorhynchus keta
388,Eospalax fontanierii
391,Sigmodon hispidus
392,Petaurus breviceps
393,Parus monticolus
394,Oplegnathus fasciatus
395,Bombina maxima
395,Saguinus oedipus
396,Microtus agrestis
396,Naja atra
400,Thunnus albacares
406,Notophthalmus viridescens
410,Salamandrella keyserlingii
410,Ursus thibetanus
414,Garrulax canorus
416,Trimeresurus albolabris
418,Vampyrum spectrum
421,Solea senegalensis
421,Squalus acanthias
421,Trachinotus ovatus
422,Alytes obstetricans
422,Stachyris ruficeps
429,Trichosurus vulpecula
432,Lepus capensis
438,Ateles geoffroyi
438,Takydromus septentrionalis
439,Acipenser baerii
450,Solea solea
451,Rhinolophus hipposideros
452,Felis silvestris
454,Plethodon cinereus
454,Stenella longirostris
455,Cheirogaleus medius
457,Bufo gargarizans
458,Sinosuthora alphonsiana
459,Stenella coeruleoalba
464,Martes zibellina
465,Oncorhynchus clarkii
466,Crossoptilon crossoptilon
467,Oncorhynchus masou
473,Sphenodon punctatus
474,Boa constrictor
478,Carollia perspicillata
478,Eurycea quadridigitata
478,Procyon lotor
490,Hypophthalmichthys nobilis
496,Niviventer confucianus
506,Plecturocebus moloch
508,Neophocaena phocaenoides
509,Channa striata
510,Cynops pyrrhogaster
515,Salamandra salamandra
516,Castor fiber
518,Acrocephalus arundinaceus
520,Mus spretus
529,Sebastes caurinus
532,Carassius gibelio
534,Trachemys scripta
536,Oreochromis mossambicus
536,Pteronotus parnellii
537,Bombina orientalis
545,Ambystoma mexicanum
547,Rana temporaria
548,Paradoxornis webbianus
549,Pelophylax nigromaculatus
551,Lemur catta
555,Papio hamadryas
559,Hylobates lar
559,Passer domesticus
564,Microtus arvalis
565,Podarcis siculus
576,Ensatina eschscholtzii
576,Saimiri sciureus
589,Rousettus lanosus
601,Hypophthalmichthys molitrix
605,Mugil cephalus
607,Pomatorhinus ruficollis
608,Clarias batrachus
610,Balaenoptera physalus
615,Eptatretus burgeri
628,Mastomys natalensis
628,Prionailurus bengalensis
632,Protobothrops flavoviridis
649,Pachyhynobius shangchengensis
652,Anoura geoffroyi
658,Anguilla japonica
669,Notamacropus eugenii
671,Scyliorhinus canicula
673,Panthera leo
683,Lepus europaeus
696,Uta stansburiana
699,Stenella attenuata
714,Xenopus borealis
733,Siniperca chuatsi
737,Cynopterus sphinx
756,Trimeresurus stejnegeri
761,Misgurnus anguillicaudatus
778,Papio cynocephalus
783,Rattus rattus
794,Artibeus jamaicensis
794,Cervus nippon
798,Ictalurus furcatus
832,Anguilla anguilla
840,Lethenteron camtschaticum
884,Megalobrama amblycephala
895,Rhinolophus ferrumequinum
924,Bos grunniens
943,Chlorocebus aethiops
1037,Lagopus lagopus
1039,Lama glama
1045,Andrias davidianus
1367,Anoplopoma fimbria
1449,Ginglymostoma cirratum
1571,Pongo pygmaeus
1613,Osmerus mordax
1763,Epinephelus coioides
1877,Ctenopharyngodon idella
1882,Myodes glareolus
1897,Heteronotia binoei
2291,Gasterosteus aculeatus
2664,Dicentrarchus labrax
2697,Petromyzon marinus
11395,Cathartes aura
11663,Podiceps cristatus
12143,Phoenicopterus ruber
16255,Amazona aestiva
16684,Geospiza fortis
17092,Melopsittacus undulatus
17160,Bagarius yarrelli
17167,Callipepla squamata
17222,Colinus virginianus
18075,Bambusicola thoracicus
18562,Ophiophagus hannah
19064,Erythrura gouldiae
19591,Gambusia affinis
19820,Gulo gulo
19922,Sousa chinensis
20146,Cervus elaphus
20156,Takifugu bimaculatus
21426,Nothoprocta perdicaria
21527,Oryzias javanicus
21633,Platysternon megacephalum
22301,Acipenser ruthenus
22645,Zosterops borbonicus
22907,Echinops telfairi
23004,Apteryx australis
23043,Limosa lapponica
23436,Protobothrops mucrosquamatus
23467,Puma concolor
23770,Anabarilius grahami
23899,Sorex araneus
24499,Neotoma lepida
24520,Gekko japonicus
24732,Patagioenas fasciata
24771,Nanorana parkeri
25099,Elephantulus edwardii
25122,Chrysochloris asiatica
25171,Haliaeetus leucocephalus
25213,Boleophthalmus pectinirostris
25476,Orycteropus afer
25494,Thamnophis sirtalis
25615,Jaculus jaculus
25694,Leptonychotes weddellii
25852,Ochotona princeps
26048,Phalacrocorax carbo
26189,Tyto alba
26413,Apaloderma vittatum
26564,Zonotrichia albicollis
26586,Gavia stellata
26604,Ficedula albicollis
26658,Merops nubicus
26666,Sturnus vulgaris
26795,Colius striatus
26796,Paroedura picta
26819,Chlamydotis macqueenii
26944,Pterocles gutturalis
26996,Lipotes vexillifer
27157,Buceros rhinoceros
27186,Eurypyga helias
27223,Scophthalmus maximus
27247,Gavialis gangeticus
27510,Pseudopodoces humilis
27670,Athene cunicularia
27716,Nestor notabilis
27718,Cariama cristata
27725,Opisthocomus hoazin
27805,Rhincodon typus
27963,Balearica regulorum
27974,Acanthisitta chloris
28035,Fulmarus glacialis
28182,Propithecus coquereli
28279,Neomonachus schauinslandi
28280,Orcinus orca
28383,Collichthys lucidus
28451,Tauraco erythrolophus
28478,Clupea harengus
28485,Pelecanus crispus
28492,Phaethon lepturus
28626,Tetraodon nigroviridis
28722,Leptosomus discolor
28822,Crocodylus porosus
28930,Ursus maritimus
28968,Picoides pubescens
29066,Camelus bactrianus
29124,Chaetura pelagica
29126,Condylura cristata
29144,Antrostomus carolinensis
29240,Dipodomys ordii
29262,Mesitornis unicolor
29307,Takifugu flavidus
29418,Erinaceus europaeus
29529,Corvus cornix
29638,Egretta garzetta
29723,Miniopterus natalensis
29808,Pygoscelis adeliae
29900,Rana catesbeiana
30265,Haliaeetus albicilla
30271,Sarcophilus harrisii
30309,Falco cherrug
30377,Serinus canaria
30405,Cuculus canorus
30419,Panthera tigris
30539,Desmodus rotundus
30597,Charadrius vociferus
30781,Calidris pugnax
30936,Marmota marmota
31179,Notechis scutatus
31210,Tinamus guttatus
31231,Falco peregrinus
31239,Lynx pardinus
31254,Neolamprologus brichardi
31350,Odobenus rosmarus
31375,Nipponia nippon
31398,Dromaius novaehollandiae
31512,Cyanistes caeruleus
31580,Stegastes partitus
31647,Pseudonaja textilis
32047,Galeopterus variegatus
32061,Anser cygnoides
32185,Notothenia coriiceps
32661,Python bivittatus
32721,Seriola dumerili
32798,Callorhinchus milii
32852,Aptenodytes forsteri
32887,Otolemur garnettii
32975,Phyllostomus discolor
33028,Carlito syrichta
33612,Vicugna pacos
33720,Ceratotherium simum
33888,Meleagris gallopavo
33914,Empidonax traillii
34226,Terrapene carolina
34288,Latimeria chalumnae
35199,Austrofundulus limnaeus
35266,Hirundo rustica
35333,Danionella translucida
35553,Anolis carolinensis
35636,Erpetoichthys calabaricus
35700,Bison bison
36322,Saimiri boliviensis
36383,Urocitellus parryii
36462,Marmota flaviventris
36473,Acanthochromis polyacanthus
36532,Enhydra lutris
36553,Cyprinodon variegatus
36585,Labrus bergylta
36712,Lepidothrix coronata
36903,Nothobranchius furzeri
36929,Microcaecilia unicolor
37197,Manacus vitellinus
37274,Rhinopithecus roxellana
37381,Castor canadensis
37391,Trichechus manatus
37467,Apteryx rowi
37508,Labeo rohita
37564,Paralichthys olivaceus
37654,Electrophorus electricus
37730,Cottoperca gobio
37792,Microtus ochrogaster
37817,Balaenoptera acutorostrata
37868,Mesocricetus auratus
38019,Myripristis murdjan
38030,Grammomys surdaster
38085,Neophocaena asiaeorientalis
38118,Echeneis naucrates
38203,Mandrillus leucophaeus
38264,Vulpes vulpes
38343,Equus przewalskii
38488,Colobus angolensis
38528,Pundamilia nyererei
38551,Dasypus novemcinctus
38618,Ictidomys tridecemlineatus
38624,Pogona vitticeps
38654,Pangasianodon hypophthalmus
38664,Fundulus heteroclitus
38680,Nomascus leucogenys
38870,Pelodiscus sinensis
38883,Seriola lalandi
38906,Meriones unguiculatus
39048,Corapipo altera
39139,Amphiprion ocellaris
39139,Salarias fasciatus
39322,Neopelma chrysocephalum
39725,Struthio camelus
39728,Coturnix japonica
39804,Cynoglossus semilaevis
39911,Tursiops truncatus
39953,Eumetopias jubatus
40369,Anabas testudineus
40634,Parus major
40697,Monopterus albus
40864,Parambassis ranga
41624,Loxodonta africana
41660,Lepisosteus oculatus
41752,Manis javanica
41855,Hippocampus comes
42009,Peromyscus leucopus
42151,Mastacembelus armatus
42169,Mus pahari
42198,Sphaeramia orbicularis
42286,Octodon degus
42367,Pipra filicauda
42518,Vombatus ursinus
42566,Equus asinus
42582,Oryzias melastigma
42688,Astyanax mexicanus
43081,Corvus brachyrhynchos
43110,Kryptolebias marmoratus
43135,Alligator sinensis
43164,Suricata suricatta
43212,Numida meleagris
43343,Gouania willdenowi
43531,Xiphophorus maculatus
43549,Ornithorhynchus anatinus
43578,Pteropus vampyrus
43772,Myotis lucifugus
43841,Ursus arctos
44270,Pygocentrus nattereri
44820,Lynx canadensis
44845,Haplochromis burtoni
45213,Poecilia reticulata
45245,Oryctolagus cuniculus
45355,Chinchilla lanigera
45406,Lates calcarifer
45927,Hipposideros armiger
46034,Callorhinus ursinus
46201,Maylandia zebra
46263,Lonchura striata
46302,Capra hircus
46686,Chrysemys picta
46703,Gadus morhua
46718,Taeniopygia guttata
46964,Xiphophorus couchianus
47015,Oryzias latipes
47018,Phascolarctos cinereus
47036,Poecilia latipinna
47090,Bos mutus
47329,Peromyscus maniculatus
47475,Callithrix jacchus
47500,Mus caroli
47592,Tachysurus fulvidraco
47637,Chelonia mydas
47731,Poecilia mexicana
47825,Aotus nancymaae
48327,Odocoileus virginianus
48356,Mustela putorius
48399,Gorilla gorilla
48457,Myotis davidii
48616,Cavia porcellus
48768,Rousettus aegyptiacus
48916,Takifugu rubripes
49048,Nannospalax galili
49094,Betta splendens
49116,Rhinatrema bivittatum
49449,Poecilia formosa
49485,Rhinopithecus bieti
49853,Eptesicus fuscus
49922,Delphinapterus leucas
49943,Denticeps clupeoides
50729,Physeter catodon
50778,Columba livia
50963,Pan paniscus
50994,Podarcis muralis
51017,Monodelphis domestica
51163,Ictalurus punctatus
51819,Camelus ferus
52253,Theropithecus gelada
52541,Astatotilapia calliptera
52977,Cebus capucinus
53802,Sparus aurata
54200,Piliocolobus tephrosceles
54391,Ailuropoda melanoleuca
54471,Lagenorhynchus obliquidens
55102,Paramormyrops kingsleyae
55402,Calypte anna
56218,Acinonyx jubatus
57060,Felis catus
57601,Oncorhynchus kisutch
58235,Anas platyrhynchos
58556,Panthera pardus
58908,Pteropus alecto
59020,Zalophus californianus
59088,Esox lucius
59189,Tupaia chinensis
59715,Microcebus murinus
59969,Myotis brandtii
60510,Salvelinus alpinus
60688,Bubalus bubalis
61952,Chlorocebus sabaeus
62252,Camelus dromedarius
63086,Oreochromis niloticus
64105,Fukomys damarensis
64904,Perca flavescens
65536,Monodon monoceros
65985,Gallus gallus
66160,Cercocebus atys
66687,Equus caballus
67114,Sinocyclocheilus grahami
67795,Papio anubis
68147,Liparis tanakae
68204,Sinocyclocheilus anshuiensis
68247,Macaca nemestrina
68284,Sinocyclocheilus rhinocerous
69145,Oncorhynchus nerka
69981,Larimichthys crocea
72258,Scleropages formosus
73432,Oncorhynchus tshawytscha
74404,Alligator mississippiensis
78887,Sus scrofa
79178,Aquila chrysaetos
82197,Heterocephalus glaber
86385,Danio rerio
88620,Salmo trutta
91327,Bos indicus
93433,Xenopus tropicalis
96660,Macaca fascicularis
98942,Carassius auratus
99596,Macaca mulatta
102312,Ovis aries
111170,Salmo salar
111733,Bos taurus
117250,Cyprinus carpio
123288,Oncorhynchus mykiss
127201,Xenopus laevis
130087,Canis lupus
140784,Pongo abelii
141246,Rattus norvegicus
161681,Cricetulus griseus
172965,Pan troglodytes
290472,Mus musculus
484682,Homo sapiens
