uni,gname,fullpep,count
A5A3E0,POTEF,ELPDGQVI,328
O15540,FABP7,EEFDETTA,328
O15540,FABP7,QEGDKVVI,328
O15540,FABP7,VSLDGDKL,328
O43707,ACTN4,FESDLAAH,328
O43707,ACTN4,IEYDKLRK,328
O43707,ACTN4,NELDYYDS,328
O43707,ACTN4,TDTDTADQ,328
O43852,CALU,ETKDWILP,328
O43852,CALU,YSHDGNTD,328
O75030,MITF,NDPDMRWN,328
O75116,ROCK2,SDIDSSNF,328
O75131,CPNE3,IITDGVIT,328
O94966,USP19,ETVDSDGR,328
O94966,USP19,VDSDGRPD,328
P01111,NRAS,VVIDGETC,328
P06733,ENO1,VEVDLFTS,328
P06733,ENO1,YGKDATNV,328
P08134,RHOC,DSPDSLEN,328
P08134,RHOC,IEVDGKQV,328
P08758,ANXA5,SEIDLFNI,328
P09651,HNRNPA1,EEVDAAMN,328
P09651,HNRNPA1,IKEDTEEH,328
P09651,HNRNPA1,SREDSQRP,328
P0DP24,CALM2,ADIDGDGQ,328
P11142,HSPA8,TAGDTHLG,328
P11142,HSPA8,TIEDGIFE,328
P12814,ACTN1,DQWDNLGA,328
P12814,ACTN1,FESDLAAH,328
P12814,ACTN1,LEGDHQLI,328
P12814,ACTN1,NELDYYDS,328
P13929,ENO3,YGKDATNV,328
P15153,RAC2,VMVDSKPV,328
P17980,PSMC3,DELDAIGT,328
P17980,PSMC3,DILDPALL,328
P20339,RAB5A,YADDNSLL,328
P22626,HNRNPA2B1,AEVDAAMA,328
P22626,HNRNPA2B1,HLRDYFEE,328
P22626,HNRNPA2B1,KLTDCVVM,328
P22626,HNRNPA2B1,VMRDPASK,328
P24534,EEF1B2,DETDMAKL,328
P27540,ARNT,TSTDGSYK,328
P29692,EEF1D,DETDMAQL,328
P31942,HNRNPH3,THEDAVAA,328
P31943,HNRNPH1,THEDAVAA,328
P33991,MCM4,VLSDNGIC,328
P34931,HSPA1L,ATKDAGVI,328
P35611,ADD1,DIVDRGST,328
P42025,ACTR1B,DSGDGVTH,328
P43686,PSMC4,NQMDGFDQ,328
P49792,RANBP2,TKHDGTGG,328
P51784,USP11,ELCDAAGR,328
P51991,HNRNPA3,EEVDAAMC,328
P51991,HNRNPA3,SREDSVKP,328
P52907,CAPZA1,EEADGGLK,328
P55209,NAP1L1,LLSDMVQE,328
P60709,ACTB,DSGDGVTH,328
P60709,ACTB,ELPDGQVI,328
P60709,ACTB,GQKDSYVG,328
P60709,ACTB,IVMDSGDG,328
P60709,ACTB,LVVDNGSG,328
P60709,ACTB,QEYDESGP,328
P60709,ACTB,VALDFEQE,328
P60953,CDC42,DLRDDPST,328
P60953,CDC42,TQIDLRDD,328
P61160,ACTR2,DSGDGVTH,328
P61224,RAP1B,VEVDAQQC,328
P61586,RHOA,DSPDSLEN,328
P62191,PSMC1,DEIDAIGT,328
P62191,PSMC1,DGFDSRGD,328
P62195,PSMC5,DEIDSIGS,328
P62258,YWHAE,AELDTLSE,328
P62736,ACTA2,ELPDGQVI,328
P62736,ACTA2,GQKDSYVG,328
P63000,RAC1,DLRDDKDT,328
P63027,VAMP2,DRADALQA,328
P63104,YWHAZ,AELDTLSE,328
P63167,DYNLL1,MQQDSVEC,328
P63261,ACTG1,DSGDGVTH,328
P63261,ACTG1,ELPDGQVI,328
P63261,ACTG1,GQKDSYVG,328
P63261,ACTG1,LVIDNGSG,328
P63267,ACTG2,ELPDGQVI,328
P63267,ACTG2,GQKDSYVG,328
P68032,ACTC1,ELPDGQVI,328
P68032,ACTC1,GQKDSYVG,328
P68133,ACTA1,ELPDGQVI,328
P68133,ACTA1,GQKDSYVG,328
Q04917,YWHAH,AFDDAIAE,328
Q12906,ILF3,VEVDGNSF,328
Q13151,HNRNPA0,EEADAAMA,328
Q13151,HNRNPA0,HAVDGNTV,328
Q14558,PRPSAP1,TELDMDDG,328
Q14566,MCM6,MLADNGVC,328
Q15836,VAMP3,DRADALQA,328
Q16181,SEPTIN7,DYIDSKFE,328
Q16513,PKN2,DEVDSLMC,328
Q16576,RBBP7,SHCDSDKG,328
Q562R1,ACTBL2,ELPDGQVI,328
Q562R1,ACTBL2,GQKDCYVG,328
Q6NUK1,SLC25A24,DIGDSLTI,328
Q6S8J3,POTEE,ELPDGQVI,328
Q92569,PIK3R3,DMPDGTFL,328
Q96AE4,FUBP1,HHGDGPGN,328
Q96AE4,FUBP1,IAPDSGGL,328
Q96SI9,STRBP,VDVDGTTY,328
Q99829,CPNE1,LDADGGPL,328
Q9H223,EHD4,CDCDGMLD,328
Q9H4M9,EHD1,VDKDGLLD,328
Q9UN37,VPS4A,DEVDSLCG,328
O00139,KIF2A,VLRDSFIG,327
O15540,FABP7,LDGDKLVH,327
O43707,ACTN4,DQWDALGS,327
O60256,PRPSAP2,DLVDGRHS,327
O75167,PHACTR2,DSPDYDRR,327
P04350,TUBB4A,ELVDAVLD,327
P06396,GSN,DQTDGLGL,327
P07437,TUBB,ELVDSVLD,327
P08670,VIM,CEVDALKG,327
P08670,VIM,IDVDVSKP,327
P08670,VIM,VQIDVDVS,327
P09651,HNRNPA1,DDHDSVDK,327
P09972,ALDOC,AGTDGETT,327
P0DPH7,TUBA3C,IQPDGQMP,327
P0DPH7,TUBA3C,VFVDLEPT,327
P0DPH7,TUBA3C,VPKDVNAA,327
P10275,AR,LHVDDQMA,327
P14136,GFAP,DLTDAAAR,327
P14625,HSP90B1,VDSDDLPL,327
P15311,EZR,YEKDDKLT,327
P16220,CREB1,QTTDGQQI,327
P16520,GNB3,IVWDSYTT,327
P17544,ATF7,ARTDSVII,327
P17980,PSMC3,NQLDGFQP,327
P22626,HNRNPA2B1,DDHDPVDK,327
P31153,MAT2A,QSPDIAQG,327
P33992,MCM5,VLADGGVV,327
P34897,SHMT2,DLPDGGHL,327
P34932,HSPA4,DGEDQPKQ,327
P35222,CTNNB1,TQFDAAHP,327
P35579,MYH9,DTLDSTAA,327
P35749,MYH11,DTLDSTAT,327
P46777,RPL5,GAVDGGLS,327
P49747,COMP,TDLDGFPD,327
P51991,HNRNPA3,DDHDTVDK,327
P52292,KPNA2,VVIDAGAL,327
P52565,ARHGDIA,DKTDYMVG,327
P52907,CAPZA1,VFNDVRLL,327
P53367,ARFIP1,IEYDAYRT,327
P61158,ACTR3,DDLDFFIG,327
P62191,PSMC1,NQLDGFDS,327
P68104,EEF1A1,AIVDMVPG,327
P68104,EEF1A1,EALDCILP,327
P68104,EEF1A1,KSGDAAIV,327
P68104,EEF1A1,LPGDNVGF,327
P68104,EEF1A1,TRKDGNAS,327
P68104,EEF1A1,WNGDNMLE,327
P68363,TUBA1B,GGDDSFNT,327
P68363,TUBA1B,IQPDGQMP,327
P68363,TUBA1B,LRFDGALN,327
P68363,TUBA1B,VFVDLEPT,327
P68366,TUBA4A,IQPDGQMP,327
P68371,TUBB4B,ELVDSVLD,327
Q02156,PRKCE,DDVDCTMT,327
Q08209,PPP3CA,DGFDGATA,327
Q13153,PAK1,VGFDAVTG,327
Q13177,PAK2,VGFDAVTG,327
Q13243,SRSF5,DADDAVYE,327
Q13509,TUBB3,ELVDSVLD,327
Q13547,HDAC1,HHGDGVEE,327
Q13885,TUBB2A,ELVDSVLD,327
Q16566,CAMK4,PAPDAPLK,327
Q66K74,MAP1S,DRVDAVLV,327
Q6PEY2,TUBA3E,IQPDGQMP,327
Q6PH85,DCUN1D2,EATDSFFQ,327
Q71U36,TUBA1A,IQPDGQMP,327
Q92569,PIK3R3,DNIDAVGK,327
Q92769,HDAC2,HHGDGVEE,327
Q99755,PIP5K1A,DIPDGLFL,327
Q9BQ87,TBL1Y,MEIDGDVE,327
Q9BQE3,TUBA1C,IQPDGQMP,327
Q9BUF5,TUBB6,ELVDAVLD,327
Q9BVA1,TUBB2B,ELVDSVLD,327
Q9BXJ9,NAA15,HEADTANM,327
Q9BYT8,NLN,VETDFVEV,327
Q9BZK7,TBL1XR1,MEVDGDVE,327
Q9H223,EHD4,GAFDGTTE,327
Q9H4M9,EHD1,GAFDGTMN,327
Q9UGP4,LIMD1,ECLDGVPF,327
Q9UJD0,RIMS3,DFLDGLGP,327
O43252,PAPSS1,TGIDSEYE,326
O43390,HNRNPR,KLCDSYEI,326
O60907,TBL1X,SLIDAVMP,326
O60907,TBL1X,TVFDGRPI,326
O75369,FLNB,DNGDGTHT,326
P04406,GAPDH,VSSDFNSD,326
P07900,HSP90AA1,AEADKNDK,326
P07900,HSP90AA1,VRTDTGEP,326
P08238,HSP90AB1,GVVDSEDL,326
P0DP24,CALM2,VDADGNGT,326
P0DPH7,TUBA3C,VKCDPRHG,326
P11142,HSPA8,IEIDSLYE,326
P11142,HSPA8,RFDDAVVQ,326
P13674,P4HA1,DEPDAFKE,326
P13796,LCP1,DLIDAIQP,326
P14625,HSP90B1,DEDDKTVL,326
P14625,HSP90B1,EDEDDKTV,326
P14625,HSP90B1,LELDTIKN,326
P14625,HSP90B1,PEFDGKRF,326
P14625,HSP90B1,VIADPRGN,326
P14625,HSP90B1,VIEDHSNR,326
P14625,HSP90B1,VKFDESEK,326
P14625,HSP90B1,WESDSNEF,326
P19022,CDH2,VEPDAIKP,326
P20290,BTF3,QSVDGKAP,326
P21333,FLNA,VTYDGSPV,326
P23246,SFPQ,DAKDKLES,326
P23443,RPS6KB1,TPVDSPDD,326
P27986,PIK3R1,DDEDLPHH,326
P28370,SMARCA1,DDIDNIAR,326
P29375,KDM5A,DKVDWVQC,326
P35580,MYH10,DTLDTTAA,326
P35611,ADD1,DRVDENNP,326
P46531,NOTCH1,DHMDRLPR,326
P46777,RPL5,ESIDGQPG,326
P49756,RBM25,LPVDSVFN,326
P60842,EIF4A1,EIVDSFDD,326
P63241,EIF5A,GIQDGYLS,326
P68363,TUBA1B,EHSDCAFM,326
P84022,SMAD3,MTVDGFTD,326
Q04726,TLE3,VSADGQMQ,326
Q05193,DNM1,LSVDNLKL,326
Q13547,HDAC1,IPEDAIPE,326
Q15691,MAPRE1,KFFDANYD,326
Q15796,SMAD2,LTVDGFTD,326
Q96CF2,CHMP4C,TQIDGTLS,326
Q99439,CNN2,SGVDIGVK,326
Q99733,NAP1L4,VDCDGCTI,326
Q99986,VRK1,TSIDAHNG,326
Q9BZK7,TBL1XR1,SLIDAVMP,326
Q9H444,CHMP4B,AQIDGTLS,326
Q9NZZ3,CHMP5,TTVDAMKL,326
Q9P0J1,PDP1,AHVDGVDL,326
Q9UMR2,DDX19B,DEADVMIA,326
Q9UN86,G3BP2,GGVDASGK,326
Q9Y4G8,RAPGEF2,DSVDSGSK,326
Q9Y6B6,SAR1B,EELDSLMT,326
O15400,STX7,DVIDSIEA,325
O43707,ACTN4,IDEDFRDG,325
O60506,SYNCRIP,DERDGAVK,325
P05067,APP,VEVDAAVT,325
P07237,P4HB,AKMDSTAN,325
P07900,HSP90AA1,DEDDPTAD,325
P07900,HSP90AA1,IDEDDPTA,325
P10644,PRKAR1A,TVADALEP,325
P10809,HSPD1,EAGDGTTT,325
P11277,SPTB,DIVDGNHR,325
P12814,ACTN1,IEEDFRDG,325
P16989,YBX3,SVGDGETV,325
P16989,YBX3,VEFDVVEG,325
P21333,FLNA,ALVDSCAP,325
P23246,SFPQ,DDEDGLPE,325
P23246,SFPQ,EMEDAYHE,325
P23743,DGKA,IDYDGSGS,325
P27824,CANX,EDMDGEWE,325
P35222,CTNNB1,ADIDGQYA,325
P48643,CCT5,VTNDGATI,325
P49427,CDC34,AERDGVKV,325
P50570,DNM2,DQVDTLEL,325
P52566,ARHGDIB,LLGDGPVV,325
P62753,RPS6,VAADALGE,325
P67809,YBX1,VEFDVVEG,325
P80303,NUCB2,EETDGLDP,325
Q01105,SET,GEEDEEAL,325
Q01105,SET,VIKDDIWP,325
Q01814,ATP2B2,EEIDHAER,325
Q06455,RUNX1T1,LLLDASTT,325
Q12906,ILF3,VMPDGSGI,325
Q16829,DUSP7,TESDGSPV,325
Q712K3,UBE2R2,AEKDGVKV,325
Q7L099,RUFY3,TEGDGQIT,325
Q86Y82,STX12,DLIDSIEA,325
Q92945,KHSRP,ISPDSGGL,325
Q92995,USP13,ITPDGADV,325
Q9BYT8,NLN,TDDDKYKI,325
Q9NPG3,UBN1,DESDSFID,325
Q9UBP0,SPAST,IEFDGVQS,325
Q9ULV4,CORO1C,LYPDTAGP,325
Q9Y478,PRKAB1,EVFDALMV,325
O15020,SPTBN2,ERVDSANA,324
O43390,HNRNPR,RAIDALRE,324
O75449,KATNA1,VQMDGVGG,324
O75695,RP2,VVQDYVPI,324
P00441,SOD1,SIEDSVIS,324
P00558,PGK1,KLGDVYVN,324
P04406,GAPDH,VIHDNFGI,324
P07737,PFN1,LLQDGEFS,324
P10809,HSPD1,LAVDAVIA,324
P11277,SPTB,DLRDGRML,324
P13639,EEF2,FGPDGTGP,324
P14317,HCLS1,SQRDYAKG,324
P14317,HCLS1,SQTDAAKG,324
P15170,GSPT1,VETDTVAP,324
P21399,ACO1,NLGDSVTT,324
P23142,FBLN1,SDVDGVTC,324
P23634,ATP2B4,DEIDHAEM,324
P25705,ATP5F1A,NAIDGKGP,324
P31153,MAT2A,QISDAVLD,324
P31943,HNRNPH1,NSPDTAND,324
P35222,CTNNB1,SYLDSGIH,324
P36543,ATP6V1E1,EEIDAKAE,324
P37802,TAGLN2,ARDDGLFS,324
P38606,ATP6V1A,MEVDGKVE,324
P42574,CASP3,IETDSGVD,324
P45379,TNNT2,VDFDDIHR,324
P52597,HNRNPF,NSADSAND,324
P55072,VCP,DDVDLEQV,324
P55072,VCP,DELDSIAK,324
P55072,VCP,REVDIGIP,324
P55072,VCP,VGADLAAL,324
P55210,CASP7,IQADSGPI,324
P78344,EIF4G2,DETDSSSA,324
P80303,NUCB2,VNSDGFLD,324
Q01581,HMGCS1,DGVDAGKY,324
Q02818,NUCB1,INSDGVLD,324
Q12873,CHD3,LPYDQSTW,324
Q13492,PICALM,SLLDALEQ,324
Q14444,CAPRIN1,DQLDAVSK,324
Q14839,CHD4,TFADGVPR,324
Q16512,PKN1,DFLDNERH,324
Q7L2H7,EIF3M,LEPDKQEA,324
Q7Z7B0,FILIP1,VQTDAVSG,324
Q86VR2,RETREG3,EDLDGHSD,324
Q8IYD1,GSPT2,TETDFVAP,324
Q8WWM7,ATXN2L,TTYDSSLS,324
Q96SB3,PPP1R9B,VEVDGTSL,324
Q99700,ATXN2,STYDSSLS,324
Q99798,ACO2,DKWDGKDL,324
Q9UBU8,MORF4L1,DDWDLITR,324
Q9UK73,FEM1B,DNIDVSHP,324
Q9Y5K8,ATP6V1D,EGTDSYEL,324
O43312,MTSS1,SDYDYFSV,323
O43390,HNRNPR,KESDLSHV,323
O43815,STRN,NEADSLTY,323
O75376,NCOR1,EIIDGLSE,323
P00558,PGK1,FLKDCVGP,323
P04406,GAPDH,KWGDAGAE,323
P04406,GAPDH,QERDPSKI,323
P07205,PGK2,FLKDCVGA,323
P07205,PGK2,KLGDVYVN,323
P0DPH7,TUBA3C,LEKDYEEV,323
P12268,IMPDH2,EEHDCFLE,323
P13639,EEF2,PFPDGLAE,323
P16220,CREB1,ESVDSVTD,323
P19174,PLCG1,AEPDYGAL,323
P21333,FLNA,YGGDPIPK,323
P22234,PAICS,YEGDGIPT,323
P31150,GDI1,DENDPKTF,323
P46531,NOTCH1,CEWDGLDC,323
P48643,CCT5,KISDSVLV,323
P50454,SERPINH1,QTTDGKLP,323
P55072,VCP,VAPDTVIH,323
P55072,VCP,VETDPSPY,323
P55072,VCP,VGYDDIGG,323
P55072,VCP,VTMDDFRW,323
P55210,CASP7,NDTDANPR,323
P62244,RPS15A,VLADALKS,323
P62805,HIST1H4A,VIRDAVTY,323
Q12959,DLG1,YEVDGRDY,323
Q14839,CHD4,EATDGGGD,323
Q14839,CHD4,EYLDATGG,323
Q15181,PPA1,DDPDAANY,323
Q15181,PPA1,GETDWKVI,323
Q3KQV9,UAP1L1,CQVDGVPQ,323
Q6UN15,FIP1L1,VDLDSFED,323
Q8WUA2,PPIL4,DLPDADIK,323
Q8WWQ0,PHIP,DKVDSIQF,323
Q96I24,FUBP3,NDIDSNST,323
Q9BY43,CHMP4A,AQTDGTLS,323
Q9NVA2,SEPTIN11,VGFDSLPD,323
Q9P2I0,CPSF2,DDVDAAFD,323
Q9UBU8,MORF4L1,DHPDAPMS,323
Q9UPY3,DICER1,DHPDADKT,323
Q9Y490,TLN1,QNVDSRDP,323
Q9Y618,NCOR2,EIIDGLSE,323
O14578,CIT,VCLDTVHF,322
O43169,CYB5B,AGVDASES,322
O95433,AHSA1,HMVDGNVS,322
P00558,PGK1,GRPDGVPM,322
P13639,EEF2,LEEDHACI,322
P13995,MTHFD2,DNVDGLLV,322
P14625,HSP90B1,KESDDPMA,322
P17980,PSMC3,QEEDGANI,322
P21333,FLNA,DNADGTQT,322
P26639,TARS,TLPDGKQV,322
P28331,NDUFS1,DVMDAVGS,322
P31943,HNRNPH1,VEMDWVLK,322
P35222,CTNNB1,YPVDGLPD,322
P48643,CCT5,VDKDGDVT,322
P55072,VCP,TEMDGMST,322
P55795,HNRNPH2,VEMDWVLK,322
P60484,PTEN,DTTDSDPE,322
P60484,PTEN,DVSDNEPD,322
P60484,PTEN,NEPDHYRY,322
Q01105,SET,NEIDRLNE,322
Q04721,NOTCH2,VCVDGVNT,322
Q12996,CSTF3,DEVDRKPE,322
Q13148,TARDBP,DVMDVFIP,322
Q13148,TARDBP,HMIDGRWC,322
Q14204,DYNC1H1,VLFDAADA,322
Q15334,LLGL1,EHADSLAQ,322
Q2TAL8,QRICH1,LTVDSAHL,322
Q5JPH6,EARS2,VVDDHHMG,322
Q6ZVM7,TOM1L2,ADLDALSP,322
Q7RTV0,PHF5A,VICDSYVR,322
Q8WUA2,PPIL4,DYLDGVHT,322
Q8WWM7,ATXN2L,LESDMSNG,322
Q92734,TFG,DSSDLSFA,322
Q96AT9,RPE,IEVDGGVG,322
Q96DF8,ESS2,VGPDGKEL,322
Q96SB3,PPP1R9B,LEKDSEGL,322
Q96T88,UHRF1,DECDMAFH,322
Q9BYT8,NLN,VSSDKEVR,322
Q9H8W4,PLEKHF2,VTIDSIKD,322
Q9NUU7,DDX19A,VDKDGNPD,322
Q9NVP1,DDX18,ATVDGLEQ,322
Q9P2J5,LARS,DAGDALIY,322
Q9UPN3,MACF1,DWLDNTVI,322
Q9Y6G9,DYNC1LI1,VEKDAVFI,322
O00566,MPHOSPH10,SVSDAALL,321
O75880,SCO1,DEIDSITT,321
P07814,EPRS,PIVDSIEG,321
P11586,MTHFD1,KDVDGLTS,321
P14618,PKM,AVLDGADC,321
P18621,RPL17,LDVDSLVI,321
P20936,RASA1,DTVDGKEI,321
P35249,RFC4,DEADSMTS,321
P42336,PIK3CA,EIYDAAID,321
P46531,NOTCH1,ACVDGVNT,321
P55072,VCP,DELDAIAP,321
P61247,RPS3A,LIPDSIGK,321
P67809,YBX1,TKEDVFVH,321
P78344,EIF4G2,IRQDAVKD,321
Q13148,TARDBP,DETDASSA,321
Q6IN85,PPP4R3A,DMEDGEAV,321
Q7L014,DDX46,ERQDGGQN,321
Q7L014,DDX46,ESQDVMQQ,321
Q8N6Y1,PCDH20,NQSDIFVI,321
Q92499,DDX1,KGEDSVPD,321
Q92499,DDX1,SVPDTVHH,321
Q9NSE4,IARS2,VDEDGVFT,321
Q9UPN3,MACF1,DETDRDII,321
O00429,DNM1L,DFADACGL,320
O60216,RAD21,DDIDVAQQ,320
O60499,STX10,IMLDAFAQ,320
O95071,UBR5,TCSDASSI,320
O95819,MAP4K4,FSCDGMRP,320
P00558,PGK1,LPVDFVTA,320
P07949,RET,VSVDAFKI,320
P08865,RPSA,VMPDLYFY,320
P10515,DLAT,IETDKATI,320
P10809,HSPD1,PALDSLTP,320
P14317,HCLS1,TDPDFVND,320
P24666,ACP1,WRVDSAAT,320
P31040,SDHA,DEYDYSKP,320
P43250,GRK6,AFLDGVAE,320
P52597,HNRNPF,TIHDGAAG,320
P54252,ATXN3,DLPDCEAD,320
P55072,VCP,EEDDPVPE,320
P55072,VCP,VAKDVDLE,320
P61011,SRP54,DSTDGAKV,320
P61011,SRP54,QELDSTDG,320
P78371,CCT2,VRVDSTAK,320
P80303,NUCB2,EEDDMVEM,320
Q06413,MEF2C,DADDSVGH,320
Q07955,SRSF1,CYADVYRD,320
Q07955,SRSF1,VYRDGTGV,320
Q13242,SRSF9,VQKDGVGM,320
Q14141,SEPTIN6,VGFDSLPD,320
Q15459,SF3A1,VTWDGHSG,320
Q16181,SEPTIN7,DAVDNSNC,320
Q7KZ85,SUPT6H,DSTDSYIE,320
Q8TBA6,GOLGA5,EGLDSSTA,320
Q93063,EXT2,TAIDGLSL,320
Q969S9,GFM2,TVTDFMAQ,320
Q96SB3,PPP1R9B,EDVDPMAA,320
Q99496,RNF2,AITDGLEI,320
Q9BYT8,NLN,TEADKRLS,320
Q9Y2X3,NOP58,SQMDGLIP,320
O00299,CLIC1,KVLDNYLT,319
O94804,STK10,FVVDGVEV,319
P06241,FYN,EERDGSLN,319
P08670,VIM,TNLDSLPL,319
P10515,DLAT,VETDKATV,319
P10809,HSPD1,VGYDAMAG,319
P14625,HSP90B1,IQLDGLNA,319
P14868,DARS,QLDDAVRP,319
P21127,CDK11B,SAEDGLKH,319
P22102,GART,LEGDGGPN,319
P25098,GRK2,NAADAFDI,319
P31749,AKT1,TPPDQDDS,319
P41567,EIF1,PFADASKG,319
P42858,HTT,DLLDDTAK,319
P48147,PREP,PEADDIQY,319
P55072,VCP,VEEDDPVP,319
P82673,MRPS35,IEIDSTDY,319
Q00403,GTF2B,TSVDLITT,319
Q00534,CDK6,TYLDKVPE,319
Q06587,RING1,AIMDGTEI,319
Q07955,SRSF1,RKLDNTKF,319
Q13085,ACACA,TEEDGVHS,319
Q13573,SNW1,DDPDLQRP,319
Q13813,SPTAN1,DSLDSVEA,319
Q14839,CHD4,NQSDYSVA,319
Q58A45,PAN3,TEVDSYHS,319
Q96I25,RBM17,TEKDASKK,319
Q96QZ7,MAGI1,FDPDDPNT,319
Q96SB3,PPP1R9B,EDYDRRNE,319
Q9BV68,RNF126,LFHDGCIV,319
Q9NT62,ATG3,DDGDGGWV,319
Q9NT62,ATG3,EEDDGDGG,319
Q9NW64,RBM22,SNSDGTRP,319
O15014,ZNF609,SFTDNAPS,318
O43776,NARS,KKEDGTFY,318
O60216,RAD21,DFGDFGMD,318
O95347,SMC2,DEVDAALD,318
P00441,SOD1,ADKDGVAD,318
P06744,GPI,PELDGSAQ,318
P11831,SRF,EETDLTYQ,318
P12270,TPR,DDEDRTVP,318
P12270,TPR,HRTDGFAE,318
P25098,GRK2,TVFDTINA,318
P31749,AKT1,DQDDSMEC,318
P36551,CPOX,DDLDSPSK,318
P49792,RANBP2,EERDGQYF,318
P50991,CCT4,AFADAMEV,318
P50991,CCT4,VVSDYAQM,318
P55072,VCP,VLSDDTCS,318
P55209,NAP1L1,ERLDGLVE,318
P62805,HIST1H4A,VLRDNIQG,318
Q03468,ERCC6,AIMDGASP,318
Q13813,SPTAN1,DKGDSLDS,318
Q14157,UBAP2L,TGRDGSLA,318
Q14204,DYNC1H1,TRTDSTSD,318
Q14498,RBM39,ERTDASSA,318
Q63HN8,RNF213,VTMDGVRE,318
Q8N0X7,SPART,FLVDGVCT,318
Q8N302,AGGF1,DTCDGCEP,318
Q96AC1,FERMT2,DEVDAALS,318
Q96JH7,VCPIP1,LCVDAAGH,318
Q99496,RNF2,DNGDSSHC,318
Q99497,PARK7,VEKDGLIL,318
Q9BWD1,ACAT2,ILCDGLTD,318
Q9NVU0,POLR3E,LNVDGACA,318
Q9UMX1,SUFU,IETDGSNL,318
Q9UQ26,RIMS2,DFLDGLGP,318
Q9Y223,GNE,VDNDGNCA,318
Q9Y224,RTRAF,DTGDAVLN,318
O75533,SF3B1,VGLDSTGY,317
P14136,GFAP,VELDVAKP,317
P24752,ACAT1,IVKDGLTD,317
P30622,CLIP1,LARDGHDQ,317
P35251,RFC1,DLVDSQIR,317
P35580,MYH10,FAKDAASL,317
P43004,SLC1A2,DTIDSQHR,317
P49257,LMAN1,HQNDGASQ,317
P54578,USP14,GSADALPE,317
P61221,ABCE1,IFLDGYVP,317
Q06609,RAD51,DVLDNVAY,317
Q13123,IK,ERRDGVNK,317
Q15056,EIF4H,DEVDSLKE,317
Q7L014,DDX46,DDEDAAVD,317
Q8IUD2,ERC1,TNTDTALT,317
Q8NEZ2,VPS37A,EESDNIAE,317
Q8TDJ6,DMXL2,TEIDSIPP,317
Q96N67,DOCK7,LERDSTEV,317
Q99459,CDC5L,HESDFSGV,317
Q9P2E9,RRBP1,ILRDALNQ,317
O14617,AP3D1,LDLDAWIN,316
P28331,NDUFS1,VFVDGQSV,316
P31150,GDI1,TCNDIKDI,316
P31939,ATIC,EVSDGIIA,316
P35251,RFC1,DEVDGMAG,316
P45974,USP5,ESGDGERV,316
P48147,PREP,VFLDPNIL,316
P50990,CCT8,VTNDAATI,316
Q04726,TLE3,SRYDSDGD,316
Q04864,REL,DCRDGYYE,316
Q07157,TJP1,DLSDSIHS,316
Q14566,MCM6,SGVDGYET,316
Q14C86,GAPVD1,CSADSVAF,316
Q15056,EIF4H,LTYDGALL,316
Q5T4S7,UBR4,TMIDAVKI,316
Q7L014,DDX46,EEVDLQTA,316
Q7Z6E9,RBBP6,IMTDAVVI,316
Q8NEZ4,KMT2C,DTPDSFVP,316
Q8WU90,ZC3H15,VYIDARDE,316
Q99496,RNF2,LELDNNNA,316
Q9H8V3,ECT2,YEVDGCPA,316
Q9HCP0,CSNK1G1,VHVDSGAS,316
O75475,PSIP1,GEGDSVIT,315
O75592,MYCBP2,SEVDGLNS,315
P07949,RET,DYLDLAAS,315
P10109,FDX1,LDIDGFGA,315
P33992,MCM5,ELPDAVPH,315
P50991,CCT4,TDMDNQIV,315
Q04206,RELA,DCRDGFYE,315
Q13315,ATM,DIVDGMGI,315
Q14C86,GAPVD1,DHTDPEDN,315
Q5JSZ5,PRRC2B,IHVDSVLP,315
Q5SW79,CEP170,GEIDSVTS,315
Q96MX6,WDR92,NAIDGIGG,315
Q96SB3,PPP1R9B,TDEDEELS,315
Q99569,PKP4,DQWDGVGP,315
Q9UIQ6,LNPEP,DVVDLAKE,315
Q9UK45,LSM7,LVLDGTIE,315
Q9ULH0,KIDINS220,DLLDAGTY,315
Q9Y3A2,UTP11,EQFDVATH,315
Q9Y4L1,HYOU1,DDVDFKAK,315
Q9Y613,FHOD1,DVTDALEQ,315
O75592,MYCBP2,VTPDASPN,314
P04818,TYMS,DFLDSLGF,314
P47756,CAPZB,GCWDSIHV,314
P52292,KPNA2,SFPDDATS,314
Q03701,CEBPZ,YSGDPLQD,314
Q06609,RAD51,AQVDGAAM,314
Q8TBC4,UBA3,MAVDGGCG,314
Q92499,DDX1,DEFDGKVT,314
Q9BSD7,NTPCR,VPVDGFYT,314
Q9H6Q4,CIAO3,IEDDGSYF,314
Q9Y6H5,SNCAIP,DEVDQDGN,314
Q9Y6Y0,IVNS1ABP,NLLDGQAE,314
O43670,ZNF207,ETIDAVPN,313
O60684,KPNA6,LLMDSYVS,313
O75475,PSIP1,EVPDGAVK,313
O96019,ACTL6A,MEIDGDKG,313
P09917,ALOX5,IQFDSEKG,313
P28066,PSMA5,VEIDAHIG,313
P46531,NOTCH1,DCMDVNVR,313
P46531,NOTCH1,EEEDAPAV,313
P55199,ELL,DALDGLLQ,313
Q14562,DHX8,AEMDSIPM,313
Q5H9R7,PPP6R3,DEIDFKET,313
Q5T447,HECTD3,ETTDALPE,313
Q6ICG6,KIAA0930,TEEDSSPA,313
Q7Z6E9,RBBP6,VSPDALIA,313
Q7Z739,YTHDF3,AITDGQAG,313
Q86VS8,HOOK3,NQSDSIED,313
Q9H8M2,BRD9,SLTDSTAE,313
Q9NRY2,INIP,DFRDHAEQ,313
Q9Y4B5,MTCL1,TINDGLSS,313
O00170,AIP,ADLDALQQ,312
O43707,ACTN4,VENDRQGE,312
O60315,ZEB2,EERDGHAV,312
P07858,CTSB,FTEDLKLP,312
P23396,RPS3,LAEDGYSG,312
P42345,MTOR,TRTDSYSA,312
P78527,PRKDC,DWVDGEPT,312
Q05397,PTK2,VSWDSGGS,312
Q13451,FKBP5,DCRDVAFT,312
Q14240,EIF4A2,MDPDGVIE,312
Q5T8P6,RBM26,DQVDHNSY,312
Q8N1F7,NUP93,DALDFTQE,312
Q96QV1,HHIP,EEMDGLSD,312
Q96SB3,PPP1R9B,GEDDEETG,312
Q9H0V1,TMEM168,CSPDGQPT,312
Q9UDY2,TJP2,EDTDGEGG,312
Q9Y2K2,SIK3,VEPDGTLN,312
O94906,PRPF6,QVSDSVSG,311
P05198,EIF2S1,AEVDGDDD,311
P05387,RPLP2,KILDSVGI,311
P09661,SNRPA1,DQFDAIDF,311
P34932,HSPA4,DHLDAADM,311
P35222,CTNNB1,DLMDGLPP,311
P42345,MTOR,EILDGVEL,311
P54577,YARS,LEKDFAAE,311
Q12874,SF3A3,DDKDGLRK,311
Q14444,CAPRIN1,GGYDGYRP,311
Q14457,BECN1,EASDGGTM,311
Q49A26,GLYR1,QAADSTAV,311
Q53EL6,PDCD4,TYIDSYKG,311
Q6ZNE5,ATG14,SESDSAMT,311
Q7Z4V5,HDGFL2,DIADGAVK,311
Q92499,DDX1,DEADGLLS,311
Q96D71,REPS1,ADPDTAIV,311
Q96D71,REPS1,TQFDSNIA,311
Q96G28,CFAP36,CLTDGSDV,311
Q9UMX1,SUFU,LESDSSTA,311
Q9Y282,ERGIC3,LDKDGIPV,311
O00559,EBAG9,EEEDAAWQ,310
O14617,AP3D1,VQIDLSVP,310
O14981,BTAF1,DSTDGEPE,310
O60508,CDC40,DEKDVAKP,310
O75083,WDR1,GENDSFAG,310
O75376,NCOR1,LRPDVARG,310
O94888,UBXN7,SIFDGFRD,310
O95696,BRD1,ISTDAAAS,310
P11831,SRF,SESDSSGE,310
P39880,CUX1,GTQDAAKP,310
P49327,FASN,TNTDGFKE,310
P52948,NUP98,VTLDGVWP,310
P54132,BLM,LQIDGVTE,310
Q07864,POLE,DQLDNIVD,310
Q13464,ROCK1,DETDGNLP,310
Q14166,TTLL12,VTRDFAYG,310
Q14692,BMS1,DDKDAAKV,310
Q15907,RAB11B,NVVDISVP,310
Q5T4S7,UBR4,GDSDSAAP,310
Q8NBU5,ATAD1,QETDGFSG,310
Q92538,GBF1,DHSDSASV,310
Q92551,IP6K1,QMLDGNSG,310
Q96BY7,ATG2B,TAYDMVSP,310
Q9UBC2,EPS15L1,PGPDSSGS,310
Q9Y608,LRRFIP2,IIPDGTPN,310
O00139,KIF2A,QDVDATNP,309
O14497,ARID1A,GQSDSIMH,309
P19838,NFKB1,TTYDGTTP,309
P27797,CALR,DQTDMHGD,309
P31749,AKT1,ECVDSERR,309
P45974,USP5,SAADSISE,309
Q08J23,NSUN2,YEPDSANP,309
Q12982,BNIP2,DDLDESGE,309
Q14149,MORC3,VQCDACLK,309
Q5JTH9,RRP12,LEIDGSEE,309
Q8IUI8,CRLF3,DRRDSIGV,309
Q9ULG1,INO80,DGDDSFIS,309
P22102,GART,SGVDIAAG,308
P33991,MCM4,LQSDGAAA,308
P49792,RANBP2,DVTDGRAK,308
P82094,TMF1,ERIDSFSV,308
Q08J23,NSUN2,LEVDGQKV,308
Q5T200,ZC3H13,INYDYVHE,308
Q86VM9,ZC3H18,DVRDTVLE,308
Q8NC51,SERBP1,HAEDSVMD,308
Q92608,DOCK2,DQPDYAMY,308
Q96D46,NMD3,IYRDSAIP,308
Q96G28,CFAP36,DGSDVVSD,308
Q9H875,PRKRIP1,DYMDAMAE,308
Q9NWB7,IFT57,SMTDGAPL,308
A3KMH1,VWA8,AEKDAVPE,307
A5A3E0,POTEF,LVIDNGSG,307
O00151,PDLIM1,TAIDGENT,307
O60784,TOM1,QATDGLAG,307
P00533,EGFR,DEEDMDDV,307
P00533,EGFR,DMDDVVDA,307
P0CG38,POTEI,LVIDNGSG,307
P19878,NCF2,VDQDSFSG,307
P36507,MAP2K2,PVVDGEEG,307
P53621,COPA,TGVDLFGT,307
Q01826,SATB1,VEMDSLSE,307
Q12982,BNIP2,IDLDGLDT,307
Q504Q3,PAN2,SEFDSFSQ,307
Q6S8J3,POTEE,LVIDNGSG,307
Q9UP83,COG5,DELDGIIK,307
Q9UQ13,SHOC2,DLPDTIGN,307
O43182,ARHGAP6,MSVDSITD,306
P19338,NCL,ESFDGSVR,306
P41250,GARS,VDVDKAVA,306
P78527,PRKDC,GDSDGPSY,306
Q13490,BIRC2,ENADPPII,306
Q2TB10,ZNF800,ITPDIATK,306
Q7Z2E3,APTX,TSIDSVVI,306
Q8WUD4,CCDC12,EEVDLANL,306
Q9H3P2,NELFA,ATPDYAAG,306
Q9UEW8,STK39,DEMDEKSE,306
Q9UKJ3,GPATCH8,DYVDKEKA,306
Q9UKJ3,GPATCH8,MELDYAED,306
P24864,CCNE1,LDVDCLEF,305
P46531,NOTCH1,DQTDHRQW,305
P48147,PREP,GEYDYVTN,305
Q08211,DHX9,PPLDAVIE,305
Q15751,HERC1,ASPDSIQT,305
Q16643,DBN1,VGEDVPDA,305
Q4V339,CBWD6,EKPDGLIN,305
Q5JTY5,CBWD3,EKPDGLIN,305
Q5T4S7,UBR4,SAVDSVAG,305
Q63HN8,RNF213,ICIDCHAP,305
Q8IUF1,CBWD2,EKPDGLIN,305
Q8NCG7,DAGLB,TELDGGDQ,305
Q9BQ52,ELAC2,TLEDGLEE,305
Q9BRT8,CBWD1,EKPDGLIN,305
O15355,PPM1G,DDVDNEEA,304
P55081,MFAP1,TSFDSAWG,304
Q08211,DHX9,EEVDLNAG,304
Q15042,RAB3GAP1,PDIDALVG,304
Q15650,TRIP4,DESDYFAS,304
Q8WX93,PALLD,LGADSATV,304
Q9UI10,EIF2B4,VQTDAFVS,304
Q9UQ80,PA2G4,HVIDGEKT,304
O43707,ACTN4,DDWDRDLL,303
P20700,LMNB1,VEVDSGRQ,303
P26599,PTBP1,LKTDSSPN,303
P27708,CAD,IDVDAVAS,303
P27797,CALR,KDPDASKP,303
P51531,SMARCA2,DYSDALTE,303
P55212,CASP6,TEVDAASV,303
P62258,YWHAE,MQGDGEEQ,303
Q8N302,AGGF1,DKKDESFV,303
Q8NF50,DOCK8,DEEDAVEI,303
O43716,GATC,VDTDGVEP,302
P09234,SNRPC,DYCDTYLT,302
P12814,ACTN1,EDWDRDLL,302
P16278,GLB1,VAVDGIPQ,302
P55212,CASP6,DVVDNQTE,302
Q08945,SSRP1,TQEDGVDP,302
Q12959,DLG1,YMNDGYAP,302
Q6UUV9,CRTC1,TNSDSALH,302
Q9Y5M8,SRPRB,STLDSSST,302
O43707,ACTN4,QEDDWDRD,301
P19012,KRT15,VEMDAAPG,301
P27797,CALR,EEMDGEWE,301
Q07955,SRSF1,DLKDHMRE,301
Q5VSL9,STRIP1,DNLDAFNE,301
Q86X95,CIR1,VPTDGSGP,301
Q8TDI0,CHD5,DDGDGYET,301
Q96PU8,QKI,ELPDAVGP,301
Q8N999,C12orf29,EKVDGTCC,300
Q93052,LPP,MLYDMENP,300
Q9BRD0,BUD13,NVEDAMKE,300
P27797,CALR,TIFDNFLI,299
P42229,STAT5A,KAVDGYVK,299
P48147,PREP,EDPDSEQT,299
P54105,CLNS1A,RTEDSIRD,299
Q13099,IFT88,LENDAAFQ,299
Q16630,CPSF6,DYMDTLPP,299
Q8WXD2,SCG3,DDPDGLHQ,299
Q96MF2,STAC3,DDLDFPPG,299
Q9Y508,RNF114,TFVDYDVD,299
O15355,PPM1G,SVYDGHGG,298
P14866,HNRNPL,DTWDYTNP,298
Q16630,CPSF6,DQIDLYDD,298
Q5JVF3,PCID2,DSRDGASC,298
Q9BYJ9,YTHDF1,TVVDGQPG,298
O14579,COPE,SRRDSIVA,297
P22102,GART,CFTDGKTV,297
P54578,USP14,IEDDSVKE,297
P55265,ADAR,CLADGYDL,297
Q15052,ARHGEF6,TRKDSIPQ,297
Q96JQ2,CLMN,EVKDLFVD,297
Q9BRS2,RIOK1,NVTDSVIN,297
Q9UBF8,PI4KB,FSVDSITS,297
Q9ULR0,ISY1,DEDDGVIV,297
O00442,RTCA,DLCDGQLE,296
O75940,SMNDC1,ASSDSFAS,296
P54578,USP14,KETDSSSA,296
Q16513,PKN2,DITDCPRT,296
Q3B7T1,EDRF1,DFIDSVGN,296
Q9H3M7,TXNIP,DLVDVNTP,296
Q9NSE4,IARS2,VFTDVAGP,296
Q9Y3A3,MOB4,DEMDSTLA,296
Q5T8P6,RBM26,YDTDGYNP,295
Q9P258,RCC2,NQTDAVPS,295
P63241,EIF5A,ETGDAGAS,294
P27694,RPA1,VQFDFTGI,293
P27708,CAD,VASDGVVA,293
P48506,GCLC,AVVDGCGK,293
P52565,ARHGDIA,NEEDEHSV,293
Q53GL0,PLEKHO1,VEEDSYLA,293
Q5T4S7,UBR4,TEEDSSQD,293
O76003,GLRX3,DRLDGAHA,292
O94921,CDK14,QGMDSVIK,292
P20618,PSMB1,AGEDFAIV,292
P49792,RANBP2,ALDDSVSS,292
P56962,STX17,EKIDSIAD,292
Q13601,KRR1,TVPDGWKE,292
Q5T6F2,UBAP2,ASRDGSLA,292
Q9Y4I1,MYO5A,TMTDSTIL,292
O43852,CALU,YDHDAFLG,291
O43903,GAS2,SRVDGKTS,291
Q92870,APBB2,DETDIWSD,291
Q9NR30,DDX21,RLLDSVPP,291
Q9Y4L1,HYOU1,LVEDSAEE,291
Q9Y4X4,KLF12,VTLDSVNE,291
Q14160,SCRIB,ASTDAALE,290
Q9UQ80,PA2G4,EKGDAMIM,290
P17542,TAL1,EITDGPHT,289
P21333,FLNA,TEKDLAED,289
Q16643,DBN1,EDIDAGAI,289
P14625,HSP90B1,VEEDLGKS,288
Q14203,DCTN1,DTADAIEM,288
Q6IS14,EIF5AL1,ETGDAGAS,288
Q9ULV0,MYO5B,LESDSNYP,288
Q9UQF2,MAPK8IP1,DESDSATV,288
O60508,CDC40,SNIDGFLG,287
P02545,LMNA,VEIDNGKQ,287
Q02750,MAP2K1,VEGDAAET,287
Q15750,TAB1,TSLDAVAQ,287
Q9ULV0,MYO5B,DTEDALQQ,287
P22314,UBA1,QNLDGVAN,286
P55735,SEC13,NTVDTSHE,285
P55735,SEC13,SHEDMIHD,285
Q13177,PAK2,SHVDGAAK,285
Q14839,CHD4,TAVDGYET,285
Q15545,TAF7,STVDGDLY,285
Q6P1L5,FAM117B,DIPDGHRA,285
Q99081,TCF12,DLLDFSAM,285
Q04695,KRT17,VEMDAAPG,284
Q12959,DLG1,QPVDNHVS,284
Q14203,DCTN1,ETMDALQA,284
Q9H9L4,KANSL2,VVGDGMQC,284
P62306,SNRPF,EYIDGALS,283
Q92614,MYO18A,VHRDGFSL,283
O15265,ATXN7,FDPDIHCG,282
O75312,ZPR1,VKTDSAAT,282
O94776,MTA2,SLADSNAR,282
P53667,LIMK1,DEIDLLIQ,282
Q8NF91,SYNE1,ASVDSIPL,282
P09086,POU2F2,MSVDSSLP,281
P23769,GATA2,DEVDVFFN,281
P31749,AKT1,TVADGLKK,281
P98175,RBM10,PTRDGLGS,281
P23528,CFL1,VFNDMKVR,280
P35637,FUS,DWFDGKEF,280
P52735,VAV2,DIYDCVPC,280
Q9Y6K1,DNMT3A,VYTDMWVE,280
O60493,SNX3,LEIDVSNP,279
Q13188,STK3,LSEDSLTK,279
Q96A49,SYAP1,GKIDGIID,279
Q9BTE3,MCMBP,DERDASAL,279
P63220,RPS21,EFVDLYVP,278
Q7KZF4,SND1,HFVDSHHQ,278
Q8NAV1,PRPF38A,TVKDAHSI,278
Q96CT7,CCDC124,TIEDAIAV,278
Q9ULT8,HECTD1,EGHDSLSV,278
O60493,SNX3,NLNDAYGP,277
P27708,CAD,EAVDGECP,277
Q01130,SRSF2,DAEDAMDA,277
Q09666,AHNAK,SMPDIDLN,277
Q0VF96,CGNL1,DLQDQLSE,277
Q9UMY4,SNX12,DLTDAYGP,277
P13010,XRCC5,DFLDALIV,276
P47712,PLA2G4A,DELDAAVA,276
Q03001,DST,DELDSMAP,276
Q32P28,P3H1,VVMDGVIS,276
Q9Y5S9,RBM8A,EDYDSVEQ,276
Q9Y6T7,DGKB,VTVDGQGL,276
P52747,ZNF143,IQADGTVA,275
P68363,TUBA1B,VGVDSVEG,275
Q01130,SRSF2,DAMDAMDG,275
Q71U36,TUBA1A,VGVDSVEG,275
Q9H2F5,EPC1,DLPDLHEY,275
Q9UJW0,DCTN4,HEVDSHYC,275
P42224,STAT1,MELDGPKG,274
P48147,PREP,HEKDVLEW,274
Q53EP0,FNDC3B,ESPDSSGA,274
Q9NZL9,MAT2B,NQPDAASQ,274
P09496,CLTA,GPTDSYAA,273
P13612,ITGA4,IDNDGFED,273
Q16829,DUSP7,TNVDSSSS,273
Q9NVH2,INTS7,QELDANSA,273
O95433,AHSA1,TERDASNW,272
P22314,UBA1,LYFDALEC,272
P55036,PSMD4,ADIDASSA,272
Q9H0G5,NSRP1,YEYDSIYD,272
O14818,PSMA7,FSPDGHLF,271
P27694,RPA1,QALDGVSI,271
Q14C86,GAPVD1,DLPDSASQ,271
O95433,AHSA1,ERADATNV,270
P05067,APP,VKMDAEFR,270
Q9BTE6,AARSD1,EQADHFTQ,270
Q9BYT8,NLN,FEYDGKIN,270
Q9Y4F3,MARF1,QSHDGSST,270
O75369,FLNB,VTYDGHPV,269
P42704,LRPPRC,DRLDSSAV,269
Q13402,MYO7A,EDLDAALP,269
Q13765,NACA,EEQDSTQA,269
Q96HN2,AHCYL2,SSTDSYSS,269
P25054,APC,DNIDNLSP,268
Q96I24,FUBP3,QERDGFGG,268
Q99436,PSMB7,VYKDGIVL,268
Q9NZZ3,CHMP5,SLTDCIGT,268
O14974,PPP1R12A,ANVDGLTA,267
P51532,SMARCA4,SEVDARHI,267
Q93008,USP9X,SSPDSSNE,267
P25800,LMO1,DKEDGVPM,266
Q13043,STK4,LDEDSLTK,266
Q15637,SF1,DQNDLRKM,266
O14727,APAF1,SVTDSVMG,265
O15511,ARPC5,DGGDGQAG,265
O75525,KHDRBS3,ETYDSYGQ,265
P30154,PPP2R1B,LELDSVKS,265
P60484,PTEN,QEIDSICS,265
Q03701,CEBPZ,ENTDSVVM,265
Q13813,SPTAN1,DETDSKTA,265
Q9HAV4,XPO5,IQKDSLDQ,265
P49792,RANBP2,DFADGERK,264
Q01082,SPTBN1,DEVDSKRL,264
Q0VF96,CGNL1,DELDSAKR,264
Q15003,NCAPH,VRVDAVHA,264
Q92785,DPF2,DKEDSQPP,264
Q9C0C9,UBE2O,GGTDSVSP,264
Q9NVC6,MED17,VGLDGTET,264
O15511,ARPC5,DEEDGGDG,263
O15075,DCLK1,DENDGPGE,262
O94888,UBXN7,MFLDGGGI,262
P24928,POLR2A,LETDGVSL,262
P30260,CDC27,ISPDTVPL,262
Q12873,CHD3,EEVDGYET,262
Q12905,ILF2,STWDGVIV,262
Q93009,USP7,ALSDGHNT,262
Q96A49,SYAP1,DAFDACNL,262
P40306,PSMB10,VFQDGVIL,261
P51532,SMARCA4,IGPDGEPL,261
Q8TEW8,PARD3B,EYTDGGIL,261
Q96A49,SYAP1,LEEDSADW,261
P16989,YBX3,TGPDGVPV,260
P30260,CDC27,SYIDSAVI,260
Q5JSZ5,PRRC2B,LYLDGHVF,260
Q6NZY4,ZCCHC8,DGTDGETE,260
Q92614,MYO18A,DRVDGVKS,260
Q05513,PRKCZ,DGMDGIKI,259
Q12802,AKAP13,GGFDSHQM,259
Q14161,GIT2,PDYDSVAS,259
Q86UR5,RIMS1,DFLDGLGP,259
Q86VQ1,GLCCI1,SSLDTITG,259
P19338,NCL,AMEDGEID,258
P23588,EIF4B,LEGDVSTT,258
P31948,STIP1,KELDPTNM,258
Q02447,SP3,VDLDSLGL,258
Q14677,CLINT1,VSSDSVGG,258
Q9P2D1,CHD7,ETRDGFYM,258
O75367,H2AFY,ASADSTTE,257
P08238,HSP90AB1,KYIDQEEL,257
Q8ND25,ZNRF1,SLADALPL,257
P26641,EEF1G,ADSDIVPP,256
Q06547,GABPB1,TMPDGQQV,256
Q15149,PLEC,ILRDKDNT,256
O14576,DYNC1I1,DSGDLGPL,255
O75116,ROCK2,IGLDSSSI,255
O95218,ZRANB2,RVSDGDWI,255
P23588,EIF4B,DETDDLEG,255
P30153,PPP2R1A,DEQDSVRL,255
P62877,RBX1,MDVDTPSG,255
Q15149,PLEC,RDKDNTQR,255
Q9NQ55,PPAN,AEPDGDHN,255
P26641,EEF1G,FEGDDGFC,254
P55884,EIF3B,DGIDSVIV,254
P55884,EIF3B,IVVDNVPQ,254
Q92547,TOPBP1,DVKDALAA,254
P49257,LMAN1,VQSDGTVP,253
P98095,FBLN2,IMADGVSC,253
Q12972,PPP1R8,TELDNLTE,253
Q5VTB9,RNF220,TEADVIPC,253
Q6DN90,IQSEC1,DFADAITE,253
Q8N7H5,PAF1,EEMDYAPD,253
P11177,PDHB,TVRDAINQ,252
P46531,NOTCH1,CLLDSSGM,252
P62269,RPS18,DVKDGKYS,252
Q8IWV8,UBR2,LELDASTS,252
Q8NCJ5,SPRYD3,MMVDSYED,252
Q8IXX5,TMEM183A,TVADYANS,251
Q8WWY3,PRPF31,IEEDAYQE,251
Q9HCE5,METTL14,ESADSIGA,251
P12814,ACTN1,PEEDWDRD,250
P46939,UTRN,VTIDAIRE,250
P61758,VBP1,EDVDSFMK,250
P61923,COPZ1,EIVDGGVI,250
Q08945,SSRP1,DQHDAYLE,250
Q15797,SMAD1,MTQDGSQP,250
O75794,CDC123,SEVDAQEQ,249
Q13362,PPP2R5C,MVVDAANS,249
Q13435,SF3B2,ARPDVVEM,249
Q7Z5L9,IRF2BP2,SLPDSSLA,249
Q8WYQ5,DGCR8,NDVDALLE,249
Q9Y5A9,YTHDF2,AMIDGQSA,249
O43829,ZBTB14,TFNDGMSE,248
O60488,ACSL4,THFDSLAV,248
O60502,OGA,SVVDGTPL,248
O60749,SNX2,VSLDSPER,248
O95155,UBE4B,VDVDSGIE,248
P49116,NR2C2,SLADGIDT,248
Q6P2E9,EDC4,EENDSLGA,248
Q9BXP5,SRRT,SLDDSVDE,248
Q9Y4X4,KLF12,LSVDHFQT,248
P0CG39,POTEJ,LVIDNGSG,247
P78356,PIP4K2B,CENDGVGG,247
Q06413,MEF2C,SSYDGSDR,247
Q8NFH3,NUP43,LDSDGGFE,247
P61289,PSME3,DGLDGPTY,246
P83916,CBX1,HETDKSEG,246
Q15427,SF3B4,RNQDATVY,246
Q9Y2X7,GIT1,DLSDGAVT,246
Q13435,SF3B2,DFSDMVAE,245
Q14161,GIT2,DQPDYDSV,245
Q7Z6Z7,HUWE1,DMEDSVLA,245
Q8NE71,ABCF1,ESIDALGE,245
Q96G21,IMP4,LEFDDAGG,245
Q9NRL2,BAZ1A,QLTDADTK,245
O60244,MED14,DMMDSLIS,244
O60506,SYNCRIP,GYEDYYDY,244
O60784,TOM1,TDLDMLSP,244
P10275,AR,VSVDFPEM,244
P11498,PC,NNVDAVHP,244
P51114,FXR1,VLMDGMTE,244
Q14145,KEAP1,TFLDSVEC,244
Q6P2E9,EDC4,LGADGTHG,244
Q6PKG0,LARP1,SQTDFSQL,244
Q9BYD3,MRPL4,HIMDSLEL,244
Q9NWQ4,GPATCH2L,HESDSFTE,244
Q15276,RABEP1,VGADSVSE,243
Q7Z6Z7,HUWE1,LERDGGSG,243
Q9H5V7,IKZF5,IQTDSYES,243
P26368,U2AF2,MTPDGLAV,242
P49023,PXN,SELDRLLL,242
Q06203,PPAT,TQLDVPHV,242
Q13136,PPFIA1,SETDNSSQ,242
Q5SW79,CEP170,SDVDTAST,242
Q92993,KAT5,DSSDGIPS,242
Q9NVM9,INTS13,DSPDSPEP,242
O15042,U2SURP,EDVDGIPI,241
P49411,TUFM,DAVDTYIP,241
Q02447,SP3,NSIDSAGI,241
Q7Z422,SZRD1,IQDDSLPA,241
Q8N3P4,VPS8,DTIDSHSY,241
Q92628,KIAA0232,IVLDGMEL,241
Q96AE4,FUBP1,PQNDSFGT,241
Q96K76,USP47,TDKDGEQP,241
Q9NRA8,EIF4ENIF1,DDLDVVLS,241
O15042,U2SURP,DDLDGVPL,240
O60216,RAD21,DSPDSVDP,240
P45974,USP5,DDLDAEAA,240
Q02447,SP3,LSGDSTLN,240
Q15276,RABEP1,DESDFGPL,240
Q96JN0,LCOR,SEQDGVLD,240
Q96QB1,DLC1,SDLDSTGN,240
Q9H2G2,SLK,VTVDSNKP,240
Q9Y2X9,ZNF281,SLIDSSAL,240
Q9Y5B6,PAXBP1,EIPDAAFI,240
P27448,MARK3,SELDASDS,239
P56945,BCAR1,DSPDGQYE,239
Q15032,R3HDM1,INPDGSPV,239
Q8NDV7,TNRC6A,TTVDSISV,239
Q92576,PHF3,VCEDFSAS,239
Q9BYT8,NLN,NEDDTFLV,239
Q9GZY8,MFF,DFLDLERP,239
Q9H553,ALG2,TSFDSVVP,239
Q9UNF0,PACSIN2,SSTDANGD,239
Q9Y2I7,PIKFYVE,DVFDGHLL,239
O15042,U2SURP,DDLDGVPI,238
P11498,PC,VAADSMSG,238
P43243,MATR3,AAVDYYTT,238
Q06210,GFPT1,SRVDSTTC,238
Q6SZW1,SARM1,CLVDASDT,238
Q8TD16,BICD2,VSLDGLKF,238
Q92581,SLC9A6,TYGDSTVN,238
Q99733,NAP1L4,ERLDNVPH,238
Q9NZB2,FAM120A,NHVDSAYF,238
Q9UL15,BAG5,FEIDSVDT,238
O15042,U2SURP,EELDGAPL,237
O75592,MYCBP2,SLTDSTCD,237
P09497,CLTB,GPADGYAA,237
P38159,RBMX,DTRDYAPP,237
P78347,GTF2I,VVVDGMPP,237
Q13136,PPFIA1,TLTDGVLD,237
Q13435,SF3B2,EAMDGSET,237
Q3V6T2,CCDC88A,DSQDSSSV,237
Q70CQ2,USP34,HTVDSCIS,237
Q7Z6I8,C5orf24,DQFDIYSS,237
Q7Z6Z7,HUWE1,LSPDGLPE,237
Q8NCP5,ZBTB44,TSRDGSIS,237
Q8NEZ4,KMT2C,EQLDGILS,237
Q96A33,CCDC47,DKPDTSSS,237
Q96AE4,FUBP1,DQPDAKKV,237
Q96TA2,YME1L1,TGLDSAVD,237
Q9P2D1,CHD7,DDADAAGR,237
O60506,SYNCRIP,YPPDYYGY,236
P08758,ANXA5,VEQDAQAL,236
P38159,RBMX,SDRDGYGR,236
P38159,RBMX,STKDSYSS,236
P49792,RANBP2,DVADSFKK,236
Q0ZGT2,NEXN,DDVDVRPA,236
Q12772,SREBF2,DEPDSPPV,236
Q13098,GPS1,NAPDAIPE,236
Q14008,CKAP5,IENDNGTV,236
Q56P03,EAPP,DEVDVLLH,236
Q6UWI4,SHISA2,VQHDSVPM,236
Q8NCN2,ZBTB34,GDVDSVTV,236
Q92734,TFG,DTVDGREE,236
Q969V6,MRTFA,DSSDALSP,236
Q9UPN9,TRIM33,SELDALAS,236
Q9Y613,FHOD1,CSLDGALP,236
O43747,AP1G1,FLLDGLSS,235
P14314,PRKCSH,DCKDGSDE,235
P14314,PRKCSH,TCLDGSAT,235
P16499,PDE6A,DFVDILTE,235
P17010,ZFX,CKVDGTCP,235
P49711,CTCF,NQTDGGEV,235
Q13542,EIF4EBP2,AISDAAQL,235
Q14257,RCN2,KNGDGFVS,235
Q14320,FAM50A,AHYDAVEA,235
Q5VZL5,ZMYM4,TQTDALKL,235
Q7Z460,CLASP1,VSRDGGAA,235
Q9NW75,GPATCH2,HESDFAVD,235
Q9UBI9,HECA,AHFDYSPA,235
A7XYQ1,SOBP,LTPDSWNI,234
O60927,PPP1R11,DTVDNEHM,234
P07814,EPRS,DQVDIAVQ,234
P14314,PRKCSH,DCCDGTDE,234
P38159,RBMX,SYRDSYES,234
P43146,DCC,SCQDLTPV,234
Q6P1L5,FAM117B,DPRDKENG,234
Q7Z6E9,RBBP6,TLVDYTST,234
Q8WWW0,RASSF5,SIYDAIKE,234
Q96K76,USP47,NERDSSAS,234
Q96P50,ACAP3,DELDSLFS,234
Q96T58,SPEN,STTDSIQE,234
Q9Y2D5,AKAP2,EELDSGLD,234
Q9Y2W1,THRAP3,VRMDSFDE,234
Q9Y6E0,STK24,AETDGQAS,234
Q9Y6Q9,NCOA3,SNTDATGL,234
O43166,SIPA1L1,LDVDSFDE,233
O60573,EIF4E2,TQKDGEKE,233
P06396,GSN,SEPDGFWE,233
P08581,MET,ESVDYRAT,233
P17947,SPI1,GEADGLEP,233
P42575,CASP2,EESDAGKE,233
P52747,ZNF143,VSIDGSES,233
P54252,ATXN3,DEEDLQRA,233
Q02447,SP3,INADGHLI,233
Q14BN4,SLMAP,DTTDAQMD,233
Q6P996,PDXDC1,DNVDAAEL,233
Q8N806,UBR7,DEYDTVLA,233
Q9P246,STIM2,SECDSLNS,233
Q9UIG0,BAZ1B,DNKDSAAF,233
O14639,ABLIM1,IETDHWPG,232
O60232,ZNRD2,TCADCGTI,232
O76024,WFS1,NEHDGGAQ,232
P08758,ANXA5,VVGDTSGY,232
P10244,MYBL2,SFLDSCNS,232
P22234,PAICS,ELLDSPGK,232
Q02156,PRKCE,SSPDGQLM,232
Q05513,PRKCZ,DSEDLKPV,232
Q6Y7W6,GIGYF2,YLQDSALD,232
Q86U86,PBRM1,DFDDGHHS,232
Q92558,WASF1,DHMDGSYS,232
Q92997,DVL3,TETDSLVS,232
Q9BTC0,DIDO1,AQPDSVYC,232
Q9UHB9,SRP68,DANDAHQT,232
Q9UIU6,SIX4,SSSDGITN,232
Q9Y3S2,ZNF330,EEGDGASG,232
A0MZ66,SHTN1,TDTDGAAE,231
O43290,SART1,HAIDSFRE,231
O60232,ZNRD2,SDVDKDNP,231
P08758,ANXA5,LEDDVVGD,231
P45974,USP5,IARDGLGG,231
P52294,KPNA1,VMSDGGFH,231
P60900,PSMA6,AEIDAHLV,231
Q09666,AHNAK,SMPDVGLN,231
Q13464,ROCK1,DLSDSTSV,231
Q16891,IMMT,RELDSITP,231
Q53TQ3,INO80D,AQSDGVPV,231
Q5T5X7,BEND3,DCYDSSSL,231
Q68CP9,ARID2,VRVDSVPD,231
Q92558,WASF1,TYVDHMDG,231
Q9H1E3,NUCKS1,YGRDSGPP,231
Q9P289,STK26,DESDSEGS,231
O00232,PSMD12,MEVDYSAT,230
O14530,TXNDC9,EHLDSEIQ,230
O75475,PSIP1,WEIDNNPK,230
O95155,UBE4B,MDIDGVSC,230
P06400,RB1,DEADGSKH,230
Q03164,KMT2A,SQLDGVDD,230
Q09666,AHNAK,EVPDVNIE,230
Q13114,TRAF3,ESVDKSAG,230
Q15283,RASA2,VIEDSVTT,230
Q68CP9,ARID2,SVPDVSPA,230
Q6DCA0,AMMECR1L,QHVDSSSG,230
Q92673,SORL1,DCGDSHIL,230
Q9H2P0,ADNP,DEKDSRVN,230
Q9P0L0,VAPA,SKQDGPMP,230
Q9Y2L5,TRAPPC8,MTVDGIGA,230
O60784,TOM1,DEFDMFAL,229
P04049,RAF1,MIEDAIRS,229
P29144,TPP2,QAQDGAIS,229
P29374,ARID4A,IEVDSIAE,229
P54252,ATXN3,EANDGSGM,229
Q01082,SPTBN1,ETVDTSEM,229
Q07021,C1QBP,LVLDCHYP,229
Q13114,TRAF3,EEADSMKS,229
Q14511,NEDD9,DDYDYVHL,229
Q66GS9,CEP135,TEIDQLAQ,229
Q7Z7A1,CNTRL,DIVDEIEC,229
Q86VP1,TAX1BP1,DGADGAFY,229
Q8WXG6,MADD,TDQDSVIG,229
Q93073,SECISBP2L,ETSDGLEA,229
Q9H9B1,EHMT1,LETDGLQE,229
Q9P2B2,PTGFRN,SRVDGVVL,229
Q9UBK2,PPARGC1A,SMPDGTPP,229
Q9Y262,EIF3L,SDYDMHTG,229
O94988,FAM13A,DDADGFIS,228
P12270,TPR,DGTDPGTE,228
P29083,GTF2E1,IDMDAFQE,228
Q02078,MEF2A,STTDLTVP,228
Q4ADV7,RIC1,VQPDAFQP,228
Q96II8,LRCH3,DYIDSCTA,228
O00418,EEF2K,VTFDSLPS,227
O60506,SYNCRIP,DYYDYYGY,227
P08238,HSP90AB1,AVPDEIPP,227
P18848,ATF4,LAVDGLVS,227
P28290,ITPRID2,DSTDCLSL,227
P42575,CASP2,DQQDGKNH,227
P43243,MATR3,FRRDSFDD,227
P43487,RANBP1,ENTDESNH,227
P49023,PXN,SLLDELES,227
P49023,PXN,SQLDSMLG,227
P50542,PEX5,NETDWSQE,227
P80108,GPLD1,FNVDGVPD,227
Q05397,PTK2,DQTDSWNH,227
Q05513,PRKCZ,EETDGIAY,227
Q07021,C1QBP,AFVDFLSD,227
Q3T8J9,GON4L,YEFDGFEE,227
Q4LE39,ARID4B,IEVDSVAG,227
Q53RE8,ANKRD39,SQPDSAGY,227
Q92574,TSC1,TEEDGVPS,227
Q9BSE4,HERPUD2,VNNDGQNA,227
O43251,RBFOX2,AQTDGQQS,226
O43660,PLRG1,NATDSYVH,226
O43865,AHCYL1,SYTDSSDD,226
P48553,TRAPPC10,IENDSLSV,226
P49321,NASP,DMLDLAKI,226
P63104,YWHAZ,TQGDEAEA,226
Q13615,MTMR3,VEFDSSLS,226
Q8WXF1,PSPC1,NMGDAFSP,226
Q9H981,ACTR8,AQGDGLMA,226
P15924,DSP,DVLDGHLR,225
P42858,HTT,DLNDGTQA,225
Q3T8J9,GON4L,VCMDSFQP,225
Q7LDG7,RASGRP2,IDIDSVPT,225
Q8TC07,TBC1D15,AEWDMVNT,225
Q96PU5,NEDD4L,DSNDSASQ,225
Q96RD7,PANX1,DMRDGACS,225
Q9UIL1,SCOC,DAVDAENQ,225
O43491,EPB41L2,VDIDVLPQ,224
O43865,AHCYL1,SSTDSYSS,224
P27348,YWHAQ,EECDAAEG,224
P55347,PKNOX1,SEPDAEGV,224
Q14161,GIT2,VCADCSGP,224
Q8WXD2,SCG3,DDYDSTKS,224
Q969S3,ZNF622,LGVDSVDK,224
Q96RK0,CIC,TDLDSAPE,224
Q9H0H5,RACGAP1,TETDSVGT,224
Q9NWQ8,PAG1,VLKDSSSQ,224
Q9UJC3,HOOK1,DQLDGSFD,224
Q9Y520,PRRC2C,MEVDYTEQ,224
O75122,CLASP2,DATDSSQT,223
O75925,PIAS1,LTYDGHPA,223
O95402,MED26,VNLDGQVA,223
P07602,PSAP,QPKDNGDV,223
P07686,HEXB,VWKDSAYP,223
P12270,TPR,LEIDSQQE,223
P12830,CDH1,DTRDNVYY,223
P26599,PTBP1,AAVDAGMA,223
P31749,AKT1,EEMDFRSG,223
P38117,ETFB,VVTDGVKH,223
P46821,MAP1B,DATDGKDY,223
P53990,IST1,VETDLIDV,223
Q03001,DST,DIIDDLVK,223
Q14157,UBAP2L,NPSDSAVH,223
Q14202,ZMYM3,EVVDSTES,223
Q15154,PCM1,SEEDGRGE,223
Q7Z6Z7,HUWE1,FAADGAST,223
Q96ED9,HOOK2,DTPDSLSP,223
Q9UBL0,ARPP21,VNPDGTPA,223
O43390,HNRNPR,DYYDDYYG,222
O60486,PLXNC1,DVVDSFGT,222
P12270,TPR,DESDLPST,222
P12270,TPR,DSQDSIGE,222
P14316,IRF2,ETTDSVPS,222
P22626,HNRNPA2B1,GGYDNYGG,222
Q14839,CHD4,VESDFDDA,222
Q15139,PRKD1,CQNDSGEM,222
Q6UXV4,APOOL,FGKDAYVY,222
Q8IXS8,FAM126B,LSVDSVEL,222
Q8NDI1,EHBP1,LYADSSKT,222
Q96D71,REPS1,TVADGYSS,222
Q96D71,REPS1,VDADGLIT,222
Q96RK0,CIC,IADDGFGT,222
Q9NYF8,BCLAF1,YQGDGIVE,222
Q9ULH0,KIDINS220,DVIDYSSS,222
O43390,HNRNPR,DYHDYRGG,221
O60583,CCNT2,DVRDHYIA,221
P12270,TPR,DDGDEVFV,221
P17947,SPI1,HVLDTPMV,221
P19338,NCL,GEIDGNKV,221
P57071,PRDM15,TTIDASSI,221
Q14157,UBAP2L,MENDSSNL,221
Q14C86,GAPVD1,DILDKYRN,221
Q96QZ7,MAGI1,DQTDSSGQ,221
Q9BWU0,SLC4A1AP,DSLDAFMS,221
Q9HBD1,RC3H2,DATDTKPD,221
Q9HBD1,RC3H2,DEPDGQSE,221
Q9Y483,MTF2,SDVDFTGA,221
O43290,SART1,SESDGEEN,220
P78527,PRKDC,SVIDSAEL,220
Q15459,SF3A1,KTEDSLMP,220
Q5W0B1,RNF219,SELDSMMS,220
Q8IWX8,CHERP,NQPDAAWN,220
Q8N108,MIER1,PSADMLVH,220
Q92541,RTF1,EFHDGYGE,220
Q9BUT9,MCRIP2,QQLDGGPA,220
Q9BXW9,FANCD2,EEIDGLLD,220
Q9H6S0,YTHDC2,FRVDGIPN,220
O60238,BNIP3L,TSRDHSSQ,219
P12270,TPR,DGNDGYEA,219
P17405,SMPD1,SKCDLPLR,219
P18858,LIG1,VRIDGAVI,219
P42858,HTT,IVLDGTDN,219
P51114,FXR1,TESDTASV,219
Q09666,AHNAK,EAPDVSLE,219
Q8IZ21,PHACTR4,ENSDSFSE,219
Q8N573,OXR1,TSADGHIE,219
Q96PU5,NEDD4L,SVTDAVAE,219
Q99996,AKAP9,GVIDGYAD,219
Q9H6T3,RPAP3,DELDKDDS,219
Q9UKG1,APPL1,LSLDSLVA,219
O00512,BCL9,ENPDGLSQ,218
P02686,MBP,IQEDSAAT,218
P21127,CDK11B,TEGDYVPD,218
P49585,PCYT1A,TEEDGVPS,218
P51693,APLP1,VEVDPMLT,218
Q02078,MEF2A,TLTDSSML,218
Q15648,MED1,SSDDGIRP,218
Q6P2E9,EDC4,DSQDASAE,218
Q7L4P6,BEND5,VEEDGEVK,218
Q86UE8,TLK2,YGLDGSAA,218
Q9BVC5,C2orf49,IVFDGSST,218
Q9ULM3,YEATS2,SESDSLSQ,218
P51531,SMARCA2,LGPDGEPI,217
P53396,ACLY,MPQDSVPS,217
Q09666,AHNAK,DTPDINIE,217
Q12982,BNIP2,DPSDGSVL,217
Q5T5Y3,CAMSAP1,VSLDGSAD,217
Q5TH69,ARFGEF3,LESDSASP,217
Q6FIF0,ZFAND6,SVSDTAQQ,217
Q8ND04,SMG8,QSTDSLGT,217
Q92540,SMG7,LAADGSPG,217
Q08378,GOLGA3,CSTDSPLP,216
Q12802,AKAP13,IEQDVVGP,216
Q13422,IKZF1,SAQDSAVE,216
Q15276,RABEP1,HSLDAGLL,216
Q15424,SAFB,DSRDGWGG,216
Q68CZ2,TNS3,HSVDSLGT,216
Q8NE71,ABCF1,AENDFSVS,216
Q92945,KHSRP,SQGDSISS,216
Q9BY77,POLDIP3,VQNDAYTA,216
Q9H6K1,ILRUN,SEFDSISK,216
Q9H6T3,RPAP3,SEEDGIHV,216
Q9UNZ2,NSFL1C,SFRDLIHD,216
O15265,ATXN7,PKMDGTLL,215
P31689,DNAJA1,DEMDQVEL,215
Q01105,SET,EDDDDDEE,215
Q8NAN2,MIGA1,ASTDSFAS,215
Q8TEQ0,SNX29,WSVDGEVT,215
Q9H4A3,WNK1,VLSDGTVD,215
Q9NXR1,NDE1,ERTDTAVQ,215
Q9UPN3,MACF1,DAPDGSDA,215
Q9UPS6,SETD1B,GELDAVSP,215
A6NKT7,RGPD3,DVADAASE,214
P0DJD0,RGPD1,DVADAASE,214
P0DJD1,RGPD2,DVADAASE,214
P10636,MAPT,DMVDSPQL,214
P21359,NF1,SSMDSAAG,214
P22681,CBL,LSLDGDPT,214
P42858,HTT,DEEDILSH,214
P46934,NEDD4,GQVDVPLY,214
P51114,FXR1,DDRDSRHQ,214
Q01105,SET,DDDDDEEE,214
Q01543,FLI1,SLFDSAYG,214
Q08AD1,CAMSAP2,SYVDGFIG,214
Q13057,COASY,VERDGLSE,214
Q13459,MYO9B,VCVDSLTS,214
Q7Z3J3,RGPD4,DVADAASE,214
Q96II8,LRCH3,IQRDAVLD,214
Q9Y4E6,WDR7,TAPDASGP,214
P23368,ME2,TFEDAVNI,213
P54105,CLNS1A,MEVDTTPT,213
P78527,PRKDC,DEVDNKVK,213
Q15043,SLC39A14,SELDGKAP,213
Q5T6F2,UBAP2,TTEDWTED,213
Q66GS9,CEP135,VALDGGRS,213
Q96F24,NRBF2,TDKDAAAH,213
Q9NSI8,SAMSN1,SCSDGTSN,213
Q9ULH7,MRTFB,DSSDALSP,213
Q9UPP1,PHF8,TDEDMVEG,213
Q9Y232,CDYL,TAVDGFQS,213
A0MZ66,SHTN1,AEADSSSP,212
O14974,PPP1R12A,TQTDSISR,212
P42261,GRIA1,VSHDFPKS,212
P42858,HTT,DSVDLASC,212
Q09666,AHNAK,DVPDVNLE,212
Q14444,CAPRIN1,YQRDGYQQ,212
Q15366,PCBP2,WGLDASAQ,212
Q99460,PSMD1,MEVDEAEK,212
Q9BWW4,SSBP3,SPADSTNS,212
Q9UQ88,CDK11A,TEGDYVPD,212
P05549,TFAP2A,DRHDGTSN,211
P54259,ATN1,DPRDIDQD,211
P54259,ATN1,DSLDGRSL,211
Q01105,SET,EEDDDDDE,211
Q09666,AHNAK,DVPDVNVQ,211
Q6PIF6,MYO7B,EDVDGLAE,211
Q7Z6E9,RBBP6,NKTDSLFV,211
Q86VP1,TAX1BP1,SRPDGLED,211
Q96BR5,COA7,LAHDGQVN,211
Q9HB07,C12orf10,EEVDAVDN,211
Q9UKJ3,GPATCH8,ESTDGAED,211
P00519,ABL1,DTTDVPEM,210
P42858,HTT,DGTDNQYL,210
P46937,YAP1,ASTDAGTA,210
P54259,ATN1,IDQDNRST,210
P56524,HDAC4,LERDGGAA,210
Q09666,AHNAK,PDVDVHGP,210
Q13492,PICALM,ATVDAVDD,210
Q96B97,SH3KBP1,EGFDSVVS,210
Q99683,MAP3K5,VIEDAVAT,210
Q9UPP1,PHF8,IEEDYTTD,210
Q9Y5A9,YTHDF2,NGVDGNGV,210
O15014,ZNF609,TSNDAFDS,209
P00519,ABL1,EHRDTTDV,209
P06400,RB1,LENDTRII,209
P08670,VIM,SLADAINT,209
P49792,RANBP2,DVADATSE,209
Q01105,SET,EDIDEEGD,209
Q6PJT7,ZC3H14,VTLDGVPS,209
Q96B97,SH3KBP1,VENDFLPV,209
Q96T58,SPEN,VKPDSVTA,209
Q9Y520,PRRC2C,SVTDYTTP,209
P11387,TOP1,PEDDGYFV,208
Q02880,TOP2B,NEEDSASV,208
Q09666,AHNAK,DAPDVDVH,208
Q12888,TP53BP1,DGLDASSP,208
Q13555,CAMK2G,NATDGIKG,208
Q6ULP2,AFTPH,DDLDNVAD,208
Q92733,PRCC,IAPDASFI,208
Q99666,RGPD5,DVADAASE,208
Q9NU22,MDN1,VDTDSHAE,208
Q9ULE0,WWC3,MGIDSILG,208
O14715,RGPD8,DVADAASE,207
O94782,USP1,DFTDSQEN,207
O95208,EPN2,DLMDALPS,207
P08047,SP1,VQQDGSGQ,207
Q14494,NFE2L1,SALDSADL,207
Q7Z5R6,APBB1IP,QDLDALMA,207
O00470,MEIS1,GGMDGVGI,206
O60885,BRD4,DVPDSQQH,206
P06744,GPI,TSHDASTN,206
Q02413,DSG1,DLRDGSNV,206
Q13439,GOLGA4,LDLDSSTA,206
Q99081,TCF12,PLHDSAAL,206
O15417,TNRC18,ADADGLAP,205
O43310,CTIF,EDGDGINL,205
O43491,EPB41L2,RSLDGAPI,205
O94888,UBXN7,EKADGVVE,205
P25490,YY1,DDSDGLRA,205
Q86TB9,PATL1,EEIDQFND,205
Q8TEK3,DOT1L,TALDALHA,205
Q92576,PHF3,SIADALSS,205
P31942,HNRNPH3,YGRDGMDN,204
Q01105,SET,GEEDDDDD,204
Q14789,GOLGB1,DVTDAQIK,204
Q8N4X5,AFAP1L2,SSVDGHPE,204
Q9BTC0,DIDO1,SVSDALMS,204
Q9H6Z4,RANBP3,DREDGNYC,204
O94876,TMCC1,AEIDGVPT,203
Q13009,TIAM1,IDSDAVSA,203
Q13492,PICALM,AVDDAIPS,203
Q8NEZ4,KMT2C,TQTDLFVT,203
Q9H4A3,WNK1,SSVDSAHS,203
Q9NXR5,ANKRD10,QSLDSAVP,203
Q9P2W9,STX18,TWGDGKGE,203
O95721,SNAP29,MSTDAYPK,202
P42566,EPS15,TNLDFFQS,202
P50851,LRBA,PTVDSVSQ,202
P53990,IST1,DLIDVGFT,202
Q6PKG0,LARP1,DFGDAINW,202
Q9BZ72,PITPNM2,DTQDGLYR,202
Q9H0D6,XRN2,FTSDGSPS,202
Q9NUM4,TMEM106B,DAYDGVTS,202
O14974,PPP1R12A,DRYDSLLG,201
Q14139,UBE4A,DEFDYSVA,201
Q7Z460,CLASP1,DDEDSVDG,201
Q8N9T8,KRI1,EEPDSASV,201
Q8WXI9,GATAD2B,AMTDAANS,201
Q92785,DPF2,ISQDGSSL,201
Q9P0L2,MARK1,TSVDGYTE,201
P16333,NCK1,SVPDSASP,200
P27797,CALR,QFLDGDGW,200
Q96B23,C18orf25,VQKDGVAD,200
Q96QC0,PPP1R10,GFLDALNS,200
Q9NW75,GPATCH2,SESDSSSL,200
Q9UQC2,GAB2,HHFDSLGY,200
P42694,HELZ,FQNDGIVQ,199
Q16643,DBN1,QKTDAAVE,199
Q9BVI0,PHF20,EELDGDDR,199
P07355,ANXA2,LEGDHSTP,198
P20700,LMNB1,NSKDAALA,198
Q14151,SAFB2,DHRDGQHY,198
Q9BRQ0,PYGO2,PMVDHLVA,198
Q9P2E9,RRBP1,SQLDAAKS,198
P05783,KRT18,VEVDAPKS,197
Q5H9R7,PPP6R3,EEEDGAKQ,197
Q6P4F7,ARHGAP11A,LGIDGLCA,197
Q96SB3,PPP1R9B,EEEDPAPS,197
Q9Y4B6,DCAF1,DDTDDLDE,197
Q9Y4C1,KDM3A,VQDDSCVN,197
O60437,PPL,TVADSGTN,196
O60733,PLA2G6,DVTDYKGE,196
P53621,COPA,PELDISPG,196
Q4V328,GRIPAP1,DTVDGQRI,196
Q53F19,NCBP3,VELDTLSQ,196
Q96RU3,FNBP1,ESPDGSYT,196
P51606,RENBP,VQRDGQAV,195
P13010,XRCC5,NAVDALID,194
Q10567,AP1B1,DLFDLTSG,194
Q13263,TRIM28,SCEDNAPA,194
Q2TAZ0,ATG2A,CLRDGLPE,194
Q7Z417,NUFIP2,NRVDGSKP,194
Q8N5H7,SH2D3C,TMTDGLTA,194
Q9H0E2,TOLLIP,VQLDAQAA,194
P08670,VIM,DSVDFSLA,193
P54259,ATN1,DLRDRLKP,193
P78316,NOP14,DLNDGFVL,193
Q7Z6K3,PTAR1,MEVDGLND,193
Q86V81,ALYREF,DLFDSGFG,193
Q9H706,GAREM1,VKTDSVDL,193
Q9UBE0,SAE1,DGPDTKRA,193
Q9UNY4,TTF2,DQLDSTGR,193
Q6GYQ0,RALGAPA1,TVKDGLSL,192
Q86XZ4,SPATS2,ESVDSLSE,192
Q8N684,CPSF7,DQIDLYDD,192
Q92945,KHSRP,STPDFGFG,192
P08047,SP1,NSPDAQPQ,191
P14625,HSP90B1,VDVDGTVE,191
P56945,BCAR1,DVPDGPLL,191
Q8NC51,SERBP1,DGFDSRGK,191
Q9H2P0,ADNP,EWKDGASP,191
Q9Y2X7,GIT1,ESLDGDLD,191
Q14814,MEF2D,DHLDLNNA,190
Q8N684,CPSF7,LYDDVLTA,190
Q96JH7,VCPIP1,ETTDGCVA,190
Q9Y6A5,TACC3,AEVDYLEQ,190
P14136,GFAP,QEADEATL,189
P33992,MCM5,FYSDSFGG,189
Q14814,MEF2D,LTEDHLDL,189
Q6PKG0,LARP1,LQIDMKPE,189
Q71RC2,LARP4,ESTDGMIL,189
Q86XP1,DGKH,SQTDSVPG,189
Q9Y2W7,KCNIP3,DSSDSELE,189
Q9Y2W7,KCNIP3,QGSDSSDS,189
O96028,NSD2,IKYDSLLE,188
Q9UI12,ATP6V1H,GAVDAAVP,188
P08670,VIM,LLQDSVDF,187
P21333,FLNA,VTYDGVPV,187
Q9H582,ZNF644,SCVDSFGS,187
Q9UBC2,EPS15L1,QVLDGAHG,187
O75400,PRPF40A,NSMDVAAG,186
P11274,BCR,CGVDGDYE,186
P37275,ZEB1,SVTDAADC,186
Q96D71,REPS1,SSSDSFTS,186
P25205,MCM3,DYLDFLDD,185
P49736,MCM2,EEEDGEEL,185
P52594,AGFG1,AELDSVFS,185
Q6PD62,CTR9,SENDSRPA,185
Q6ZN18,AEBP2,DSEDSISS,185
O14975,SLC27A2,DGIDSFLD,184
O15085,ARHGEF11,VDMDAAAE,184
P33991,MCM4,LDFDVSSP,184
Q01105,SET,EEGDEDEG,184
Q7Z4H7,HAUS6,ELIDSLGS,184
Q96C57,CUSTOS,HEQDGNEL,184
Q15365,PCBP1,AGIDSSSP,183
O75995,SASH3,PEDDSGVP,182
P09211,GSTP1,ALVDMVND,182
P40121,CAPG,IVTDGEEP,182
Q15365,PCBP1,ASLDASTQ,182
Q9H1I8,ASCC2,DTYDGNQV,182
O15105,SMAD7,DCPDAVPS,181
P06400,RB1,LQTDSIDS,181
P49792,RANBP2,HETDGGSA,181
P51532,SMARCA4,APLDGADP,181
Q9BWU0,SLC4A1AP,DDPDYCVW,181
Q9ULX6,AKAP8L,ERYDSYES,181
P54259,ATN1,VENDSDSS,180
Q07817,BCL2L1,SSLDAREV,180
Q13009,TIAM1,DETDHSSK,180
Q14683,SMC1A,DLKDAQAE,180
Q969S3,ZNF622,VDKDAMNA,180
Q15633,TARBP2,DARDGNEV,179
Q96SB3,PPP1R9B,DKLDADAV,179
Q96SB3,PPP1R9B,LDADAVSP,179
Q9GZV4,EIF5A2,DEIDFTTG,179
P54727,RAD23B,TATDSTSG,178
Q8NDI1,EHBP1,DDPDAAEL,178
Q9BX66,SORBS1,DDSDLYSP,178
Q9NZ08,ERAP1,DLWDSMAS,178
Q9P0K8,FOXJ2,GSVDGGAV,178
Q9Y2X7,GIT1,HDYDSVAS,178
O60551,NMT2,TKSDSASD,177
P14136,GFAP,VERDNLAQ,177
P52566,ARHGDIB,DELDSKLN,177
P68402,PAFAH1B2,SQGDSNPA,177
Q1KMD3,HNRNPUL2,VEGDDVPE,177
Q6IBW4,NCAPH2,SRKDFRMN,177
O00308,WWP2,ALTDGSQL,176
O75410,TACC1,SNRDGHAT,176
Q99549,MPHOSPH8,EVLDSVCQ,176
P14625,HSP90B1,DEVDVDGT,175
P43146,DCC,LSVDRGFG,175
Q9UHB6,LIMA1,ENTDASGK,175
Q9Y6Q9,NCOA3,SWPDGMLS,175
P15498,VAV1,DQIDDTVE,174
P56524,HDAC4,STVDVATA,174
Q15366,PCBP2,TGSDSASF,174
Q5JSZ5,PRRC2B,SQVDGGLS,174
Q96I24,FUBP3,AKIDSIPH,174
Q53ET0,CRTC2,TSSDSALH,173
P53582,METAP1,CETDGCSS,172
Q66PJ3,ARL6IP4,EEEDGPVL,172
Q9UER7,DAXX,DDPDSAYL,172
P23381,WARS,AEEDFVDP,171
P53621,COPA,LDEDGFVE,171
Q1KMD3,HNRNPUL2,DYMDEVTY,171
Q8N684,CPSF7,GSRDSGPP,171
P07910,HNRNPC,NKTDPRSM,170
Q70CQ2,USP34,INIDSTWQ,170
O95218,ZRANB2,DDADLSKY,169
Q9H175,CSRNP2,DSCDSLNP,169
O43303,CCP110,LDIDGLQK,168
O94973,AP2A2,VFSDSASV,168
P47736,RAP1GAP,QSMDAMGL,168
Q7Z6Z7,HUWE1,AEADAIIQ,168
Q8IWI9,MGA,HAVDGTTE,168
P06400,RB1,DSIDSFET,167
Q13263,TRIM28,DAQDANQC,167
Q15327,ANKRD1,DFRDGEYE,167
Q9GZM5,YIPF3,VDADAADA,167
O95644,NFATC1,TRPDGAPA,166
P14625,HSP90B1,VRADDEVD,166
Q04637,EIF4G1,LVDDGGWN,166
Q12789,GTF3C1,IVVDSSMV,166
Q13043,STK4,TMTDGANT,166
Q92576,PHF3,EEVDSMSK,166
Q96IZ7,RSRC1,IESDSFVQ,166
Q9UG63,ABCF2,TEVDLLTK,166
P04637,TP53,SDSDGLAP,164
P05198,EIF2S1,DGDDDAEE,164
Q9ULX6,AKAP8L,LETDMMQG,164
Q96BY6,DOCK10,DSLDNSVT,163
P54284,CACNB3,LERDSLMP,162
P56381,ATP5F1E,AVRDALKT,162
P63241,EIF5A,DDLDFETG,162
P11171,EPB41,AAVDSADR,161
P20936,RASA1,DEGDSLDG,161
P22681,CBL,NEDDGYDV,161
O14757,CHEK1,SNLDFSPV,160
O75122,CLASP2,ESVDGNRP,160
P09874,PARP1,VEVDGFSE,160
Q9NSC2,SALL1,DQVDCSDL,160
Q02750,MAP2K1,PAPDGSAV,159
P21980,TGM2,DVVDWIQQ,157
Q06455,RUNX1T1,TMPDSPVD,157
Q6KC79,NIPBL,VELDALAE,157
Q9NTX7,RNF146,TSVDGQLT,157
Q13188,STK3,DELDSHTM,156
Q6IS14,EIF5AL1,DDLDFETG,156
P07948,LYN,DGVDLKTQ,155
P52948,NUP98,DEEDVDMA,155
P56524,HDAC4,DVTDSACS,155
Q02880,TOP2B,SDVDIFPS,155
Q9BSJ2,TUBGCP2,MKLDGELG,155
Q9GZM5,YIPF3,DAADAAAA,155
P15311,EZR,LEADRMAA,154
P21333,FLNA,DTRDAEMP,154
Q15424,SAFB,SVADCVED,154
Q7Z2Z1,TICRR,FQTDGVPW,154
Q9HCD5,NCOA5,SSTDSLPG,154
O14925,TIMM23,SHADLAGV,153
O94915,FRYL,VHLDIYSG,153
O94992,HEXIM1,GGSDGMGG,153
Q96EV2,RBM33,GESDGFFH,153
Q9BYV8,CEP41,EDNDSAAS,153
Q9UKE5,TNIK,EEEDGESE,153
Q9UKY7,CDV3,DPGDNWEE,153
P49023,PXN,FPADEANS,152
Q6FIF0,ZFAND6,SQLDSTSV,152
Q7Z6J0,SH3RF1,SSLDSAVP,152
Q9NYF8,BCLAF1,EALDYFSD,152
P36508,ZNF76,TLSDGTTA,151
O14787,TNPO2,ERPDGSED,150
P52948,NUP98,DMVDITQE,150
P60842,EIF4A1,NGPDGMEP,150
Q7Z6Z7,HUWE1,DYPDMNAS,150
O43491,EPB41L2,PQIDGGAG,149
Q15075,EEA1,AKPDGLVT,149
Q96PN7,TRERF1,DTRDGLGL,149
Q9NR50,EIF2B3,VGVDSLIG,149
P46934,NEDD4,DQPDAACH,148
Q12968,NFATC3,DDVDSELN,148
Q96SB3,PPP1R9B,EEMDKLLD,148
P30519,HMOX2,TLEDGFPV,147
Q00013,MPP1,VTEDMYTN,147
Q5JTH9,RRP12,LTVDAVKL,147
Q7Z3K3,POGZ,VIEDSVVE,147
Q86UL8,MAGI2,SLDDGLAP,147
Q96RE7,NACC1,QESDSVQC,147
O94992,HEXIM1,GEEDGGSD,146
Q09666,AHNAK,DVPDVEVQ,146
Q15075,EEA1,LVTDSSAE,146
Q53QZ3,ARHGAP15,SHYDSDIK,146
Q9C0J8,WDR33,DSWDGNRE,145
Q9P1Z2,CALCOCO1,EEADGGSD,145
Q9BY77,POLDIP3,EDDDGIAS,144
Q9UQ35,SRRM2,SYVDGSSF,144
O75362,ZNF217,VKNDGKNQ,143
P55081,MFAP1,AALDALNT,143
Q13043,STK4,DEMDSGTM,143
Q14151,SAFB2,DSRDGWGG,143
Q6PIJ6,FBXO38,VQEDGEVV,143
Q9UKV3,ACIN1,DELDYHRG,143
P02765,AHSG,AKCDSSPD,142
P35579,MYH9,KMEDSVGC,142
Q92925,SMARCD2,AEGDSAGT,142
Q9H6E5,TUT1,VEVDGWDC,142
Q9Y450,HBS1L,EEYDYEDL,142
P07737,PFN1,TCQDAAIV,141
P0DPH7,TUBA3C,VGVDSVEA,141
P32455,GBP1,LEADGQPL,141
P78317,RNF4,THNDSVVI,141
Q16643,DBN1,PEIDITCW,141
Q5H9R7,PPP6R3,TSQDAACK,141
Q96T37,RBM15,LVTDAFGH,141
Q9UBQ7,GRHPR,RAADCEVE,141
Q6UB98,ANKRD12,TEKDSLIC,140
Q8NDX1,PSD4,NCLDAAAD,140
Q8WWY3,PRPF31,TQLDLSGD,140
Q99848,EBNA1BP2,DKLDFLEG,140
Q9Y4F4,TOGARAM1,DKADLSTV,140
O60664,PLIN3,TSLDGFDV,139
Q15185,PTGES3,PEVDGADD,139
Q8N3X6,LCORL,QQGDGVLD,139
Q8N9N2,ASCC1,DEEDFYQG,139
Q96RE7,NACC1,EEEDGGEE,139
Q9ULX6,AKAP8L,QRLDMVPH,139
O14795,UNC13B,SCNDSMQS,138
P15498,VAV1,DLYDCVEN,138
P49790,NUP153,DITDFQAK,138
Q8TAK5,GABPB2,TVQDGQQV,138
Q9P275,USP36,SCGDGVPA,138
P07737,PFN1,LMADGTCQ,137
Q6ULP2,AFTPH,YNLDSVPS,137
Q92797,SYMPK,PGIDGMTT,137
Q96BY6,DOCK10,EETDSSEN,137
P31942,HNRNPH3,DGYDGGYG,136
Q13614,MTMR2,VSSDSIST,136
Q16543,CDC37,SVWDHIEV,136
Q8WU90,ZC3H15,DEVDDSVS,136
Q8WU90,ZC3H15,EVDDSVSV,136
Q9H0C8,ILKAP,SSTDSGSG,136
Q9HAW4,CLSPN,DEYDGEEI,136
O43719,HTATSF1,QAWDGTTD,135
P09884,POLA1,VQVDSSHL,135
Q07021,C1QBP,LHTDGDKA,135
Q13177,PAK2,PEKDGFPS,135
Q14790,CASP8,VETDSEEQ,135
Q15306,IRF4,SWRDYVPD,135
Q86WB0,ZC3HC1,TDLDASFG,135
Q9UKE5,TNIK,ETHDGTVA,135
Q9UPQ9,TNRC6B,EEEDGGVW,135
O43524,FOXO3,TLSDSLSG,134
O60566,BUB1B,DVCDEFTG,134
O75934,BCAS2,VVVDALPY,134
P08514,ITGA2B,LDRDGYND,134
P31146,CORO1A,SLKDGYVP,134
Q14686,NCOA6,SKKDGQPS,134
Q6FI81,CIAPIN1,DLIDSDEL,134
Q7Z3T8,ZFYVE16,SSVDGGTS,134
P15923,TCF3,TLPDLSRP,133
P23193,TCEA1,NARDTYVS,133
P49736,MCM2,PELDAYEA,133
P55795,HNRNPH2,GYNDGYGF,133
Q14289,PTK2B,IESDIYAE,133
Q6PD74,AAGAB,AQVDSIVD,133
Q86YI8,PHF13,IDSDGWDA,133
Q8N4C8,MINK1,SKPDSSPV,133
Q8WYA6,CTNNBL1,IDRDGEEE,133
Q92613,JADE3,QENDGYCP,133
Q99549,MPHOSPH8,DETDTWAY,133
Q9BYW2,SETD2,DSHDSIKE,133
Q9UBT2,UBA2,DEEDSSNN,133
Q9UNS1,TIMELESS,LSMDSVVP,133
Q9UPP1,PHF8,DEQDSLGA,133
O75822,EIF3J,DLADYGGY,132
P09496,CLTA,AILDGGAP,132
P15056,BRAF,PASDSIGP,132
P17980,PSMC3,AEQDGIGE,132
P23588,EIF4B,PATDSFDD,132
P27816,MAP4,GKTDYIPL,132
P36954,POLR2I,MEPDGTYE,132
P61244,MAX,SAFDGGSD,132
Q13263,TRIM28,LATDSTFS,132
Q6FI81,CIAPIN1,MEDDSMDL,132
O94964,SOGA1,AEADGLAE,131
P21333,FLNA,VFVDSLTK,131
P61978,HNRNPK,LESDAVEC,131
P61978,HNRNPK,SGYDYSYA,131
P78559,MAP1A,HELDGQGA,131
Q14008,CKAP5,DEPDDGSN,131
Q7Z7A1,CNTRL,HVVDGLVR,131
Q86UX7,FERMT3,DVLDSLTT,131
Q8TD16,BICD2,FSDDAAEP,131
Q96S94,CCNL2,QVLDGTSG,131
Q9BRT6,LLPH,LKLDGDVL,131
Q9BYW2,SETD2,DIKDRGPL,131
Q9Y520,PRRC2C,TDTDSEIH,131
O15018,PDZD2,SMPDLDKL,130
P20810,CAST,TDKDGKPL,130
P26641,EEF1G,EEMDECEQ,130
P35251,RFC1,SVLDYFGT,130
Q04656,ATP7A,INIDGMTC,130
Q08J23,NSUN2,SKKDGVCG,130
Q14004,CDK13,VSNDGLGS,130
Q14126,DSG2,ISVDSVTS,130
Q14149,MORC3,TETDAVFL,130
Q16236,NFE2L2,TEVDNYHF,130
Q5T5U3,ARHGAP21,DELDNVFF,130
Q8N684,CPSF7,DSADGRAT,130
Q8NI27,THOC2,TVKDSLIE,130
Q92620,DHX38,DQKDAEEE,130
Q92766,RREB1,VDLDSSGE,130
Q96PN7,TRERF1,NSIDGSNV,130
Q9H4L7,SMARCAD1,SEYDSGSD,130
Q9NTM9,CUTC,VCVDSVES,130
Q9P2N5,RBM27,YEPDGYNP,130
Q9Y3A4,RRP7A,DYADSVPD,130
O00273,DFFA,DETDSGAG,129
O75676,RPS6KA4,VMTDGLEA,129
P04626,ERBB2,DMGDLVDA,129
P08240,SRPRA,EVLDYSTP,129
P27708,CAD,GTPDGTCY,129
P32519,ELF1,PRPDSPAT,129
P32519,ELF1,VTLDGIPE,129
P61978,HNRNPK,ETWDSAID,129
P61978,HNRNPK,SAIDTWSP,129
P63220,RPS21,MQNDAGEF,129
Q04637,EIF4G1,DLLDAFKE,129
Q06323,PSME1,SELDAFLK,129
Q15477,SKIV2L,EEPDMTGQ,129
Q5T1M5,FKBP15,SSRDSAAP,129
Q6PKG0,LARP1,EELDFLFD,129
Q6ZRS2,SRCAP,NENDGFPA,129
Q7Z417,NUFIP2,SGTDSVLQ,129
Q7Z6I6,ARHGAP30,CSLDSAGP,129
Q8N163,CCAR2,EGLDGGLP,129
Q8N3X1,FNBP4,EEGDGSVS,129
Q8TAP6,CEP76,FVTDSVEQ,129
Q8WWI1,LMO7,DNLDSPRS,129
Q92598,HSPH1,VQTDAQQT,129
Q92841,DDX17,DECDRRLR,129
Q9BZF1,OSBPL8,DIQDSSGS,129
Q9UGU0,TCF20,HETDGHGL,129
Q9Y3A4,RRP7A,VEVDTFME,129
O00165,HAX1,NDLDSQVS,128
O00429,DNM1L,GVGDGVQE,128
O00562,PITPNM1,DFIDAFAS,128
O14523,C2CD2L,IMPDGTIV,128
O60293,ZFC3H1,DTTDSSQG,128
O75475,PSIP1,DAQDGNQP,128
P05783,KRT18,DALDSSNS,128
P06748,NPM1,VEEDAESE,128
P09496,CLTA,DAVDGVMN,128
P30304,CDC25A,DLLDGENL,128
P46379,BAG6,DEQDGASA,128
P49768,PSEN1,ENDDGGFS,128
P55211,CASP9,DQLDAISS,128
Q12888,TP53BP1,CEEDGDAG,128
Q15365,PCBP1,SPLDLAKL,128
Q86UP2,KTN1,DNADSSPV,128
Q8N163,CCAR2,AAPDAGAE,128
Q8NCB2,CAMKV,PATDGSIT,128
Q92667,AKAP1,DSVDSCCS,128
Q9BSJ8,ESYT1,TTPDSQFG,128
Q9BUN5,CCDC28B,EEEDGVTE,128
Q9BYW2,SETD2,TSDDSVTG,128
Q9H4L5,OSBPL3,TITDSSSG,128
Q9UKJ3,GPATCH8,SNLDGKKE,128
Q9Y2X7,GIT1,LEDDAIYS,128
O60508,CDC40,VAVDSAPE,127
P0C7T5,ATXN1L,CVVDGQLF,127
P27540,ARNT,TELDMVPG,127
P36915,GNL1,QQTDSAME,127
P42575,CASP2,DNKDGPVC,127
P98170,XIAP,SESDAVSS,127
Q5BKZ1,ZNF326,RSMDSYLN,127
Q7Z6E9,RBBP6,SRDDATPV,127
Q86UX7,FERMT3,DDLDVALS,127
Q86YS7,C2CD5,LCSDSLPS,127
Q8N6M0,OTUD6B,NKIDSVAV,127
Q92804,TAF15,QQHDSYSQ,127
Q96N16,JAKMIP1,METDAVQM,127
Q96QC0,PPP1R10,GALDAKPV,127
Q99741,CDC6,SEVDGNRM,127
Q9BQS8,FYCO1,TETDSLDP,127
Q9NYF5,FAM13B,EEEDGVNL,127
Q9UH99,SUN2,EARDSSPH,127
Q9UM47,NOTCH3,VDEDSSHY,127
Q9Y2H0,DLGAP4,DTQDANDS,127
Q9Y6I9,TEX264,TQVDGTGA,127
O14727,APAF1,LEKDIKTS,126
O60711,LPXN,ASLDSMLG,126
O75554,WBP4,VMADGVAP,126
P18583,SON,TEHDMVIS,126
P19338,NCL,TEIDGRSI,126
P20963,CD247,YLLDGILF,126
P30419,NMT1,SETDSAQD,126
P43243,MATR3,ENADDPNK,126
P48634,PRRC2A,TWRDGGGR,126
P61916,NPC2,GSVDGVIK,126
Q04637,EIF4G1,DRLDRART,126
Q13586,STIM1,THSDSESS,126
Q14980,NUMA1,DSLDLSCE,126
Q14980,NUMA1,LSIDSLDL,126
Q14980,NUMA1,TQPDGTSV,126
Q14CW9,ATXN7L3,LQWDGSSD,126
Q16625,OCLN,ERVDSPMA,126
Q6UWE0,LRSAM1,LEQDGIEN,126
Q6ZNE5,ATG14,DLVDSVDD,126
Q8NCB2,CAMKV,PATDGSVT,126
Q92945,KHSRP,QLEDGDQP,126
Q93073,SECISBP2L,EDEDGFQE,126
Q96A33,CCDC47,DFEDEEDI,126
Q96QC0,PPP1R10,ELMDTASL,126
Q9C0C9,UBE2O,TAPDASVP,126
Q9UEW8,STK39,SVHDSQGP,126
Q9UGN5,PARP2,LQMDYATN,126
Q9UGR2,ZC3H7B,TRLDALDS,126
Q9UPT8,ZC3H4,LEPDSFSE,126
Q9Y3X0,CCDC9,EKTDGMFK,126
O14686,KMT2D,TSADGFLK,125
O15151,MDM4,DVPDCRRT,125
O75791,GRAP2,DINDGHCG,125
O95817,BAG3,LEADQPLQ,125
P04626,ERBB2,DLVDAEEY,125
P08514,ITGA2B,LQMDAANE,125
P16989,YBX3,EMKDGVPE,125
P28070,PSMB4,STPDSFMD,125
P30043,BLVRB,DEYDGHST,125
P42574,CASP3,ESMDSGIS,125
P43243,MATR3,ENADGQSD,125
Q03164,KMT2A,QHTDSTQS,125
Q12888,TP53BP1,LEDDSGSH,125
Q13263,TRIM28,DGADSTGV,125
Q13263,TRIM28,KEEDGSLS,125
Q13263,TRIM28,LSLDGADS,125
Q15046,KARS,HTTDNGVG,125
Q15650,TRIP4,TEPDTTAE,125
Q5T200,ZC3H13,TSRDSLAL,125
Q6NXE6,ARMC6,VSADGSQE,125
Q6PCB5,RSBN1L,TSSDSTSS,125
Q6VMQ6,ATF7IP,ENTDSMET,125
Q8IZW8,TNS4,DSTDSPAS,125
Q8NHV4,NEDD1,DGFDFLPQ,125
Q92804,TAF15,DSYDQQSG,125
Q92974,ARHGEF2,LEPDSGGN,125
Q96HN2,AHCYL2,VSPDGTVT,125
Q9BQC3,DPH2,CCPDTGKT,125
Q9BYW2,SETD2,DQQDGSHF,125
Q9BYW2,SETD2,PHVDGLHS,125
Q9NQC3,RTN4,SETDYVTT,125
Q9NX31,OSER1,DSSDATQV,125
Q9UEE9,CFDP1,DEVDGEEQ,125
Q9UHR5,SAP30BP,PESDGEAG,125
Q9UKA4,AKAP11,TCVDGLHV,125
Q9UPQ0,LIMCH1,SQVDSPSS,125
O14686,KMT2D,DEPDALYV,124
O75052,NOS1AP,TDIDAVEV,124
O75995,SASH3,TSPDYSLD,124
P04626,ERBB2,DVFDGDLG,124
P04626,ERBB2,SETDGYVA,124
P10909,CLU,DRIDSLLE,124
P14868,DARS,EIMDAAED,124
P15170,GSPT1,SLGDGRPP,124
P36915,GNL1,EEEDGPAV,124
P38159,RBMX,SSRDGYGG,124
P51116,FXR2,ISGDRQPV,124
P51116,FXR2,NRTDGSIS,124
P55211,CASP9,PEPDATPF,124
P98171,ARHGAP4,DVLDSFQT,124
Q13023,AKAP6,NAVDGSPS,124
Q13077,TRAF1,LEVDCYRA,124
Q14980,NUMA1,EEPDSANS,124
Q16643,DBN1,SPSDSSTA,124
Q1MSJ5,CSPP1,INTDDESS,124
Q2NL82,TSR1,CATDAVDD,124
Q6IQ23,PLEKHA7,AEEDALFM,124
Q7Z7A1,CNTRL,DFIDGNVE,124
Q8IY18,SMC5,DEIDALLT,124
Q8NC51,SERBP1,SDLDQSNV,124
Q8NHP6,MOSPD2,IESDGKET,124
Q8WY36,BBX,LFLDAIHP,124
Q92620,DHX38,DGEDKKKS,124
Q9HAW4,CLSPN,MGTDGKEE,124
Q9HCD5,NCOA5,DSFDGRGP,124
Q9NZJ0,DTL,TELDGQVE,124
Q9UBF8,PI4KB,VNGDGVDS,124
Q9Y3T6,R3HCC1,IHLDTSSF,124
A0JNW5,UHRF1BP1L,TSPDAIST,123
O14497,ARID1A,LSQDSFGS,123
O43491,EPB41L2,VAKDGGDK,123
O43719,HTATSF1,FSNDGASS,123
O75376,NCOR1,ALVDAAAS,123
P06748,NPM1,DSMDMDMS,123
P13010,XRCC5,IFQDNHED,123
P14314,PRKCSH,LDTDGDGA,123
P14314,PRKCSH,TDGDGALS,123
P20963,CD247,GLLDPKLC,123
P23588,EIF4B,LAEDGGTG,123
P23588,EIF4B,NKVDGMNA,123
P25054,APC,QEADSANT,123
P46087,NOP2,MEQDAQAP,123
P49069,CAMLG,DKLDSFIK,123
P50548,ERF,DCSDGTSE,123
P52597,HNRNPF,GLSDGYGF,123
Q04206,RELA,DDEDLGAL,123
Q12802,AKAP13,EEMDSITE,123
Q15365,PCBP1,PPLDAYSI,123
Q5W0B1,RNF219,DFCDSSNV,123
Q6RI45,BRWD3,DYVDGDHD,123
Q86VB7,CD163,DSYDAAVA,123
Q8IW35,CEP97,LEDDGVAD,123
Q8IY81,FTSJ3,SAADTFLS,123
Q8IZ40,RCOR2,AEQDGAPG,123
Q8N5S9,CAMKK1,EEADGGPE,123
Q8ND30,PPFIBP2,DLSDGTCE,123
Q8TB03,CXorf38,DQRDGCEC,123
Q8WW33,GTSF1,TYTDSLDP,123
Q92804,TAF15,GQQDSYDQ,123
Q92888,ARHGEF1,AEVDAEKP,123
Q92945,KHSRP,EDGDQPES,123
Q99590,SCAF11,MECDSFCS,123
Q9BSJ8,ESYT1,SSVDAPPR,123
Q9BYW2,SETD2,DQSDKFLL,123
Q9H0E9,BRD8,VEADVAIG,123
Q9NQC1,JADE2,TETDGYFS,123
Q9NS87,KIF15,HVMDSAAE,123
Q9UBU9,NXF1,EEDDGDVA,123
Q9UBW7,ZMYM2,IETDIIGS,123
Q9Y244,POMP,ELKDSIPV,123
Q9Y2L5,TRAPPC8,EVKDGLPN,123
O15042,U2SURP,AHMDASGP,122
O43719,HTATSF1,GEPDSLGQ,122
O43719,HTATSF1,TQTDAGGE,122
O94979,SEC31A,AQSDGEES,122
O95260,ATE1,TMDDAVAG,122
P15976,GATA1,EDLDGKGS,122
P19113,HDC,DPVDDCFS,122
P24534,EEF1B2,DVEDTTGS,122
P26045,PTPN3,CSPDGVDQ,122
P35606,COPB2,QELDGKPA,122
P42704,LRPPRC,TYTDYVIP,122
P46527,CDKN1B,ESQDVSGS,122
P49321,NASP,KPTDGASS,122
P49790,NUP153,VSSDSGSI,122
Q04759,PRKCQ,DEVDKMCH,122
Q07812,BAX,FIQDRAGR,122
Q12888,TP53BP1,VSSDGCST,122
Q13123,IK,DIGDYVPS,122
Q13367,AP3B2,TLTDSTLV,122
Q13596,SNX1,LFADATVE,122
Q15233,NONO,MMPDGTLG,122
Q15365,PCBP1,RCSDAAGY,122
Q4AC94,C2CD3,HELDSMDC,122
Q76FK4,NOL8,ANLDGHPE,122
Q76N32,CEP68,VDLDSFSV,122
Q86WB0,ZC3HC1,TEPDASAP,122
Q8IWR0,ZC3H7A,DLLDSAPE,122
Q8IZ73,RPUSD2,VETDVMNQ,122
Q9H4A3,WNK1,DVDDGSGS,122
Q9NZJ5,EIF2AK3,DVEDGTMD,122
Q9P107,GMIP,DLGDGLEN,122
Q9UM82,SPATA2,DDVDLYTD,122
Q9Y2L9,LRCH1,DRADGLHS,122
P14314,PRKCSH,DDMDGTVS,121
P17542,TAL1,SSLDGAAS,121
P49321,NASP,GSGDAVPS,121
P49768,PSEN1,AQRDSHLG,121
Q00653,NFKB2,VKEDSAYG,121
Q04206,RELA,VFTDLASV,121
Q12888,TP53BP1,ERGDGNSG,121
Q14160,SCRIB,MQPDGEGP,121
Q14697,GANAB,AEGDGAQP,121
Q15054,POLD3,TYLDGEGC,121
Q15154,PCM1,EDGDGAGA,121
Q5JSH3,WDR44,DSLDSKGK,121
Q5VYS8,TUT7,NEQDGDLE,121
Q659A1,ICE2,SEMDMSCE,121
Q6P2E9,EDC4,CSGDSTSA,121
Q6ZUJ8,PIK3AP1,SGCDSVTD,121
Q70EL1,USP54,LEVDSTAS,121
Q7Z3T8,ZFYVE16,AELDAFLT,121
Q8TD26,CHD6,DKVDGLQK,121
Q8TEW8,PARD3B,SGVDSAVY,121
Q92830,KAT2A,LSLDSAGA,121
Q92974,ARHGEF2,AEEDGGSG,121
Q96GD3,SCMH1,DSMDSASN,121
Q96LT9,RNPC3,TEVDASNI,121
Q96T37,RBM15,DRSDGSAP,121
Q99708,RBBP8,CLADSFSQ,121
Q9BQ67,GRWD1,ESGDTSSE,121
Q9BYW2,SETD2,TMEDSDGV,121
Q9H0U9,TSPYL1,LELDTVNA,121
Q9P2F8,SIPA1L2,VVGDAVAE,121
Q9UK96,FBXO10,DSSDGGLS,121
Q9UKV3,ACIN1,VTMDTSEN,121
Q9ULZ2,STAP1,DYVDVLNP,121
Q9UQ35,SRRM2,SMMDGPGP,121
Q9Y676,MRPS18B,SEEDSLSS,121
Q9Y6X8,ZHX2,VAKDSWAA,121
A1X283,SH3PXD2B,SLLDGEGP,120
O43164,PJA2,DQVDSSLP,120
O43432,EIF4G3,VEADGQTE,120
P12931,SRC,ASADGHRG,120
P16144,ITGB4,DELDRSFT,120
P17028,ZNF24,SELDAVEN,120
P18848,ATF4,DTCDLFAP,120
P30305,CDC25B,EEDDGFVD,120
P46527,CDKN1B,DPSDSQTG,120
Q13370,PDE3B,DTADFLNK,120
Q13435,SF3B2,METDARSS,120
Q15637,SF1,PPMDQYLG,120
Q5VT06,CEP350,LQLDSTAH,120
Q8IWI9,MGA,DSKDSVGD,120
Q8IWI9,MGA,GESDSISP,120
Q8IZ73,RPUSD2,GLTDSTAP,120
Q92804,TAF15,DQPDYGQQ,120
Q96BK5,PINX1,TDLDCIFG,120
Q96EY5,MVB12A,LSLDAASQ,120
Q9BQQ3,GORASP1,SFLDSPGA,120
Q9BYW2,SETD2,DGVDSTSH,120
Q9P107,GMIP,GPEDSLLG,120
Q9UHQ1,NARF,SVRDAAVD,120
Q9UPN6,SCAF8,EGQDGVEE,120
Q9UPN6,SCAF8,HLIDHQIS,120
Q9UPN7,PPP6R1,SSVDGQLE,120
Q9Y5V3,MAGED1,SEPDGATA,120
O60318,MCM3AP,ESTDSLGG,119
O75717,WDHD1,EEEDGQEG,119
P43403,ZAP70,LNSDGYTP,119
P55884,EIF3B,DFVDDVSE,119
P78317,RNF4,DHADSCVV,119
P82094,TMF1,TVLDKVAE,119
P98175,RBM10,SAEDSYEA,119
Q4V328,GRIPAP1,EERDCHLK,119
Q6PCB5,RSBN1L,ASLDSVFS,119
Q8NFC6,BOD1L1,EEVDGSQG,119
Q8TAQ2,SMARCC2,EKSDGDPI,119
Q96B97,SH3KBP1,DIFDSPSP,119
Q96JM3,CHAMP1,LQIDAIDD,119
Q9BRT9,GINS4,QDSDGGSE,119
Q9BVT8,TMUB1,AATDSMRG,119
Q9C0C9,UBE2O,ELSDSGQQ,119
Q9H3P7,ACBD3,THTDSSEK,119
Q9UKV3,ACIN1,VTLDGKPL,119
Q9Y5V3,MAGED1,DALDAAAA,119
O75150,RNF40,PTCDGTPL,118
O94972,TRIM37,LMEDAAAA,118
P02549,SPTA1,LENDFAVH,118
P09651,HNRNPA1,FGNDGGYG,118
P20963,CD247,DVLDKRRG,118
P36915,GNL1,DTSDGESV,118
P49810,PSEN2,MEEDSYDS,118
Q13233,MAP3K1,GVEDTLDG,118
Q14202,ZMYM3,TLGDGINS,118
Q14790,CASP8,LEMDLSSP,118
Q5TZA2,CROCC,DKTDGAMQ,118
Q8IZ21,PHACTR4,MVLDSVEA,118
Q8N4C8,MINK1,GDTDSVST,118
Q96BY7,ATG2B,SQNDSANS,118
Q96L73,NSD1,PELDSVMN,118
Q96M86,DNHD1,VGLDPSPD,118
Q96SB3,PPP1R9B,LEEDDEDD,118
Q9P265,DIP2B,QETDSAVQ,118
Q9P2E9,RRBP1,EDGDIAGA,118
Q9P2E9,RRBP1,HVEDGDIA,118
Q9UMN6,KMT2B,EQLDGVDD,118
Q9UMZ2,SYNRG,DYKDFTKQ,118
Q9Y520,PRRC2C,HHTDANNQ,118
A6NC98,CCDC88B,LGADGAGS,117
O00165,HAX1,TLRDSMLK,117
P07900,HSP90AA1,VSDDEAEE,117
P14314,PRKCSH,AFIDAAQE,117
P14314,PRKCSH,TQTDATSF,117
P18583,SON,TLPDSGFS,117
P36915,GNL1,EQTDTSDG,117
P43487,RANBP1,EDHDTSTE,117
P49810,PSEN2,DSYDSFGE,117
P62310,LSM3,DDVDQQQT,117
Q04637,EIF4G1,PAVDLSPV,117
Q13546,RIPK1,LQLDCVAV,117
Q5VT25,CDC42BPA,RTVDSTPL,117
Q5VYS8,TUT7,EHTDSAAG,117
Q69YI7,NAIF1,TEEDGAGG,117
Q7L2E3,DHX30,DVTDFLSM,117
Q7Z5J4,RAI1,YCCDGRED,117
Q8N684,CPSF7,DLIDIYAD,117
Q8WV28,BLNK,DEADYVVP,117
Q92576,PHF3,EENDFFNS,117
Q96JZ2,HSH2D,TSLDALVT,117
Q9BSJ8,ESYT1,THVDSPLE,117
Q9H098,FAM107B,AEPDYIED,117
Q9P1Y5,CAMSAP3,DEGDGSPA,117
Q9Y5V3,MAGED1,TSADGSQA,117
O75030,MITF,DLTDGTIT,116
P07900,HSP90AA1,KERDKEVS,116
P49006,MARCKSL1,ATGDAIEP,116
P49321,NASP,TSADKVES,116
P51116,FXR2,TVMDGGLE,116
Q12802,AKAP13,ERVDSLVS,116
Q16236,NFE2L2,EELDSAPG,116
Q2KHR3,QSER1,IELDGLPS,116
Q5THJ4,VPS13D,LESDSVGT,116
Q6P2E9,EDC4,LGLDGGPG,116
Q6UB98,ANKRD12,VYSDSTIQ,116
Q7Z6B0,CCDC91,THLDISLF,116
Q7Z6Z7,HUWE1,STRDSAVA,116
Q8IX03,WWC1,ASTDAVSA,116
Q8IX21,SLF2,DETDGSSA,116
Q8WUF5,PPP1R13L,SSLDGLGG,116
Q92851,CASP10,IEADALNP,116
Q96BU1,S100PBP,DETDSSKD,116
Q96SB3,PPP1R9B,EEDDEDDE,116
Q9BQQ3,GORASP1,TLPDSLTS,116
Q9UIF9,BAZ2A,GEVDATAS,116
Q9Y2D5,AKAP2,SSRDGEFT,116
O60664,PLIN3,STCDMVSA,115
O75152,ZC3H11A,DATDKVNK,115
O94913,PCF11,DKTDGKDD,115
P08238,HSP90AB1,DEEDDSGK,115
P31944,CASP14,VGGDEIVM,115
P32926,DSG3,DYADGAIS,115
Q8IVH2,FOXP4,SFPDGLVH,115
Q8IY81,FTSJ3,SDDDGFEI,115
Q8NI22,MCFD2,KNNDGYID,115
Q9NUQ6,SPATS2L,SSTDSANE,115
Q9UNX4,WDR3,EAEDGAFE,115
Q9Y252,RNF6,DYTDIPLS,115
A2RRP1,NBAS,IDIDSISY,114
O15117,FYB1,DIADGCIY,114
O43164,PJA2,DSYDPDGK,114
O43164,PJA2,VHTDSYDP,114
P51116,FXR2,LESDGPNM,114
Q13233,MAP3K1,DTLDGQQD,114
Q13541,EIF4EBP1,VLGDGVQL,114
Q15003,NCAPH,DFPDGSLG,114
Q15459,SF3A1,SKEDSAPS,114
Q5VT06,CEP350,SSIDSVSE,114
Q92917,GPKOW,ALADGVVS,114
Q96SB3,PPP1R9B,DEEDGEPP,114
Q9BVV6,KIAA0586,TLHDAVEM,114
Q9GZR1,SENP6,TDKDGTNL,114
Q9HAS0,C17orf75,DSEDGSPS,114
Q9P1Y5,CAMSAP3,VSSDSLGP,114
Q9Y240,CLEC11A,DTRDAVQA,114
O43521,BCL2L11,SECDREGR,113
O75113,N4BP1,DLSDSSAD,113
O95801,TTC4,LFLDGLST,113
P18583,SON,EIADSSMT,113
P20810,CAST,DLIDTLGG,113
P25963,NFKBIA,DRHDSGLD,113
Q05655,PRKCD,DMQDNSGT,113
Q15942,ZYX,LEIDSLSS,113
Q5VT06,CEP350,SVKDFEQT,113
Q8N4C8,MINK1,ERSDSVLP,113
Q8TF05,PPP4R1,TSQDSALL,113
Q96SB3,PPP1R9B,DDEDDEED,113
Q96SB4,SRPK1,QETDSCTP,113
Q99457,NAP1L3,DKVDTLFL,113
Q99741,CDC6,LVFDNQLT,113
Q9C0C9,UBE2O,ETPDGSAS,113
Q9NZ43,USE1,LGTDSAEP,113
Q9NZN5,ARHGEF12,THSDGAIS,113
Q9UJU6,DBNL,EHIDHHIQ,113
Q9UPT8,ZC3H4,ASTDSSTQ,113
O75410,TACC1,MEEDGSTV,112
P09651,HNRNPA1,SYNDFGNY,112
Q14847,LASP1,DSQDGSSY,112
Q15181,PPA1,VPTDVDKW,112
Q6PIZ9,TRAT1,TLVDSFSP,112
Q8IWB9,TEX2,VLADGLSV,112
Q8IXQ4,GPALPP1,DDDDGFFG,112
Q969E8,TSR2,AATDGVCP,112
Q96SB3,PPP1R9B,EEVDESKK,112
Q96SB3,PPP1R9B,SRFDSKPA,112
Q9H1E3,NUCKS1,QEKDSGSD,112
O60524,NEMF,TTIDLSHL,111
P20810,CAST,ALADSLGK,111
P28340,POLD1,LEIDHYVG,111
P42892,ECE1,DLVDSLSE,111
Q13439,GOLGA4,MNVDVLKP,111
Q3LXA3,TKFC,EAPDSTAA,111
Q9HCN4,GPN1,VALDAGTA,111
Q9NZM5,NOP53,LEVDQFLE,111
Q9P270,SLAIN2,ELRDATSL,111
Q9UHB6,LIMA1,DSRDSQVK,111
Q9Y6X4,FAM169A,EEEDSTSE,111
O75113,N4BP1,PETDGLSP,110
P24534,EEF1B2,DDIDLFGS,110
P29590,PML,VRTDGFDE,110
P35269,GTF2F1,QEVDYMSD,110
Q13469,NFATC2,DVLDYGLK,110
Q14146,URB2,CPDDVGYL,110
Q14789,GOLGB1,SEKDSLSE,110
Q16667,CDKN3,SEFDSSDE,110
Q5T5X7,BEND3,HSVDSVLT,110
Q5TAX3,TUT4,TCTDNTGD,110
Q86W56,PARG,DEIDVVPE,110
Q8N4X5,AFAP1L2,SCPDAVVA,110
Q96SB3,PPP1R9B,DEDDEEDG,110
Q96SB3,PPP1R9B,SEADLVDV,110
Q9BVV6,KIAA0586,VDIDSISN,110
Q9C0C7,AMBRA1,TVQDSATP,110
Q9Y618,NCOR2,GTLDGVYP,110
O14492,SH2B2,LLTDAVDL,109
Q04695,KRT17,EVQDGKVI,109
Q14207,NPAT,AEIDASNI,109
Q5T3U5,ABCC10,QESDSATA,109
Q6UXH1,CRELD2,EECDSSCV,109
Q86UP2,KTN1,VEDDQVAP,109
Q8TD55,PLEKHO2,DVPDSGPP,109
Q9HAW4,CLSPN,TTYDSAEE,109
O60763,USO1,TEKDSMIE,108
P18846,ATF1,DSSDSIGS,108
P28715,ERCC5,AEVDSESL,108
P31350,RRM2,SLVDKENT,108
P42166,TMPO,DKIDASEL,108
P61129,ZC3H6,TEEDFANQ,108
Q00987,MDM2,DVPDCKKT,108
Q5T5U3,ARHGAP21,VRTDSAPD,108
Q6P4R8,NFRKB,DSLDHMLT,108
Q86UE4,MTDH,SRHDGKEV,108
Q8N3X1,FNBP4,SSVDSTIS,108
Q92619,ARHGAP45,EDCDAGCL,108
Q96B97,SH3KBP1,SESDGGDS,108
Q96T88,UHRF1,AETDSRPA,108
Q9UQ35,SRRM2,SESDSSPD,108
Q9Y613,FHOD1,DRGDGEPV,108
O15117,FYB1,DNQDGVTH,107
O15381,NVL,QEVDGEIE,107
O60832,DKC1,EYVDYSES,107
O75717,WDHD1,DLFDGDDM,107
O94913,PCF11,DQLDSKSK,107
P27816,MAP4,EGSDTTGS,107
P62937,PPIA,VFFDIAVD,107
Q15003,NCAPH,DEPDHTAV,107
Q86VX9,MON1A,ECLDGTLT,107
Q8TDJ6,DMXL2,EEDDAVGL,107
Q8WVD3,RNF138,TEDDFYCP,107
Q8WYQ5,DGCR8,DEPDSMGA,107
Q96RR4,CAMKK2,LEADGQEV,107
Q96SN8,CDK5RAP2,DDLDGINP,107
Q9H0R5,GBP3,SVTDAILQ,107
Q9NTI5,PDS5B,EEVDVFQG,107
Q9NWQ4,GPATCH2L,VHMDAVEP,107
A6NIH7,UNC119B,AADDGVGA,106
O15519,CFLAR,LEVDGPAM,106
O43707,ACTN4,SMGDYMAQ,106
O95801,TTC4,EDEDSASE,106
P10275,AR,DEDDSAAP,106
P49711,CTCF,AATDAPNG,106
Q06587,RING1,SAPDSAPG,106
Q16512,PKN1,ATHDGPQS,106
Q58WW2,DCAF6,STRDSALQ,106
Q8IWI9,MGA,MDTDSALS,106
Q92888,ARHGEF1,LSLDSPDR,106
Q9NWH9,SLTM,VEDDAFIK,106
Q9NX05,FAM120C,VSYDSSAS,106
Q9UHX1,PUF60,QGTDSIKM,106
O75427,LRCH4,VQIDFIDS,105
P42331,ARHGAP25,SDSDTTSP,105
Q15181,PPA1,TDVDKWFH,105
Q5BJE1,CCDC178,HKTDEMED,105
Q5TB80,CEP162,DSLDSVAE,105
Q6ULP2,AFTPH,TSIDGMER,105
Q8N5A5,ZGPAT,VEGDGILP,105
Q96F63,CCDC97,VALDSDTS,105
Q9H6T3,RPAP3,EVSDTSSL,105
Q9NZN5,ARHGEF12,DTLDGTPR,105
Q9UMZ2,SYNRG,DKYDALKE,105
Q9Y2W2,WBP11,DKSDGESD,105
O60784,TOM1,VGTDSSQQ,104
P02730,SLC4A1,EQGDGGTE,104
P07900,HSP90AA1,LEGDDDTS,104
P20810,CAST,DAIDALSS,104
P20810,CAST,FLLDALSE,104
P29966,MARCKS,VNGDASPA,104
P98171,ARHGAP4,QNMDSVFK,104
Q06587,RING1,VSSDSAPD,104
Q14116,IL18,DCRDNAPR,104
Q15544,TAF11,TDTDGIPE,104
Q8IWU2,LMTK2,SYRDSAYF,104
Q8TDD1,DDX54,DSEDGEFE,104
Q9BUJ2,HNRNPUL1,SGPDGHYA,104
Q9HAW4,CLSPN,EEADSPSD,104
Q9NQV6,PRDM10,ESVDGSDP,104
Q9P107,GMIP,DTKDGGGE,104
Q9Y6A5,TACC3,ENCDFLFS,104
P08621,SNRNP70,DGPDGPEE,103
P11387,TOP1,DDADYKPK,103
P14625,HSP90B1,EESDDEAA,103
P28290,ITPRID2,EEVDAAEG,103
P28324,ELK4,TDIDSVAS,103
P55072,VCP,EDNDDDLY,103
Q15154,PCM1,PTVDSTQQ,103
Q7Z6I6,ARHGAP30,LENDSIEA,103
Q96II8,LRCH3,DSTDSITG,103
Q96SB3,PPP1R9B,ENVDHSAL,103
Q9H4X1,RGCC,CEFDAVLA,103
Q9NPR2,SEMA4B,VVEDGVAD,103
P25205,MCM3,KDGDSYDP,102
P49354,FNTA,VSLDSPSY,102
Q14116,IL18,DMTDSDCR,102
Q5PRF9,SAMD4B,TAKDGAPG,102
Q9Y5U2,TSSC4,APTDCVSS,102
O60260,PRKN,LHTDSRKD,101
O95674,CDS2,AKVDGETA,101
P05455,SSB,DEHDEHDE,101
P05455,SSB,DEHDENGA,101
P06454,PTMA,EEGDGEEE,101
P20810,CAST,ALDDLIDT,101
Q05084,ICA1,ESTDAAVQ,101
Q07666,KHDRBS1,TGPDATVG,101
Q14151,SAFB2,DLFDSAHP,101
Q15424,SAFB,DLFDSAHP,101
Q15813,TBCE,IGFDSIMK,101
Q16566,CAMK4,YWIDGSNR,101
Q9Y6I3,EPN1,VDLDSLVS,101
P06454,PTMA,EEEDGDED,100
P18583,SON,LESDSFLK,100
P35670,ATP7B,GGLDGLGP,100
P42166,TMPO,KRIDQSKF,100
P51572,BCAP31,AAVDGGKL,100
Q14103,HNRNPD,AKIDASKN,100
Q15003,NCAPH,DLDDLFVG,100
Q709C8,VPS13C,DVHDSKNT,100
Q96NL8,C8orf37,DDLDSLIN,100
Q99613,EIF3C,EDEDGVSA,100
Q9H501,ESF1,SAKDGTSP,100
Q9ULI0,ATAD2B,VEVDGSLS,100
O60499,STX10,DLLDASAV,99
P10451,SPP1,DTYDGRGD,99
P25205,MCM3,DAKDGDSY,99
P63313,TMSB10,DKPDMGEI,99
Q14149,MORC3,VRNDAVIL,99
Q5M775,SPECC1,PNVDGTSV,99
Q5T5Y3,CAMSAP1,AEHDFMGE,99
Q6IBW4,NCAPH2,ADLDAVPM,99
Q6P1N0,CC2D1A,LSPDGLMI,99
Q86TL0,ATG4D,DEVDKFKA,99
Q8N1F8,STK11IP,DLSDSLSS,99
Q8WWM7,ATXN2L,KEVDGLLT,99
Q99439,CNN2,TVADGAPS,99
Q99959,PKP2,TVFDSIPA,99
Q9BQ61,TRIR,FANDGSFL,99
O00499,BIN1,SPPDGSPA,98
O15027,SEC16A,RPYDGAAS,98
O43561,LAT,ASLDGSRE,98
O75717,WDHD1,VEEDAEDS,98
O94913,PCF11,SQTDSATT,98
P20810,CAST,LSSDFTCG,98
P35611,ADD1,DDSDAATF,98
P42331,ARHGAP25,SRTDSFSS,98
Q09666,AHNAK,SAPDISLG,98
Q13442,PDAP1,EEIDAQLQ,98
Q14694,USP10,LENDGVSG,98
Q1MSJ5,CSPP1,LDIDSSRP,98
Q5JTH9,RRP12,EEADGNKM,98
Q5M775,SPECC1,EGTDALGP,98
Q92917,GPKOW,DRQDGPAA,98
Q96FS4,SIPA1,CLQDGGSP,98
Q96RD7,PANX1,DVVDGKTP,98
Q9BQQ3,GORASP1,SLLDNSNA,98
Q9BVX2,TMEM106C,DDRDGLLA,98
Q9H6Y2,WDR55,EDPDSMEA,98
Q9H8Y5,ANKZF1,EDSDSASE,98
P07900,HSP90AA1,VGSDEEEE,97
P11387,TOP1,LHNDSQIE,97
P23508,MCC,ECADAASP,97
P42166,TMPO,EERDSGSF,97
Q5T5P2,KIAA1217,NHTDSAGT,97
Q709C8,VPS13C,DWTDSKLS,97
Q8N163,CCAR2,LKEDGLLP,97
Q92945,KHSRP,IGGDAATT,97
O76094,SRP72,SELDASKT,96
P09651,HNRNPA1,GSYDSYNN,96
P10636,MAPT,GSSDPLIQ,96
P40692,MLH1,QKLDAFLQ,96
P78559,MAP1A,DMGDGILP,96
Q12888,TP53BP1,SDVDANTA,96
Q6QNY0,BLOC1S3,AETDSEPE,96
Q8NDT2,RBM15B,FALDAAAA,96
Q96CK0,ZNF653,EELDGSDM,96
Q9P107,GMIP,SDVDSVGG,96
Q9UKV3,ACIN1,TLADYSAQ,96
Q9UPN3,MACF1,DLCDGSAN,96
O43164,PJA2,EELDSVPL,95
P07602,PSAP,QPKDGGFC,95
P51813,BMX,DFPDWWQV,95
Q13315,ATM,DYPDSSVS,95
Q14151,SAFB2,DGTDGLLD,95
Q14207,NPAT,LCFDSTTA,95
Q5JSJ4,INTS6L,NQVDSLSD,95
Q7Z2E3,APTX,IERDAAQE,95
Q8N806,UBR7,EHQDSTLK,95
Q8WUI4,HDAC7,VVDDGLEH,95
Q9UPN3,MACF1,DTTDGYMG,95
Q9Y3B9,RRP15,NENDGESS,95
O43242,PSMD3,GEADGKTA,94
O94986,CEP152,DGTDGQPH,94
P49327,FASN,PGLDGAQI,94
Q14690,PDCD11,VGLDSLTP,94
Q53SF7,COBLL1,SAADSVES,94
Q7L5N1,COPS6,MEVDAAVV,94
Q8IYW5,RNF168,VRKDSVSK,94
Q99614,TTC1,CFHDCSAS,94
Q9BSI4,TINF2,SVTDSVNL,94
Q9Y6J0,CABIN1,DAGDSADQ,94
O75496,GMNN,ESLDNQEF,93
P48147,PREP,VYRDETAV,93
P78527,PRKDC,VDQDGDPS,93
P83369,LSM11,TRTDGSSV,93
Q02078,MEF2A,SSYDGSDR,93
Q03701,CEBPZ,DDFDFAGS,93
Q07820,MCL1,TSTDGSLP,93
Q15149,PLEC,DALDGPAA,93
Q6P2E9,EDC4,LQLDGSLT,93
P49023,PXN,NPQDSVGS,92
P54132,BLM,TEVDFNKS,92
P83369,LSM11,VSSDSFDP,92
Q07820,MCL1,EELDGYEP,92
Q7Z4S6,KIF21A,DESDSESD,92
Q8NCA5,FAM98A,GWTDGGSG,92
Q92917,GPKOW,DSGDGAGP,92
Q9NQC3,RTN4,NAPDGAGS,92
Q9NZN5,ARHGEF12,PQTDSVIQ,92
O00750,PIK3C2B,VDYDGIND,91
O95817,BAG3,KEVDSKPV,91
P43243,MATR3,DETDLANL,91
Q07820,MCL1,PAADAIMS,91
Q13263,TRIM28,AAGDGTVV,91
Q13263,TRIM28,SSGDGGAA,91
Q5SY16,NOL9,AFADALEF,91
Q6AWC2,WWC2,IDLDAVSA,91
Q6P4F7,ARHGAP11A,VSCDGALS,91
Q96SZ5,ADO,SDRDAASG,91
O15117,FYB1,THSDGAGN,90
O43815,STRN,AAGDGAAA,90
O60237,PPP1R12B,DETDGSEE,90
O75152,ZC3H11A,NEVDSQSS,90
P07602,PSAP,AKSDVYCE,90
P27816,MAP4,DLADLVFP,90
P50548,ERF,DEEDGEVF,90
Q14151,SAFB2,FDFDACNE,90
Q8N1G4,LRRC47,TEADAVSG,90
Q8NFZ5,TNIP2,EHTDGHTS,90
Q92615,LARP4B,SEYDSLPE,90
Q96ST2,IWS1,MQNDSFHS,90
Q9Y2Z0,SUGT1,SFSDALID,90
A1L170,C1orf226,SGTDAAPE,89
A2VDJ0,TMEM131L,ICTDAMRE,89
O15020,SPTBN2,VCTDGEPS,89
O75417,POLQ,SEMDSVQM,89
O76024,WFS1,ERADGTGP,89
O95365,ZBTB7A,PDVDGLAA,89
P29692,EEF1D,DDIDLFGS,89
P38936,CDKN1A,DHVDLSLS,89
P40692,MLH1,DKTDISSG,89
P49792,RANBP2,STTDSVYT,89
Q49AR2,C5orf22,TNCDSSSE,89
Q71RC2,LARP4,VQKDGLNQ,89
Q86TI0,TBC1D1,VDLDSSLS,89
Q8IXW5,RPAP2,NEQDFVSS,89
Q8IZ73,RPUSD2,QELDTIAL,89
Q8WUI4,HDAC7,LETDGGGP,89
Q99767,APBA2,DYPDGQLP,89
Q9BRP8,PYM1,DQPDSAAT,89
P30414,NKTR,STSDSEGS,88
Q8IXH7,NELFCD,DEADGGQQ,88
Q9H6T3,RPAP3,DVPDSTTA,88
Q9NV96,TMEM30A,DEVDGGPP,88
Q9P2E9,RRBP1,DAQDVQAS,88
Q9P2E9,RRBP1,QARDAQDV,88
O00273,DFFA,DAVDTGIS,87
O60303,KIAA0556,DEYDSIEE,87
Q92619,ARHGAP45,DGADAVFP,87
P55055,NR1H2,CSTDWVIP,86
Q13546,RIPK1,SLLDSTNT,86
Q7Z333,SETX,VEEDSVSR,86
Q9H2X6,HIPK2,VECDSLVP,86
Q9HCN4,GPN1,TAKDSLSP,86
O43524,FOXO3,TAADSMIP,85
O75410,TACC1,LEFDFTED,85
P38398,BRCA1,DLLDDGEI,85
Q8IYD1,GSPT2,PSGDGVSS,85
Q92619,ARHGAP45,VDPDGGAG,85
O75821,EIF3G,GDFDSKPS,84
P38398,BRCA1,SELDAQYL,84
P46013,MKI67,NFGDSINE,84
Q14153,FAM53B,EESDSCAL,84
Q4G0J3,LARP7,METDSGVP,84
Q6P1X6,C8orf82,CSGDGGVS,84
Q8NFC6,BOD1L1,VESDGAVT,84
O75363,BCAS1,DPEDTGAE,83
Q96AG3,SLC25A46,DGFDGLGY,83
Q9UNH7,SNX6,DGPDFLSE,83
P10415,BCL2,DAGDVGAA,82
Q13426,XRCC4,DVTDIAPS,82
Q14258,TRIM25,LQADLARE,82
Q15653,NFKBIB,EAPDTYLA,82
Q6ZVH7,ESPNL,LQLDGLPS,82
Q86U42,PABPN1,DPGDGAIE,82
Q86U42,PABPN1,VEGDPGDG,82
O00273,DFFA,EEVDAVDT,81
P20963,CD247,DTYDALHM,81
Q13469,NFATC2,DELDFSIL,81
Q15424,SAFB,FDFDACNE,81
Q8IWB9,TEX2,SEGDGYGS,81
Q8TCU6,PREX1,DQADSAFP,81
Q9UPN3,MACF1,AQVDALQG,81
P11388,TOP2A,PQEDGVEL,80
P38936,CDKN1A,SMTDFYHS,80
Q02952,AKAP12,SEYDAVER,80
Q14511,NEDD9,DLVDGINR,80
Q96B01,RAD51AP1,TEPDFAPG,80
Q9H8H2,DDX31,DKLDSFAI,80
Q9UK59,DBR1,EDEDSIVS,80
O15164,TRIM24,DAPDSTGD,79
P29590,PML,PHLDGPPS,79
Q9H2G2,SLK,HITDAQLE,79
P49321,NASP,VSADKIED,78
P55212,CASP6,TETDAFYK,78
Q12872,SFSWAP,APTDSAPE,78
Q86VM9,ZC3H18,DLRDEASS,78
Q96G46,DUS3L,QTADGQTE,78
Q96N64,PWWP2A,GETDGQQS,78
O14497,ARID1A,GSSDGVGA,77
O43823,AKAP8,VAADVLAE,77
Q12789,GTF3C1,AEEDSQGK,77
Q8N3X1,FNBP4,AEIDAITA,77
Q8NBA8,DTWD2,DSADGLWE,77
A1A4S6,ARHGAP10,SSLDSLSS,76
Q07864,POLE,DMEDFGLV,76
Q14694,USP10,LALDGSSN,76
P06454,PTMA,AAVDTSSE,75
P18583,SON,KILDSFAA,75
P42695,NCAPD3,INIDSSGE,75
Q13620,CUL4B,SATDGNTS,75
Q6ZN04,MEX3B,ASTDSYFG,75
Q9C0F1,CEP44,VSEDYASC,75
Q9UHR6,ZNHIT2,EELDNAPG,75
Q3SXY8,ARL13B,DETDRPSL,74
Q8N111,CEND1,SSPDATPE,74
Q9C037,TRIM4,ICLDYFQD,74
Q9Y6K9,IKBKG,RIEDMRKR,74
P53985,SLC16A1,TSIDVAGK,73
Q5JTV8,TOR1AIP1,MQNDSILK,73
Q92615,LARP4B,SAADGVSA,73
Q96P70,IPO9,EEEDGLAG,73
P09884,POLA1,VDDDGIGY,72
Q12912,LRMP,ASGDSVVS,72
Q13438,OS9,EAADSASG,72
Q5T3J3,LRIF1,SSVDATTV,72
Q6NYC8,PPP1R18,ATVDAAVP,72
Q9P2K8,EIF2AK4,SDTDGLDS,72
Q9UHR5,SAP30BP,LVSDAYGE,72
O15117,FYB1,DDVDTSDF,71
Q00613,HSF1,YAPDAVAS,71
Q13111,CHAF1A,DEDDGFFV,71
Q14151,SAFB2,HAVDGEGF,71
Q8TBF4,ZCRB1,PALDSLSQ,71
Q9P2M7,CGN,SSVDSLIN,71
P35269,GTF2F1,SDIDSEAS,70
Q99590,SCAF11,DSVDEETA,70
Q9UKX7,NUP50,DTPDKKME,70
Q9Y4K1,CRYBG1,AALDGGVA,70
P02730,SLC4A1,TATDYHTT,69
P41250,GARS,SSMDGAGA,69
P67809,YBX1,SAADTKPG,69
Q14676,MDC1,EEVDFLSE,69
Q8NDC0,MAPK1IP1L,SLADALPE,69
Q92597,NDRG1,QDVDLAEV,69
Q96RF0,SNX18,PDLDGSSS,69
O14497,ARID1A,ELQDGAES,68
O43516,WIPF1,SKPDSIPP,68
O43683,BUB1,TVTDSMFA,68
Q8NFD5,ARID1B,PQQDMSQE,68
Q9BQP7,MGME1,VEEDALLC,68
O75822,EIF3J,DVKDNWDD,67
P11387,TOP1,EEEDGKLK,67
P16150,SPN,GVVDAWAG,67
Q13206,DDX10,DDDDGFDP,67
Q8NFC6,BOD1L1,EECDGLMA,67
Q8TEQ6,GEMIN5,QQLDTAST,67
Q96BN8,OTULIN,TARDGGKA,67
Q9NY61,AATF,YLVDGTKP,67
O14828,SCAMP3,ATLDVYNP,66
P09874,PARP1,DEVDGVDE,66
P78559,MAP1A,AEYDSVVA,66
Q8NFA0,USP32,KKVDAQSS,66
Q96T58,SPEN,PKVDATRP,66
Q9UPT8,ZC3H4,LEDDGAEE,66
O75427,LRCH4,DFIDSHVP,65
O76024,WFS1,GVRDAAAP,65
P27816,MAP4,ATADTSIF,65
Q08211,DHX9,DTPDTTAN,65
Q7Z4S6,KIF21A,DNTDTDQE,65
Q99700,ATXN2,SAKDSFIE,65
Q9H7N4,SCAF1,QTVDSSCK,65
Q9UKS7,IKZF2,EAIDGYIT,65
Q9NRY5,FAM114A2,ILEDGNCE,64
Q13428,TCOF1,SGVDSAVG,63
Q96RS0,TGS1,TSHDGHQQ,63
P49327,FASN,PKEDGLAQ,62
Q5T6F2,UBAP2,DYSDSTST,62
P17036,ZNF3,ALLDSALP,61
P39687,ANP32A,GYNDGEVD,61
Q13435,SF3B2,TEEDTVSV,61
Q2NKX8,ERCC6L,DEDDSFKD,61
Q5UIP0,RIF1,TINDSLIV,61
P00519,ABL1,REMDGQPE,60
P38398,BRCA1,DVLDVLNE,60
Q15003,NCAPH,HVADGSAT,60
Q96JQ2,CLMN,DLIDFAST,60
Q9H6W3,RIOX1,DLGDALPG,60
Q3SXY8,ARL13B,AELDGTSG,59
Q7Z2Z2,EFL1,ELQDGCSE,59
Q99996,AKAP9,SLLDGVVT,59
Q9NR30,DDX21,PEPDCNPS,59
P13747,HLA,TAVDTAAQ,58
P28290,ITPRID2,VEEDLFPA,58
Q53SF7,COBLL1,AERDMLPS,58
Q6P0Q8,MAST2,KEQDVVTG,58
Q8TEU7,RAPGEF6,CSVDSMSA,58
Q9H3P7,ACBD3,VSVDGLTL,58
Q92574,TSC1,CCNDGCSD,57
O43399,TPD52L2,LLSDSMTD,56
P14635,CCNB1,ILVDTASP,56
P46100,ATRX,ASTDGVDK,56
Q9NX24,NHP2,ADPDGPEA,56
Q9NZ52,GGA3,HHLDALDQ,56
O00750,PIK3C2B,DGSDGGVS,55
O75563,SKAP2,EEEDSAPV,55
Q14694,USP10,NSTDSVSD,55
Q16204,CCDC6,SDTDGAGG,55
Q8N1G0,ZNF687,EEPDSTTP,55
Q8TAP9,MPLKIP,SPRDGYGS,55
Q9UKX7,NUP50,TLVDKVSN,55
P19338,NCL,VEEDSEDE,54
Q9HCM1,RESF1,SSVDGVQT,54
P14625,HSP90B1,IDPDAKVE,52
P49454,CENPF,CDKDAQQD,52
Q6AI08,HEATR6,AEKDGVSS,52
Q8WXH0,SYNE2,DTLDSSDA,52
Q9UPN7,PPP6R1,DGEDGAWQ,52
P39880,CUX1,DSCDGVEA,51
Q13439,GOLGA4,DQTDKMKQ,51
Q2VPK5,CTU2,LDVDAADS,51
Q8TCU4,ALMS1,ALLDSHLP,51
Q9H1B7,IRF2BPL,NHVDGSSK,51
Q9UGP4,LIMD1,LTVDGAAK,51
O15027,SEC16A,SHSDSLAS,50
Q00653,NFKB2,PGLDGIIE,49
Q00839,HNRNPU,SALDGDQM,49
Q14515,SPARCL1,DEFDQGNQ,49
Q16643,DBN1,SLIDLWPG,49
Q6DD87,ZNF787,VAADGEIA,49
Q8N6S5,ARL6IP6,TQGDSWGE,49
Q9UPN4,CEP131,DQLDSQQE,49
Q9Y6W5,WASF2,PQSDSASS,49
P55789,GFER,GRRDAAAS,48
Q14160,SCRIB,CQPDSGSP,48
Q8TAK5,GABPB2,AEVDAVVV,48
Q8TCU4,ALMS1,GLPDSHLT,48
Q92576,PHF3,EQNDSISG,48
P19623,SRM,PGPDGPAA,47
P78559,MAP1A,EEEDATKA,47
Q06546,GABPA,IEIDGTEK,47
Q8IW35,CEP97,TLSDGASV,47
Q8NEB9,PIK3C3,AEIDSSQI,47
Q92945,KHSRP,AFADAVQR,47
Q96PY6,NEK1,VSEDGVSS,47
O15234,CASC3,AAPDAAPP,46
O75909,CCNK,DATDLPKV,46
P56182,RRP1,DDRDSGGP,46
Q9NZ52,GGA3,AELDTTNS,46
P27987,ITPKB,TQEDGALE,45
Q14790,CASP8,REQDSESQ,45
Q8TCU4,ALMS1,DLADSHLP,45
Q8WV07,LTO1,DIFDAIVM,45
P80723,BASP1,PASDSKPG,44
Q32MZ4,LRRFIP1,TVKDCVDI,44
Q8N163,CCAR2,QAPDALEQ,44
Q8NFC6,BOD1L1,TNLDSSPS,44
Q9BVS4,RIOK2,IKEDSLSE,44
Q9H814,PHAX,ESVDSSEE,44
Q9UGR2,ZC3H7B,APRDCYVD,44
Q9UKV3,ACIN1,VSRDSSTS,44
O75822,EIF3J,GDSDSWDA,43
O75822,EIF3J,WDADAFSV,43
O95671,ASMTL,VKHDSIPA,43
P54132,BLM,DSLDGPME,43
Q14684,RRP1B,SRKDGLSD,43
Q49MG5,MAP9,MAPDGCED,43
Q8IYD1,GSPT2,DQVDMESP,43
Q92945,KHSRP,IRKDAFAD,43
Q9BRD0,BUD13,DSPDLAPN,43
O15534,PER1,SELDGLGL,42
O75822,EIF3J,DSWDADAF,42
P10451,SPP1,LVTDFPTD,42
P19113,HDC,GAGDDPVQ,42
Q6DD88,ATL3,TVRDAVVG,42
Q8NEF9,SRFBP1,SEKDSVVS,42
Q9NTJ3,SMC4,PSPDGASS,42
O94854,KIAA0754,VVEDGSDC,41
P56524,HDAC4,SHPDGLSG,41
Q12802,AKAP13,PETDGQFL,41
Q7Z3T8,ZFYVE16,EEVDVAVI,41
O15117,FYB1,DIYDGIEE,40
P49792,RANBP2,EEPDSITK,40
Q5JRA6,MIA3,DEIDLPRE,40
Q5JTV8,TOR1AIP1,DDQDSSHS,40
Q9P1Y6,PHRF1,DEEDGASC,40
P54132,BLM,YDTDFVPP,39
Q8IV04,TBC1D10C,LQDDSSSL,39
O94925,GLS,GETDAFGN,38
P52746,ZNF142,GEMDGLCP,38
P80723,BASP1,TKSDGAPA,38
Q99590,SCAF11,PDVDSSNI,38
Q9NZM5,NOP53,EESDGEGE,38
Q9UBN7,HDAC6,DMADSMLM,38
Q9Y6W5,WASF2,ENVDASSY,38
O15117,FYB1,DADDGFPA,37
P50851,LRBA,SSVDSAQA,37
Q15542,TAF5,GEVDSAGA,37
Q92900,UPF1,GQLDAQVG,37
Q9H2L5,RASSF4,SSTDSSGP,37
O15530,PDPK1,PAMDGTAA,36
O95453,PARN,EQTDSCAE,36
P51957,NEK4,SVSDGFVQ,36
P57764,GSDMD,DAMDGQIQ,36
Q14693,LPIN1,SQLDSLKR,36
Q86YV0,RASAL3,SEFDSEHN,36
Q8N9B5,JMY,DHCDSLPS,36
Q96JP5,ZFP91,EEDDSALP,36
P27816,MAP4,LARDMTLP,35
Q14790,CASP8,TISDSPRE,35
Q8TDB6,DTX3L,QERDSCIS,35
Q9BTC0,DIDO1,TAEDGVPA,35
Q9C0B9,ZCCHC2,AEKDGSGP,35
Q9H2C2,ARV1,GNVDGVAA,35
O75376,NCOR1,DKIDGTAE,34
O94804,STK10,DAVDAAST,34
P11086,PNMT,AAPDSAPG,34
P41214,EIF2D,VQMDSTLQ,34
Q9NW13,RBM28,EESDSIDD,34
Q9UPN4,CEP131,TEDDASSL,34
Q9UQ35,SRRM2,FQSDSSSY,34
P43007,SLC1A4,GYLDSAQA,33
P54619,PRKAG1,ISSDSSPA,33
Q12802,AKAP13,DGPDGNSN,33
Q9NWZ8,GEMIN8,VECDLSNM,33
A6H8Y1,BDP1,QNIDGIVG,32
B2RUZ4,SMIM1,GSRDGVSL,32
O00148,DDX39A,DLLDYDEE,32
P00519,ABL1,SLVDAVNS,32
P04818,TYMS,QERDAEPR,32
Q2VPK5,CTU2,DAADSATA,32
Q8IY37,DHX37,DLGDGGQD,32
Q96IZ0,PAWR,EEPDGVPE,32
Q9NRZ9,HELLS,EQLDTAVI,32
Q9UNF1,MAGED2,SEKDSSSM,32
Q12888,TP53BP1,VEQDSSQP,31
Q27J81,INF2,DEEDTAPE,31
Q8WYP5,AHCTF1,TEKDGDKD,31
Q96EK9,KTI12,HTADSVVN,31
Q96PZ0,PUS7,EDNDSGVP,31
O15013,ARHGEF10,DQKDALPS,30
O60841,EIF5B,VTVDTGVI,30
P35251,RFC1,IETDAMIK,30
P55210,CASP7,DSVDAKPD,30
Q08J23,NSUN2,DAEDGAEG,30
Q7Z6I6,ARHGAP30,PSPDGCLC,30
Q96AQ6,PBXIP1,GTMDGEGT,30
O95153,TSPOAP1,SIADTPPA,29
Q27J81,INF2,DLVDAVTP,29
Q641Q2,WASHC2A,DSGDIFST,29
Q6ZRI6,C15orf39,TEPDSATA,29
Q8NFC6,BOD1L1,SEVDTSAG,29
Q8TDG4,HELQ,SEVDMFGD,29
Q9UI08,EVL,RPEDASGG,29
Q9Y4K1,CRYBG1,VQTDAGCL,29
O60343,TBC1D4,DGTDTHLG,28
O95425,SVIL,HVGDGSSD,28
P27824,CANX,EVEDSKPD,28
P41743,PRKCI,TQRDSSTM,28
Q08378,GOLGA3,ESPDGPGQ,28
Q6NWY9,PRPF40B,SSLDSVES,28
Q8N302,AGGF1,VENDAYPG,28
Q9P266,JCAD,SDVDGVVT,28
P82970,HMGN5,ENIDTSAQ,27
Q12802,AKAP13,SSLDGNKP,27
Q13432,UNC119,SEPDAGPG,27
Q7Z6L1,TECPR1,SDTDASSE,27
Q8IUX7,AEBP1,DDMDYYFG,27
Q8IW35,CEP97,ARVDAALP,27
Q8N163,CCAR2,TDTDLPEA,27
Q9H6R7,WDCP,IALDAEPV,27
Q9H6R7,WDCP,SICDGSIA,27
Q9UEE9,CFDP1,EEDDAAEQ,27
Q9Y4E1,WASHC2C,DSGDIFST,27
P04637,TP53,TFSDLWKL,26
P27816,MAP4,KTTDMAPS,26
Q5TAX3,TUT4,NELDFADH,26
Q9GZR7,DDX24,TVSDQALL,26
Q9H009,NACA2,EEQDSTQT,26
O15027,SEC16A,ENFDGKFA,25
P27816,MAP4,TETDVSSA,25
Q03701,CEBPZ,VDEDGGTF,25
Q13111,CHAF1A,EQPDSLVD,25
Q69YH5,CDCA2,VSSDAVPD,25
Q76I76,SSH2,LEFDHLPD,25
Q7Z6I6,ARHGAP30,LEVDCAKE,25
Q96MW1,CCDC43,GEGDGGGG,25
Q9UQ35,SRRM2,PVLDAVPR,25
Q9Y572,RIPK3,TSSDSMAQ,25
O00566,MPHOSPH10,EDIDFFED,24
O43719,HTATSF1,EEEDSSEK,24
O60343,TBC1D4,EEADGTDT,24
O60841,EIF5B,IDLDALAA,24
O75363,BCAS1,DIVDGKEK,24
O94901,SUN1,SVRDAVGQ,24
P49796,RGS3,SSKDSATS,24
P55957,BID,IEADSESQ,24
Q13428,TCOF1,DDPDGKQE,24
Q14789,GOLGB1,EEQDSLSM,24
Q5T1V6,DDX59,VPVDAVAT,24
Q5VYV7,SLX4IP,TSSDSVIA,24
Q9BRD0,BUD13,DSPDPSPP,24
Q9BWT1,CDCA7,DSCDSFAS,24
Q9C0D5,TANC1,VAVDAAPP,24
Q9UMX0,UBQLN1,GSQDSAAG,24
P11473,VDR,DMMDSSSF,23
P55265,ADAR,VRPDGHSQ,23
P55957,BID,LQTDGNRS,23
Q14318,FKBP8,EVLDGVED,23
Q86XP1,DGKH,VEEDAVES,23
Q92688,ANP32B,AEVDGVDE,23
Q99575,POP1,EVMDAGCQ,23
Q9BWU0,SLC4A1AP,DYQDCSKT,23
Q9NQG7,HPS4,EDVDGVCE,23
O15015,ZNF646,MVVDSVLE,22
O43169,CYB5B,SGSDGKGQ,22
O43296,ZNF264,PECDGLGT,22
O43379,WDR62,SACDGLLQ,22
P19525,EIF2AK2,DLPDMKET,22
P26374,CHML,EVLDSALP,22
Q01804,OTUD4,GVPDGGDQ,22
Q14146,URB2,HCRDGGAD,22
Q15814,TBCC,TKVDAAPG,22
Q5TAP6,UTP14C,MNVDGPNP,22
Q6ZRI6,C15orf39,AEPDSAPA,22
Q7Z591,AKNA,EEPDGTLG,22
Q8IWU2,LMTK2,TESDSVLA,22
Q8WUA4,GTF3C2,EEVDGAPR,22
Q8WWI1,LMO7,PSPDASQL,22
Q96GM8,TOE1,VCGDSIKP,22
Q96RS0,TGS1,YERDSLLA,22
Q9BQG0,MYBBP1A,PAEDGTPA,22
Q9UQ35,SRRM2,PTVDSNSL,22
Q9Y4R8,TELO2,EIVDGGVP,22
O15027,SEC16A,DRADSGPT,21
O15446,CD3EAP,LEVDMALG,21
P19338,NCL,EEDDSSGE,21
P23378,GLDC,RSRDSSSG,21
P25445,FAS,LHHDGQFC,21
P27816,MAP4,LAKDGVLT,21
P35579,MYH9,EEVDGKAD,21
P46013,MKI67,THTDKVPG,21
Q08AF3,SLFN5,CVVDAGKV,21
Q12802,AKAP13,LALDSVLT,21
Q14676,MDC1,TERDSDTD,21
Q14761,PTPRCAP,HVADGGLQ,21
Q14761,PTPRCAP,TDYDHVAD,21
Q2NKX8,ERCC6L,TLQDGKGT,21
Q5T8I9,HENMT1,SVVDGNFE,21
Q5UIP0,RIF1,GELDGGND,21
Q6JBY9,RCSD1,EEVDGQHP,21
Q7Z2K8,GPRIN1,ESMDSAST,21
Q7Z2W4,ZC3HAV1,NNADGVAT,21
Q7Z434,MAVS,ADPDGGPR,21
Q7Z434,MAVS,SQVDSPFS,21
Q86XL3,ANKLE2,VEFDKLNL,21
Q8IWU2,LMTK2,ISPDAVTV,21
Q8NCD3,HJURP,DRTDGSVQ,21
Q8WVB6,CHTF18,PQVDGSPP,21
Q96JQ2,CLMN,EEADGSQS,21
Q96N21,TEPSIN,LLTDAVPL,21
Q96PZ0,PUS7,LQNDFLSI,21
Q9BZE4,GTPBP4,GEYDSVSE,21
Q9C0C2,TNKS1BP1,EDVDGTWG,21
Q9P275,USP36,DSRDVVLS,21
O00148,DDX39A,VENDLLDY,20
O15027,SEC16A,VHPDSVSS,20
P06454,PTMA,DDEDDDVD,20
P16383,GCFC2,SDSDGAEE,20
P27816,MAP4,PVKDMAQL,20
P46013,MKI67,ESADGLQG,20
P46013,MKI67,LQTDYATE,20
P51572,BCAP31,AAVDGPMD,20
P52888,THOP1,DMADAASP,20
Q14005,IL16,SSTDSAAS,20
Q16512,PKN1,LGTDSDSS,20
Q27J81,INF2,AEADSTSE,20
Q5JRA6,MIA3,DQTDSTGG,20
Q5JRA6,MIA3,DSLDEEFF,20
Q5SXM2,SNAPC4,AEADGSVA,20
Q5UIP0,RIF1,TGHDGETE,20
Q6WKZ4,RAB11FIP1,LSSDGAVS,20
Q7Z2T5,TRMT1L,SALDSAPT,20
Q7Z2W4,ZC3HAV1,LVNDSLSD,20
Q86TI2,DPP9,DRGDAAAT,20
Q8IVD9,NUDCD3,IEIDSTTE,20
Q8IVD9,NUDCD3,TELDGHQE,20
Q8TCU4,ALMS1,ITLDGLNE,20
Q92664,GTF3A,TIADAFIA,20
Q92851,CASP10,SQTDVKTF,20
Q96HA7,TONSL,DDTDGLTP,20
Q96SW2,CRBN,DQQDAAHN,20
Q9GZR7,DDX24,AESDALPD,20
Q9H714,RUBCNL,PETDSAFF,20
Q9NWK9,ZNHIT6,QETDSSLV,20
Q9Y6W5,WASF2,TGADGQPA,20
O95685,PPP1R3D,SDLDGGVA,19
P04233,CD74,DQRDLISN,19
P12755,SKI,AVPDAAAP,19
P46013,MKI67,DAADSATK,19
P46013,MKI67,DSKDSVAQ,19
P46063,RECQL,EELDSITS,19
P55265,ADAR,VRPDSHSQ,19
Q16643,DBN1,IETDTATA,19
Q5U5Q3,MEX3C,AELDGDLL,19
Q6DKK2,TTC19,QGADGAAA,19
Q8IY17,PNPLA6,AERDGFQD,19
Q8IY81,FTSJ3,DEEDSTAG,19
Q8NFD5,ARID1B,TESDEKSS,19
Q92794,KAT6A,EEEDAAAE,19
Q9BU89,DOHH,QEVDAIGQ,19
P14625,HSP90B1,TEQDEDEE,18
P27816,MAP4,SLADALTE,18
P55011,SLC12A2,ASRDGGGV,18
Q12912,LRMP,SSTDGTIT,18
Q13342,SP140,DTVDIANN,18
Q5JRA6,MIA3,EESDSVFS,18
Q6ZUT1,NKAPD1,ITADSSSE,18
Q7RTS1,BHLHA15,GTPDGSLP,18
Q8IX01,SUGP2,TPADGLPG,18
Q8TCG2,PI4K2B,EEEDGERE,18
Q92934,BAD,EQEDSSSA,18
Q96CA5,BIRC7,DHVDGQIL,18
Q96GA3,LTV1,DDYDSAGL,18
Q96JH8,RADIL,VVLDGHLE,18
Q9H9B1,EHMT1,EEDDGHGA,18
Q9NR30,DDX21,EEIDAPKP,18
O15027,SEC16A,NPHDGVVT,17
O75164,KDM4A,SSRDSISS,17
P08195,SLC3A2,TEVDMKEV,17
P49069,CAMLG,VATDGGER,17
P55011,SLC12A2,AAGDGLGR,17
P57764,GSDMD,FLTDGVPA,17
Q08378,GOLGA3,SEVDGNDS,17
Q13342,SP140,EMCDGEEP,17
Q32MZ4,LRRFIP1,SDLDGGNH,17
Q63HN8,RNF213,MAVDAVAE,17
Q99733,NAP1L4,SFSDGVPS,17
Q9BTV7,CABLES2,ISLDGRPP,17
Q9BV44,THUMPD3,SEQDGERG,17
Q9H3R0,KDM4C,DEVDGAEV,17
Q9H6X5,C19orf44,LSLDGLAP,17
Q9HB58,SP110,EIIDGTSE,17
Q9UL45,BLOC1S6,SSPDGALT,17
Q9Y4C8,RBM19,TVPDGETP,17
P78316,NOP14,DSPDSHLD,16
Q16512,PKN1,TDSDSSPQ,16
Q32MZ4,LRRFIP1,VLADGDTL,16
Q5VWN6,TASOR2,VEVDSSSA,16
Q7Z6I6,ARHGAP30,AQEDQVAE,16
Q8IX01,SUGP2,DDEDGGEE,16
O95613,PCNT,DTPDGAGG,15
O95671,ASMTL,DLSDVEGG,15
O95926,SYF2,VLVDSAEE,15
P27695,APEX1,VAEDGDEL,15
Q15361,TTF1,TLFDSVEG,15
Q15361,TTF1,VEGDGAMM,15
Q3KQU3,MAP7D1,TPTDAAVL,15
Q8N3D4,EHBP1L1,DRADGAAP,15
Q96N21,TEPSIN,DELDSGPS,15
Q96PZ0,PUS7,EEEDGLSE,15
Q96S55,WRNIP1,WDADAAEA,15
O43561,LAT,VLPDSTPA,14
O94854,KIAA0754,TEEDGTPE,14
O95671,ASMTL,TQRDAGSR,14
Q14493,SLBP,SRCDGDAS,14
Q8IWC1,MAP7D3,MSMDASPE,14
Q9H9J4,USP42,EEPDAAAG,14
Q9NQC3,RTN4,FGNDFVPP,14
Q9UQF2,MAPK8IP1,DLIDATGD,14
Q9Y4C8,RBM19,EEEDSSAT,14
P19338,NCL,DDDDDEED,13
P19338,NCL,EDDDDDEE,13
Q6IQ19,CCSAP,DAEDAALP,13
Q7Z6E9,RBBP6,ESLDTAAV,13
Q8N2F6,ARMC10,DLTDGSYD,13
Q8NDX1,PSD4,VQPDIHLT,13
Q8TF50,ZNF526,VGDDAVGG,13
Q96RS0,TGS1,DEQDCVTQ,13
Q9H714,RUBCNL,DTTDSVGS,13
O60711,LPXN,TLQDSDEY,12
Q7Z4V5,HDGFL2,ADSDGAKP,12
Q8NDX1,PSD4,VHQDGLEP,12
Q9C0C9,UBE2O,PASDSASG,12
A6QL64,ANKRD36,DDKDSVSN,11
Q641Q2,WASHC2A,DGCDLFAD,11
Q9C0E8,LNPK,QTDDKIPA,11
Q9UL40,ZNF346,QAADGGAA,11
Q9Y613,FHOD1,SVPDSSAL,11
Q8WW35,TCTEX1D2,SVGDGVPE,10
Q9BQG0,MYBBP1A,EERDGDVD,10
Q9Y4E1,WASHC2C,DGCDLFAD,10
A6QL64,ANKRD36,DKDDSVSN,9
O60346,PHLPP1,LEADAASA,9
Q14160,SCRIB,LALDGETL,9
Q9H2J4,PDCL3,TYEDMTLE,9
P46087,NOP2,EEADGGLQ,8
Q8TBB5,KLHDC4,VAEDGTVV,8
Q96MG2,JSRP1,EELDGGLG,8
O75907,DGAT1,EVRDAAAG,7
O95466,FMNL1,PGTDGPVP,7
P19338,NCL,DDDDDEDD,7
P19338,NCL,DDDDEDDE,7
P19338,NCL,DDEDDEEE,7
P19338,NCL,EDDDDEDD,7
P31150,GDI1,EEYDVIVL,7
Q9NR30,DDX21,SEVDMNSP,7
P14209,CD99,DLSDALPD,6
P14625,HSP90B1,EEMDVGTD,6
P62328,TMSB4X,DKPDMAEI,6
Q7Z5W3,BCDIN3D,TELDGGSV,6
Q8IY81,FTSJ3,EEKDGISD,6
Q8TCG2,PI4K2B,ASADGGSP,6
Q96MG7,NSMCE3,VLRDGFAE,6
P29372,MPG,SSSDAAQA,5
P42574,CASP3,NSVDSKSI,5
Q13428,TCOF1,DSSDSSSG,5
Q14692,BMS1,SEDDGLEN,5
Q5T0F9,CC2D1B,VEEDAVAA,5
Q6NZY4,ZCCHC8,MELDSDME,5
Q86UK7,ZNF598,EEEDGGPA,5
Q8NCF5,NFATC2IP,VSVDLVTD,5
Q92620,DHX38,TSEDASIH,5
Q92918,MAP4K1,DDVDIPTP,5
Q969K3,RNF34,DEDDDDEE,5
Q96C57,CUSTOS,ASVDSAVA,5
Q9H5J8,TAF1D,DSLDHVTS,5
A6NFI3,ZNF316,GEADGEAE,4
O43665,RGS10,DIHDSDGS,4
O43665,RGS10,HDSDGSSS,4
P19338,NCL,DDEDEDED,4
P19338,NCL,SEEDEEDD,4
P46940,IQGAP1,DEVDGLGV,4
Q13242,SRSF9,GWADERGG,4
Q13428,TCOF1,DSSDGEVP,4
Q2NL68,PROSER3,TSSDGLSP,4
Q96B01,RAD51AP1,TSVDSAPA,4
Q99549,MPHOSPH8,SAADSTEE,4
Q9NW13,RBM28,DEEDGVFD,4
O00273,DFFA,VTGDAGVP,3
O95391,SLU7,TVVDAVNA,3
P14314,PRKCSH,EEEDSEEA,3
P14625,HSP90B1,VGTDEEEE,3
P26599,PTBP1,IVPDIAVG,3
P35637,FUS,GNQDQSGG,3
Q13428,TCOF1,ESSDSADS,3
Q7Z591,AKNA,LEVDGVAA,3
Q86X53,ERICH1,DGVDTIEE,3
Q8N3D4,EHBP1L1,TAADSQQP,3
Q8N8A6,DDX51,PGPDAAAA,3
Q96C57,CUSTOS,TVSDSESS,3
Q96S44,TP53RK,TPADGEEP,3
Q9BRT9,GINS4,EEVDFLGQ,3
Q9BTC0,DIDO1,CSADAAVS,3
Q9BW27,NUP85,EELDGEPT,3
Q9Y3T9,NOC2L,EEEDGAEE,3
O60610,DIAPH1,LSGDATIP,2
O60664,PLIN3,AEADGSTQ,2
P85037,FOXK1,VSGDSAVA,2
Q13111,CHAF1A,PEEDSVLS,2
Q14657,LAGE3,GGVDTAAA,2
Q15046,KARS,VKVDGSEP,2
Q1KMD3,HNRNPUL2,AEPDASEK,1
Q8N5W9,RFLNB,LEPDAAAA,1
Q9UHY8,FEZ2,DWQDFYEF,1
