uni,fullpep,pname,count
Q53EP0,ESPDSSGA,FND3B,246
Q9H4M9,GAFDGTMN,EHD1,208
Q12802,IEQDVVGP,AKP13,197
Q92499,SVPDTVHH,DDX1,192
Q9Y2X3,SQMDGLIP,NOP58,190
Q15056,DEVDSLKE,IF4H,188
P51114,DDRDSRHQ,FXR1,185
Q9P2J5,DAGDALIY,SYLC,183
Q15181,DDPDAANY,IPYR,180
Q9UMX1,LESDSSTA,SUFU,179
Q99733,VDCDGCTI,NP1L4,177
Q4ADV7,VQPDAFQP,RIC1,176
Q03468,AIMDGASP,ERCC6,173
P08670,TNLDSLPL,VIME,172
Q13085,TEEDGVHS,ACACA,172
Q9NSE4,VFTDVAGP,SYIM,171
Q9UQ13,DLPDTIGN,SHOC2,170
P52907,EEADGGLK,CAZA1,169
A0MZ66,TDTDGAAE,SHOT1,167
P06396,DQTDGLGL,GELS,164
P19338,ESFDGSVR,NUCL,163
Q13573,DDPDLQRP,SNW1,163
P48147,GEYDYVTN,PPCE,160
P45974,SAADSISE,UBP5,156
Q08378,CSTDSPLP,GOGA3,155
P82673,IEIDSTDY,RT35,150
Q6P2E9,LGADGTHG,EDC4,147
Q9Y6K1,VYTDMWVE,DNM3A,141
Q7LDG7,IDIDSVPT,GRP2,135
Q96A49,LEEDSADW,SYAP1,134
P22681,LSLDGDPT,CBL,130
Q96SB3,TDEDEELS,NEB2,129
O75794,SEVDAQEQ,CD123,128
P27797,KDPDASKP,CALR,127
Q15052,TRKDSIPQ,ARHG6,126
Q07021,AFVDFLSD,C1QBP,125
O95819,FSCDGMRP,M4K4,122
Q13136,SETDNSSQ,LIPA1,116
Q9UHB6,ENTDASGK,LIMA1,116
O60664,TSLDGFDV,PLIN3,114
P46939,VTIDAIRE,UTRO,114
P06744,PELDGSAQ,G6PI,113
Q07021,LHTDGDKA,C1QBP,113
Q9H5V7,IQTDSYES,IKZF5,112
Q4V339,EKPDGLIN,CBWD6,111
Q5JTY5,EKPDGLIN,CBWD3,111
Q8IUF1,EKPDGLIN,CBWD2,111
Q9BRT8,EKPDGLIN,CBWD1,111
O75152,DATDKVNK,ZC11A,110
Q14566,SGVDGYET,MCM6,109
Q14839,EATDGGGD,CHD4,106
P27694,QALDGVSI,RFA1,105
Q6FIF0,SVSDTAQQ,ZFAN6,105
Q969S3,LGVDSVDK,ZN622,104
Q96II8,IQRDAVLD,LRCH3,104
P43243,AAVDYYTT,MATR3,103
P46821,DATDGKDY,MAP1B,103
O60508,DEKDVAKP,PRP17,102
Q8TEK3,TALDALHA,DOT1L,102
Q9UIL1,DAVDAENQ,SCOC,102
Q01082,ETVDTSEM,SPTB2,101
Q8N0X7,FLVDGVCT,SPART,101
P14625,VKFDESEK,ENPL,100
P49321,DMLDLAKI,NASP,100
P83916,HETDKSEG,CBX1,100
P00519,DTTDVPEM,ABL1,99
Q14157,MENDSSNL,UBP2L,99
P42858,DGTDNQYL,HD,98
Q9UPN9,SELDALAS,TRI33,98
O60583,DVRDHYIA,CCNT2,97
O60293,DTTDSSQG,ZC3H1,96
P14625,LELDTIKN,ENPL,95
P42858,IVLDGTDN,HD,95
Q6UB98,VYSDSTIQ,ANR12,94
Q9Y483,SDVDFTGA,MTF2,93
O15511,DGGDGQAG,ARPC5,92
Q16829,TESDGSPV,DUS7,92
Q5T4S7,GDSDSAAP,UBR4,92
O43852,YSHDGNTD,CALU,91
P14625,EDEDDKTV,ENPL,91
Q12982,DPSDGSVL,BNIP2,91
P21359,SSMDSAAG,NF1,90
P23246,DAKDKLES,SFPQ,90
Q00534,TYLDKVPE,CDK6,90
Q96F24,TDKDAAAH,NRBF2,90
P25098,TVFDTINA,ARBK1,89
Q7L2H7,LEPDKQEA,EIF3M,89
Q9H553,TSFDSVVP,ALG2,89
Q9Y4G8,DSVDSGSK,RPGF2,89
O94782,DFTDSQEN,UBP1,87
P23368,TFEDAVNI,MAOM,87
P83369,TRTDGSSV,LSM11,87
Q15043,SELDGKAP,S39AE,87
Q86UP2,VEDDQVAP,KTN1,87
P52565,DKTDYMVG,GDIR1,86
Q9NW75,SESDSSSL,GPTC2,86
P30154,LELDSVKS,2AAB,85
Q63HN8,VTMDGVRE,RN213,85
O95721,MSTDAYPK,SNP29,84
P26641,ADSDIVPP,EF1G,84
Q96T58,VKPDSVTA,MINT,84
Q9UKJ3,DYVDKEKA,GPTC8,84
P08758,VVGDTSGY,ANXA5,83
P32926,DYADGAIS,DSG3,83
Q5T5U3,VRTDSAPD,RHG21,83
Q6UN15,VDLDSFED,FIP1,82
Q8NEZ2,EESDNIAE,VP37A,82
Q9UP83,DELDGIIK,COG5,82
O43707,QEDDWDRD,ACTN4,81
P29144,QAQDGAIS,TPP2,80
Q9UPP1,TDEDMVEG,PHF8,80
P10809,LAVDAVIA,CH60,79
P21127,SAEDGLKH,CD11B,78
P54252,DLPDCEAD,ATX3,78
Q96G28,CLTDGSDV,CFA36,78
Q15424,DSRDGWGG,SAFB1,76
Q6FI81,MEDDSMDL,CPIN1,75
Q9H706,VKTDSVDL,GARE1,75
O94888,EKADGVVE,UBXN7,74
Q92619,VDPDGGAG,HMHA1,74
Q96D71,VDADGLIT,REPS1,74
Q9BVI0,EELDGDDR,PHF20,74
P20700,NSKDAALA,LMNB1,73
P25800,DKEDGVPM,RBTN1,73
Q05084,ESTDAAVQ,ICA69,73
Q06203,TQLDVPHV,PUR1,73
Q9UKV3,TLADYSAQ,ACINU,73
O14981,DSTDGEPE,BTAF1,72
O43852,YDHDAFLG,CALU,72
O43903,SRVDGKTS,GAS2,72
Q16513,DITDCPRT,PKN2,72
Q7Z4V5,DIADGAVK,HDGR2,72
Q96I25,TEKDASKK,SPF45,72
P11831,SESDSSGE,SRF,71
P31689,DEMDQVEL,DNJA1,71
P42345,EILDGVEL,MTOR,71
Q96ED9,DTPDSLSP,HOOK2,71
Q9UKJ3,ESTDGAED,GPTC8,71
P54105,RTEDSIRD,ICLN,70
Q14258,LQADLARE,TRI25,70
Q5BJE1,HKTDEMED,CC178,69
Q96SB3,DDEDDEED,NEB2,69
P17542,EITDGPHT,TAL1,68
P54259,DLRDRLKP,ATN1,68
Q04759,DEVDKMCH,KPCT,68
Q14151,FDFDACNE,SAFB2,68
Q92615,SEYDSLPE,LAR4B,68
Q9P2E9,SQLDAAKS,RRBP1,68
P04406,KWGDAGAE,G3P,67
P28370,DDIDNIAR,SMCA1,67
Q15306,SWRDYVPD,IRF4,67
O94986,DGTDGQPH,CE152,66
P31943,NSPDTAND,HNRH1,66
P52597,NSADSAND,HNRPF,66
Q14157,TGRDGSLA,UBP2L,66
Q14444,DQLDAVSK,CAPR1,66
Q9UMX1,IETDGSNL,SUFU,66
Q9Y613,CSLDGALP,FHOD1,66
Q9BVX2,DDRDGLLA,T106C,65
Q9HAV4,IQKDSLDQ,XPO5,65
P48643,KISDSVLV,TCPE,64
Q6PD62,SENDSRPA,CTR9,64
P33991,LQSDGAAA,MCM4,63
Q7Z417,NRVDGSKP,NUFP2,63
Q8WXD2,DDPDGLHQ,SCG3,63
Q8WYA6,IDRDGEEE,CTBL1,63
P02730,EQGDGGTE,B3AT,62
P11177,TVRDAINQ,ODPB,62
Q96SB3,EEEDPAPS,NEB2,62
Q9BSD7,VPVDGFYT,NTPCR,62
P42566,TNLDFFQS,EPS15,61
Q15424,FDFDACNE,SAFB1,61
Q7Z7B0,VQTDAVSG,FLIP1,60
P15311,YEKDDKLT,EZRI,59
P54578,GSADALPE,UBP14,59
O43290,HAIDSFRE,SNUT1,58
Q8N302,DKKDESFV,AGGF1,58
Q9Y4I1,TMTDSTIL,MYO5A,58
Q12789,AEEDSQGK,TF3C1,57
P17036,ALLDSALP,ZNF3,56
Q07817,SSLDAREV,B2CL1,56
Q12959,QPVDNHVS,DLG1,54
Q6IBW4,ADLDAVPM,CNDH2,54
Q96BN8,TARDGGKA,OTUL,54
O75995,PEDDSGVP,SASH3,53
P27694,VQFDFTGI,RFA1,53
P35222,YPVDGLPD,CTNB1,53
P54578,IEDDSVKE,UBP14,53
Q12872,APTDSAPE,SFSWA,53
P07737,LLQDGEFS,PROF1,52
Q5JVF3,DSRDGASC,PCID2,52
O00308,ALTDGSQL,WWP2,51
O00442,DLCDGQLE,RTCA,51
P14136,DLTDAAAR,GFAP,51
P49792,DFADGERK,RBP2,51
Q5T6F2,ASRDGSLA,UBAP2,51
Q09666,EAPDVSLE,AHNK,50
Q09666,EVPDVNIE,AHNK,50
Q96SB3,LDADAVSP,NEB2,50
O43823,VAADVLAE,AKAP8,49
Q15750,TSLDAVAQ,TAB1,49
Q8N684,GSRDSGPP,CPSF7,49
Q9Y6Y0,NLLDGQAE,NS1BP,49
P49792,HETDGGSA,RBP2,48
Q9UKX7,DTPDKKME,NUP50,48
P68104,TRKDGNAS,EF1A1,46
Q7L2E3,DVTDFLSM,DHX30,46
Q86X95,VPTDGSGP,CIR1,46
P38398,DVLDVLNE,BRCA1,45
Q09666,DVPDVNLE,AHNK,45
Q9NZL9,NQPDAASQ,MAT2B,45
O14975,DGIDSFLD,S27A2,44
P35222,DLMDGLPP,CTNB1,44
P42224,MELDGPKG,STAT1,44
Q5JSZ5,SQVDGGLS,PRC2B,44
Q96BY6,DSLDNSVT,DOC10,44
Q96PU8,ELPDAVGP,QKI,44
Q9BTE3,DERDASAL,MCMBP,44
O95433,HMVDGNVS,AHSA1,43
P78527,SVIDSAEL,PRKDC,43
Q96I24,NDIDSNST,FUBP3,43
Q14515,DEFDQGNQ,SPRL1,42
Q53EL6,TYIDSYKG,PDCD4,42
Q92576,EEVDSMSK,PHF3,42
O15540,VSLDGDKL,FABP7,41
P78344,DETDSSSA,IF4G2,41
Q5SY16,AFADALEF,NOL9,41
Q7L014,ERQDGGQN,DDX46,41
O43290,SESDGEEN,SNUT1,40
Q8NC51,SDLDQSNV,PAIRB,40
Q9H223,GAFDGTTE,EHD4,40
Q8NFH3,LDSDGGFE,NUP43,39
P06241,EERDGSLN,FYN,38
Q13492,SLLDALEQ,PICAL,38
Q9Y608,IIPDGTPN,LRRF2,38
P08238,AVPDEIPP,HS90B,37
P21127,TEGDYVPD,CD11B,37
Q02750,VEGDAAET,MP2K1,37
Q15365,AGIDSSSP,PCBP1,37
Q9UQ88,TEGDYVPD,CD11A,37
O43716,VDTDGVEP,GATC,36
O75362,VKNDGKNQ,ZN217,36
O75475,EVPDGAVK,PSIP1,36
P62258,MQGDGEEQ,1433E,36
Q05397,DQTDSWNH,FAK1,36
Q15633,DARDGNEV,TRBP2,36
Q7Z6Z7,LSPDGLPE,HUWE1,36
Q9NSE4,VDEDGVFT,SYIM,36
Q5T5Y3,VSLDGSAD,CAMP1,35
Q96RK0,TDLDSAPE,CIC,35
P28324,TDIDSVAS,ELK4,34
P45974,ESGDGERV,UBP5,34
P53582,CETDGCSS,MAP11,34
Q08209,DGFDGATA,PP2BA,34
P05387,KILDSVGI,RLA2,33
P37802,ARDDGLFS,TAGL2,33
Q02413,DLRDGSNV,DSG1,33
Q1KMD3,VEGDDVPE,HNRL2,33
Q96BY6,EETDSSEN,DOC10,33
Q15003,DEPDHTAV,CND2,32
Q2TAZ0,CLRDGLPE,ATG2A,32
Q659A1,SEMDMSCE,ICE2,32
Q8NBU5,QETDGFSG,ATAD1,32
Q9NU22,VDTDSHAE,MDN1,32
Q9NZZ3,TTVDAMKL,CHMP5,32
Q8NCG7,TELDGGDQ,DGLB,31
Q99755,DIPDGLFL,PI51A,31
Q9NRL2,QLTDADTK,BAZ1A,31
O60488,THFDSLAV,ACSL4,30
P07686,VWKDSAYP,HEXB,30
P14625,VRADDEVD,ENPL,30
O14492,LLTDAVDL,SH2B2,29
P12814,PEEDWDRD,ACTN1,29
Q7Z2Z1,FQTDGVPW,TICRR,29
Q86VM9,DVRDTVLE,ZCH18,29
Q8IXQ4,DDDDGFFG,GPAM1,29
Q92785,DKEDSQPP,REQU,29
Q9UPN6,HLIDHQIS,SCAF8,29
P43146,SCQDLTPV,DCC,28
Q8IWV8,LELDASTS,UBR2,28
Q92619,EDCDAGCL,HMHA1,28
Q9BY77,EDDDGIAS,PDIP3,28
P11171,AAVDSADR,41,27
P14625,KESDDPMA,ENPL,27
P78559,EEEDATKA,MAP1A,26
Q6NZY4,DGTDGETE,ZCHC8,26
O00470,GGMDGVGI,MEIS1,25
O60315,EERDGHAV,ZEB2,25
P05067,VKMDAEFR,A4,25
P54578,KETDSSSA,UBP14,25
Q8TBA6,EGLDSSTA,GOGA5,25
Q9NVP1,ATVDGLEQ,DDX18,25
P10809,PALDSLTP,CH60,24
P27708,EAVDGECP,PYR1,24
Q63HN8,ICIDCHAP,RN213,24
Q7Z7A1,DIVDEIEC,CNTRL,24
Q96T88,AETDSRPA,UHRF1,24
O15540,EEFDETTA,FABP7,23
O60232,TCADCGTI,ZNRD2,23
P00533,DMDDVVDA,EGFR,23
P15924,DVLDGHLR,DESP,23
P16989,EMKDGVPE,YBOX3,23
P31749,TPPDQDDS,AKT1,23
Q12982,DDLDESGE,BNIP2,23
Q14847,DSQDGSSY,LASP1,23
Q86WB0,TDLDASFG,NIPA,23
Q9P107,DTKDGGGE,GMIP,23
Q9Y3X0,EKTDGMFK,CCDC9,23
Q9Y4E6,TAPDASGP,WDR7,23
P07900,DEDDPTAD,HS90A,22
P15311,LEADRMAA,EZRI,22
P78344,IRQDAVKD,IF4G2,22
Q8IYD1,TETDFVAP,ERF3B,22
Q9Y282,LDKDGIPV,ERGI3,22
O14686,DEPDALYV,KMT2D,21
P08514,LQMDAANE,ITA2B,21
P15170,VETDTVAP,ERF3A,21
P49756,LPVDSVFN,RBM25,21
P55209,LLSDMVQE,NP1L1,21
Q9Y4L1,LVEDSAEE,HYOU1,21
O14639,IETDHWPG,ABLM1,20
O15511,DEEDGGDG,ARPC5,20
O43815,NEADSLTY,STRN,20
P42858,DEEDILSH,HD,20
P48147,PEADDIQY,PPCE,20
P52292,SFPDDATS,IMA1,20
P56945,DSPDGQYE,BCAR1,20
P60842,NGPDGMEP,IF4A1,20
P78527,GDSDGPSY,PRKDC,20
Q53GL0,VEEDSYLA,PKHO1,20
Q6NUK1,DIGDSLTI,SCMC1,20
Q6PIJ6,VQEDGEVV,FBX38,20
Q8NC51,HAEDSVMD,PAIRB,20
Q92558,TYVDHMDG,WASF1,20
Q9Y6A5,ENCDFLFS,TACC3,20
O75525,ETYDSYGQ,KHDR3,19
O75554,VMADGVAP,WBP4,19
Q13490,ENADPPII,BIRC2,19
Q16566,YWIDGSNR,KCC4,19
Q16643,EDIDAGAI,DREB,19
Q8IWB9,SEGDGYGS,TEX2,19
Q92576,VCEDFSAS,PHF3,19
Q96AE4,DQPDAKKV,FUBP1,19
Q96SN8,DDLDGINP,CK5P2,19
Q9UBE0,DGPDTKRA,SAE1,19
Q9Y4F3,QSHDGSST,MARF1,19
O14576,DSGDLGPL,DC1I1,18
O14974,TQTDSISR,MYPT1,18
P22626,HLRDYFEE,ROA2,18
Q6P2E9,EENDSLGA,EDC4,18
Q96T58,STTDSIQE,MINT,18
O43719,TQTDAGGE,HTSF1,17
P27797,DQTDMHGD,CALR,17
Q13439,LDLDSSTA,GOGA4,17
Q6PIZ9,TLVDSFSP,TRAT1,17
Q99590,PDVDSSNI,SCAFB,17
Q99613,EDEDGVSA,EIF3C,17
Q9UHR5,LVSDAYGE,S30BP,17
Q9ULT8,EGHDSLSV,HECD1,17
Q9UMZ2,DKYDALKE,SYNRG,17
Q9Y6Q9,SWPDGMLS,NCOA3,17
O15540,LDGDKLVH,FABP7,16
O60784,QATDGLAG,TOM1,16
Q05513,DGMDGIKI,KPCZ,16
Q96CT7,TIEDAIAV,CC124,16
Q96SB3,DEDDEEDG,NEB2,16
Q9BYT8,TDDDKYKI,NEUL,16
Q9BYW2,DIKDRGPL,SETD2,16
Q9UK59,EDEDSIVS,DBR1,16
Q9UPP1,DEQDSLGA,PHF8,16
Q9Y618,GTLDGVYP,NCOR2,16
O75376,DKIDGTAE,NCOR1,15
O75695,VVQDYVPI,XRP2,15
P06396,SEPDGFWE,GELS,15
P17947,GEADGLEP,SPI1,15
P25054,QEADSANT,APC,15
P27816,GKTDYIPL,MAP4,15
Q09666,PDVDVHGP,AHNK,15
Q5M775,EGTDALGP,CYTSB,15
Q92569,DNIDAVGK,P55G,15
Q92925,AEGDSAGT,SMRD2,15
Q9H0H5,TETDSVGT,RGAP1,15
Q9NRZ9,EQLDTAVI,HELLS,15
Q9P265,QETDSAVQ,DIP2B,15
Q9UEE9,EEDDAAEQ,CFDP1,15
P08670,VQIDVDVS,VIME,14
P30622,LARDGHDQ,CLIP1,14
P42331,SDSDTTSP,RHG25,14
P49116,SLADGIDT,NR2C2,14
P49736,EEEDGEEL,MCM2,14
P50991,AFADAMEV,TCPD,14
Q02880,SDVDIFPS,TOP2B,14
Q07864,DQLDNIVD,DPOE1,14
Q14444,GGYDGYRP,CAPR1,14
Q6PCB5,ASLDSVFS,RSBNL,14
Q8IWI9,GESDSISP,MGAP,14
Q96JM3,LQIDAIDD,CHAP1,14
Q99733,ERLDNVPH,NP1L4,14
Q9UBI9,AHFDYSPA,HDC,14
Q9UQC2,HHFDSLGY,GAB2,14
O43719,GEPDSLGQ,HTSF1,13
O75083,GENDSFAG,WDR1,13
O75475,GEGDSVIT,PSIP1,13
O75475,WEIDNNPK,PSIP1,13
O95817,LEADQPLQ,BAG3,13
P05455,DEHDEHDE,LA,13
P11387,DDADYKPK,TOP1,13
P14868,EIMDAAED,SYDC,13
P16333,SVPDSASP,NCK1,13
P52292,VVIDAGAL,IMA1,13
P63241,GIQDGYLS,IF5A1,13
P68104,AIVDMVPG,EF1A1,13
Q3LXA3,EAPDSTAA,TKFC,13
Q5BKZ1,RSMDSYLN,ZN326,13
Q86V81,DLFDSGFG,THOC4,13
Q96G21,LEFDDAGG,IMP4,13
Q96N16,METDAVQM,JKIP1,13
Q9H875,DYMDAMAE,PKRI1,13
Q9HCD5,SSTDSLPG,NCOA5,13
Q9UPT8,ASTDSSTQ,ZC3H4,13
O43390,RAIDALRE,HNRPR,12
O43516,SKPDSIPP,WIPF1,12
O94913,DKTDGKDD,PCF11,12
P15976,EDLDGKGS,GATA1,12
P18583,TLPDSGFS,SON,12
P30414,STSDSEGS,NKTR,12
P54727,TATDSTSG,RD23B,12
P55036,ADIDASSA,PSMD4,12
Q04206,DCRDGFYE,TF65,12
Q05513,DSEDLKPV,KPCZ,12
Q13432,SEPDAGPG,U119A,12
Q14116,DCRDNAPR,IL18,12
Q5T5P2,NHTDSAGT,SKT,12
Q7RTS1,GTPDGSLP,BHA15,12
Q7Z5R6,QDLDALMA,AB1IP,12
Q7Z6I6,PSPDGCLC,RHG30,12
Q86WB0,TEPDASAP,NIPA,12
Q8TD16,VSLDGLKF,BICD2,12
Q92664,TIADAFIA,TF3A,12
Q96A49,GKIDGIID,SYAP1,12
Q96L73,PELDSVMN,NSD1,12
Q96SB3,EEMDKLLD,NEB2,12
Q9BRT6,LKLDGDVL,LLPH,12
Q9C037,ICLDYFQD,TRIM4,12
Q9H2C2,GNVDGVAA,ARV1,12
Q9H8W4,VTIDSIKD,PKHF2,12
Q9P2K8,SDTDGLDS,E2AK4,12
Q9UHQ1,SVRDAAVD,NARF,12
Q9Y4F4,DKADLSTV,TGRM1,12
O60260,LHTDSRKD,PRKN,11
P04626,DVFDGDLG,ERBB2,11
P25445,LHHDGQFC,TNR6,11
P78559,DMGDGILP,MAP1A,11
P98171,DVLDSFQT,RHG04,11
Q01543,SLFDSAYG,FLI1,11
Q01826,VEMDSLSE,SATB1,11
Q02156,DDVDCTMT,KPCE,11
Q03701,ENTDSVVM,CEBPZ,11
Q06413,SSYDGSDR,MEF2C,11
Q13546,SLLDSTNT,RIPK1,11
Q92614,VHRDGFSL,MY18A,11
Q9GZM5,VDADAADA,YIPF3,11
Q9H6T3,DVPDSTTA,RPAP3,11
Q9NR50,VGVDSLIG,EI2BG,11
Q9ULG1,DGDDSFIS,INO80,11
Q9UPQ0,SQVDSPSS,LIMC1,11
Q9Y2X7,ESLDGDLD,GIT1,11
Q9Y4X4,LSVDHFQT,KLF12,11
A2RRP1,IDIDSISY,NBAS,10
O14925,SHADLAGV,TIM23,10
O15540,QEGDKVVI,FABP7,10
O43251,AQTDGQQS,RFOX2,10
O43310,EDGDGINL,CTIF,10
O75410,MEEDGSTV,TACC1,10
O75717,VEEDAEDS,WDHD1,10
O75880,DEIDSITT,SCO1,10
O94804,DAVDAAST,STK10,10
P07949,VSVDAFKI,RET,10
P11473,DMMDSSSF,VDR,10
P31749,DQDDSMEC,AKT1,10
P34932,DHLDAADM,HSP74,10
P61758,EDVDSFMK,PFD3,10
Q04864,DCRDGYYE,REL,10
Q12982,IDLDGLDT,BNIP2,10
Q14008,DEPDDGSN,CKAP5,10
Q14C86,DHTDPEDN,GAPD1,10
Q15334,EHADSLAQ,L2GL1,10
Q32MZ4,TVKDCVDI,LRRF1,10
Q49AR2,TNCDSSSE,CE022,10
Q68CP9,SVPDVSPA,ARID2,10
Q6ZRS2,NENDGFPA,SRCAP,10
Q86XZ4,ESVDSLSE,SPAS2,10
Q8N7H5,EEMDYAPD,PAF1,10
Q8NEZ4,DTPDSFVP,KMT2C,10
Q92608,DQPDYAMY,DOCK2,10
Q92734,DTVDGREE,TFG,10
Q92766,VDLDSSGE,RREB1,10
Q96CK0,EELDGSDM,ZN653,10
Q99708,CLADSFSQ,CTIP,10
Q9BQ67,ESGDTSSE,GRWD1,10
Q9BTC0,SVSDALMS,DIDO1,10
Q9NPR2,VVEDGVAD,SEM4B,10
Q9NZ43,LGTDSAEP,USE1,10
Q9UHX1,QGTDSIKM,PUF60,10
Q9ULE0,MGIDSILG,WWC3,10
O15355,DDVDNEEA,PPM1G,9
O75312,VKTDSAAT,ZPR1,9
O95671,TQRDAGSR,ASML,9
P10451,DTYDGRGD,OSTP,9
P13639,PFPDGLAE,EF2,9
P14136,VELDVAKP,GFAP,9
P18858,VRIDGAVI,DNLI1,9
P19022,VEPDAIKP,CADH2,9
P25205,KDGDSYDP,MCM3,9
P27540,TELDMVPG,ARNT,9
P30419,SETDSAQD,NMT1,9
P49711,AATDAPNG,CTCF,9
P55884,DFVDDVSE,EIF3B,9
Q08945,TQEDGVDP,SSRP1,9
Q13263,DAQDANQC,TIF1B,9
Q13370,DTADFLNK,PDE3B,9
Q14151,DSRDGWGG,SAFB2,9
Q14157,NPSDSAVH,UBP2L,9
Q14160,CQPDSGSP,SCRIB,9
Q14677,VSSDSVGG,EPN4,9
Q14814,DHLDLNNA,MEF2D,9
Q15046,HTTDNGVG,SYK,9
Q15477,EEPDMTGQ,SKIV2,9
Q16513,DEVDSLMC,PKN2,9
Q5JSZ5,IHVDSVLP,PRC2B,9
Q6FIF0,SQLDSTSV,ZFAN6,9
Q6P4F7,VSCDGALS,RHGBA,9
Q6UB98,TEKDSLIC,ANR12,9
Q70CQ2,INIDSTWQ,UBP34,9
Q8IWX8,NQPDAAWN,CHERP,9
Q8IXH7,DEADGGQQ,NELFD,9
Q8N108,PSADMLVH,MIER1,9
Q8N4C8,SKPDSSPV,MINK1,9
Q8N9T8,EEPDSASV,KRI1,9
Q8TEQ0,WSVDGEVT,SNX29,9
Q96FS4,CLQDGGSP,SIPA1,9
Q96T37,LVTDAFGH,RBM15,9
Q9BTE6,EQADHFTQ,AASD1,9
Q9C0C7,TVQDSATP,AMRA1,9
Q9H9L4,VVGDGMQC,KANL2,9
Q9HCP0,VHVDSGAS,KC1G1,9
Q9UH99,EARDSSPH,SUN2,9
Q9UNS1,LSMDSVVP,TIM,9
Q9UPQ9,EEEDGGVW,TNR6B,9
Q9Y5M8,STLDSSST,SRPRB,9
O43707,IEYDKLRK,ACTN4,8
O60499,IMLDAFAQ,STX10,8
O75475,DAQDGNQP,PSIP1,8
O95260,TMDDAVAG,ATE1,8
P00533,DEEDMDDV,EGFR,8
P02765,AKCDSSPD,FETUA,8
P08670,IDVDVSKP,VIME,8
P09496,DAVDGVMN,CLCA,8
P09874,VEVDGFSE,PARP1,8
P14625,VDVDGTVE,ENPL,8
P25205,DAKDGDSY,MCM3,8
P30304,DLLDGENL,MPIP1,8
P40692,DKTDISSG,MLH1,8
P42858,DSVDLASC,HD,8
P43487,ENTDESNH,RANG,8
P78527,DWVDGEPT,PRKDC,8
Q14814,LTEDHLDL,MEF2D,8
Q15544,TDTDGIPE,TAF11,8
Q16891,RELDSITP,MIC60,8
Q53SF7,SAADSVES,COBL1,8
Q6UWI4,VQHDSVPM,SHSA2,8
Q7Z333,VEEDSVSR,SETX,8
Q7Z6E9,NKTDSLFV,RBBP6,8
Q8N4C8,ERSDSVLP,MINK1,8
Q8TCU4,GLPDSHLT,ALMS1,8
Q8TD16,FSDDAAEP,BICD2,8
Q8WX93,LGADSATV,PALLD,8
Q92673,DCGDSHIL,SORL,8
Q92974,LEPDSGGN,ARHG2,8
Q96JH7,ETTDGCVA,VCIP1,8
Q9GZM5,DAADAAAA,YIPF3,8
Q9P2W9,TWGDGKGE,STX18,8
Q9ULX6,LETDMMQG,AKP8L,8
Q9Y6J0,DAGDSADQ,CABIN,8
O43707,VENDRQGE,ACTN4,7
O76024,GVRDAAAP,WFS1,7
P07858,FTEDLKLP,CATB,7
P17947,HVLDTPMV,SPI1,7
P18848,LAVDGLVS,ATF4,7
P22234,ELLDSPGK,PUR6,7
P31749,EEMDFRSG,AKT1,7
P32519,PRPDSPAT,ELF1,7
P53621,PELDISPG,COPA,7
P54252,DEEDLQRA,ATX3,7
P78347,VVVDGMPP,GTF2I,7
Q03001,DIIDDLVK,DYST,7
Q12968,DDVDSELN,NFAC3,7
Q53F19,VELDTLSQ,NCBP3,7
Q53SF7,AERDMLPS,COBL1,7
Q5T8P6,DQVDHNSY,RBM26,7
Q5THJ4,LESDSVGT,VP13D,7
Q6AI08,AEKDGVSS,HEAT6,7
Q70CQ2,HTVDSCIS,UBP34,7
Q71RC2,ESTDGMIL,LARP4,7
Q8IXS8,LSVDSVEL,F126B,7
Q8N4X5,SSVDGHPE,AF1L2,7
Q8N5S9,EEADGGPE,KKCC1,7
Q8TAP6,FVTDSVEQ,CEP76,7
Q8WU90,DEVDDSVS,ZC3HF,7
Q8WWI1,DNLDSPRS,LMO7,7
Q92574,TEEDGVPS,TSC1,7
Q92917,DRQDGPAA,GPKOW,7
Q92945,SQGDSISS,FUBP2,7
Q92945,STPDFGFG,FUBP2,7
Q96SB3,DEEDGEPP,NEB2,7
Q9BSE4,VNNDGQNA,HERP2,7
Q9BSJ8,TTPDSQFG,ESYT1,7
Q9NZN5,THSDGAIS,ARHGC,7
Q9P0L2,TSVDGYTE,MARK1,7
Q9UKJ3,SNLDGKKE,GPTC8,7
Q9UM47,VDEDSSHY,NOTC3,7
Q9UMZ2,DYKDFTKQ,SYNRG,7
Q9UPN6,EGQDGVEE,SCAF8,7
Q9Y676,SEEDSLSS,RT18B,7
O76024,NEHDGGAQ,WFS1,6
P07355,LEGDHSTP,ANXA2,6
P08670,CEVDALKG,VIME,6
P15056,PASDSIGP,BRAF,6
P15923,TLPDLSRP,TFE2,6
P35579,KMEDSVGC,MYH9,6
P42694,FQNDGIVQ,HELZ,6
P49711,NQTDGGEV,CTCF,6
P49792,STTDSVYT,RBP2,6
P51532,APLDGADP,SMCA4,6
P52565,NEEDEHSV,GDIR1,6
P54105,MEVDTTPT,ICLN,6
P55081,AALDALNT,MFAP1,6
P56182,DDRDSGGP,RRP1,6
P56524,DVTDSACS,HDAC4,6
Q02078,STTDLTVP,MEF2A,6
Q08J23,SKKDGVCG,NSUN2,6
Q09666,DTPDINIE,AHNK,6
Q12906,VMPDGSGI,ILF3,6
Q13362,MVVDAANS,2A5G,6
Q14690,VGLDSLTP,RRP5,6
Q15459,SKEDSAPS,SF3A1,6
Q1MSJ5,LDIDSSRP,CSPP1,6
Q4LE39,IEVDSVAG,ARI4B,6
Q5TB80,DSLDSVAE,CE162,6
Q5VYS8,EHTDSAAG,TUT7,6
Q6ULP2,YNLDSVPS,AFTIN,6
Q6ZVM7,ADLDALSP,TM1L2,6
Q7Z422,IQDDSLPA,SZRD1,6
Q7Z434,ADPDGGPR,MAVS,6
Q8WXG6,TDQDSVIG,MADD,6
Q92614,DRVDGVKS,MY18A,6
Q92667,DSVDSCCS,AKAP1,6
Q92917,ALADGVVS,GPKOW,6
Q96RR4,LEADGQEV,KKCC2,6
Q96SB3,GEDDEETG,NEB2,6
Q96SB3,LEEDDEDD,NEB2,6
Q99767,DYPDGQLP,APBA2,6
Q9BTC0,AQPDSVYC,DIDO1,6
Q9BUF5,ELVDAVLD,TBB6,6
Q9BUN5,EEEDGVTE,CC28B,6
Q9BUT9,QQLDGGPA,MCRI2,6
Q9BYD3,HIMDSLEL,RM04,6
Q9BYW2,DSHDSIKE,SETD2,6
Q9BZ72,DTQDGLYR,PITM2,6
Q9C0C9,GGTDSVSP,UBE2O,6
Q9NWQ4,VHMDAVEP,GPT2L,6
Q9NYF8,EALDYFSD,BCLF1,6
Q9P2E9,EDGDIAGA,RRBP1,6
Q9UBU8,DHPDAPMS,MO4L1,6
Q9UIG0,DNKDSAAF,BAZ1B,6
Q9UKX7,TLVDKVSN,NUP50,6
Q9UNX4,EAEDGAFE,WDR3,6
Q9Y2H0,DTQDANDS,DLGP4,6
Q9Y2W7,QGSDSSDS,CSEN,6
Q9Y5A9,NGVDGNGV,YTHD2,6
Q9Y5V3,SEPDGATA,MAGD1,6
O60508,SNIDGFLG,PRP17,5
O60664,STCDMVSA,PLIN3,5
O75376,LRPDVARG,NCOR1,5
O75995,TSPDYSLD,SASH3,5
O94964,AEADGLAE,SOGA1,5
O95817,KEVDSKPV,BAG3,5
P04637,SDSDGLAP,P53,5
P09496,AILDGGAP,CLCA,5
P10244,SFLDSCNS,MYBB,5
P10275,LHVDDQMA,ANDR,5
P20936,DTVDGKEI,RASA1,5
P21333,VTYDGSPV,FLNA,5
P23528,VFNDMKVR,COF1,5
P27448,SELDASDS,MARK3,5
P27986,DDEDLPHH,P85A,5
P29590,VRTDGFDE,PML,5
P31944,VGGDEIVM,CASPE,5
P42166,DKIDASEL,LAP2A,5
P49792,DVADSFKK,RBP2,5
P52566,LLGDGPVV,GDIR2,5
P52747,VSIDGSES,ZN143,5
P54252,EANDGSGM,ATX3,5
P55072,VAKDVDLE,TERA,5
P55072,VEEDDPVP,TERA,5
P56381,AVRDALKT,ATP5E,5
P56524,LERDGGAA,HDAC4,5
P61289,DGLDGPTY,PSME3,5
P82094,TVLDKVAE,TMF1,5
Q05655,DMQDNSGT,KPCD,5
Q08J23,LEVDGQKV,NSUN2,5
Q09666,DAPDVDVH,AHNK,5
Q09666,DVPDVEVQ,AHNK,5
Q0VF96,DLQDQLSE,CGNL1,5
Q12888,LEDDSGSH,TP53B,5
Q12959,YMNDGYAP,DLG1,5
Q12972,TELDNLTE,PP1R8,5
Q13009,IDSDAVSA,TIAM1,5
Q13043,TMTDGANT,STK4,5
Q13439,MNVDVLKP,GOGA4,5
Q13509,ELVDSVLD,TBB3,5
Q13601,TVPDGWKE,KRR1,5
Q14494,SALDSADL,NF2L1,5
Q14789,SEKDSLSE,GOGB1,5
Q15650,TEPDTTAE,TRIP4,5
Q1KMD3,DYMDEVTY,HNRL2,5
Q3T8J9,VCMDSFQP,GON4L,5
Q5TZA2,DKTDGAMQ,CROCC,5
Q5VT06,SSIDSVSE,CE350,5
Q68CP9,VRVDSVPD,ARID2,5
Q6P1L5,DPRDKENG,F117B,5
Q7Z460,VSRDGGAA,CLAP1,5
Q8N111,SSPDATPE,CEND,5
Q8N573,TSADGHIE,OXR1,5
Q8TF05,TSQDSALL,PP4R1,5
Q92620,DQKDAEEE,PRP16,5
Q92888,AEVDAEKP,ARHG1,5
Q96BY7,SQNDSANS,ATG2B,5
Q96LT9,TEVDASNI,RNPC3,5
Q96PU5,SVTDAVAE,NED4L,5
Q99590,DSVDEETA,SCAFB,5
Q9BQC3,CCPDTGKT,DPH2,5
Q9H6T3,EVSDTSSL,RPAP3,5
Q9NRA8,DDLDVVLS,4ET,5
Q9NYF5,EEEDGVNL,FA13B,5
Q9P107,DLGDGLEN,GMIP,5
Q9P1Z2,EEADGGSD,CACO1,5
Q9UIU6,SSSDGITN,SIX4,5
Q9UNF0,SSTDANGD,PACN2,5
Q9UPN3,DAPDGSDA,MACF1,5
Q9UPN3,DLCDGSAN,MACF1,5
A6NC98,LGADGAGS,CC88B,4
A6NKT7,DVADAASE,RGPD3,4
O60237,DETDGSEE,MYPT2,4
O60318,ESTDSLGG,GANP,4
O60573,TQKDGEKE,IF4E2,4
O75030,NDPDMRWN,MITF,4
O75122,DATDSSQT,CLAP2,4
O95425,HVGDGSSD,SVIL,4
O95801,EDEDSASE,TTC4,4
O96019,MEIDGDKG,ACL6A,4
P06400,DSIDSFET,RB,4
P06748,DSMDMDMS,NPM,4
P07602,QPKDNGDV,SAP,4
P07900,IDEDDPTA,HS90A,4
P09651,SREDSQRP,ROA1,4
P0DJD0,DVADAASE,RGPD1,4
P0DJD1,DVADAASE,RGPD2,4
P10636,DMVDSPQL,TAU,4
P12814,NELDYYDS,ACTN1,4
P14625,DEVDVDGT,ENPL,4
P20963,DVLDKRRG,CD3Z,4
P21980,DVVDWIQQ,TGM2,4
P25490,DDSDGLRA,TYY1,4
P26368,MTPDGLAV,U2AF2,4
P26641,FEGDDGFC,EF1G,4
P28290,DSTDCLSL,ITPI2,4
P29374,IEVDSIAE,ARI4A,4
P40121,IVTDGEEP,CAPG,4
P41250,VDVDKAVA,GARS,4
P43146,LSVDRGFG,DCC,4
P46531,DHMDRLPR,NOTC1,4
P48506,AVVDGCGK,GSH1,4
P49023,FPADEANS,PAXI,4
P50454,QTTDGKLP,SERPH,4
P54577,LEKDFAAE,SYYC,4
P78527,DEVDNKVK,PRKDC,4
P78527,VDQDGDPS,PRKDC,4
Q10567,DLFDLTSG,AP1B1,4
Q12906,VEVDGNSF,ILF3,4
Q12912,ASGDSVVS,LRMP,4
Q13464,DLSDSTSV,ROCK1,4
Q14684,SRKDGLSD,RRP1B,4
Q14980,DSLDLSCE,NUMA1,4
Q16236,TEVDNYHF,NF2L2,4
Q2TB10,ITPDIATK,ZN800,4
Q49MG5,MAPDGCED,MAP9,4
Q5H9R7,DEIDFKET,PP6R3,4
Q5JTH9,EEADGNKM,RRP12,4
Q66GS9,VALDGGRS,CP135,4
Q6ULP2,TSIDGMER,AFTIN,4
Q6ZVH7,LQLDGLPS,ESPNL,4
Q7Z3J3,DVADAASE,RGPD4,4
Q7Z417,SGTDSVLQ,NUFP2,4
Q86UE8,YGLDGSAA,TLK2,4
Q86VP1,SRPDGLED,TAXB1,4
Q8NEZ4,TQTDLFVT,KMT2C,4
Q8WU90,EVDDSVSV,ZC3HF,4
Q92540,LAADGSPG,SMG7,4
Q92558,DHMDGSYS,WASF1,4
Q92851,SQTDVKTF,CASPA,4
Q96A49,DAFDACNL,SYAP1,4
Q96B23,VQKDGVAD,CR025,4
Q96I24,QERDGFGG,FUBP3,4
Q96PY6,VSEDGVSS,NEK1,4
Q96SB3,DKLDADAV,NEB2,4
Q96SB3,EEDDEDDE,NEB2,4
Q99081,PLHDSAAL,HTF4,4
Q9BX66,DDSDLYSP,SRBS1,4
Q9BYV8,EDNDSAAS,CEP41,4
Q9C0C9,ETPDGSAS,UBE2O,4
Q9C0D5,VAVDAAPP,TANC1,4
Q9H0D6,FTSDGSPS,XRN2,4
Q9H1E3,YGRDSGPP,NUCKS,4
Q9H2P0,EWKDGASP,ADNP,4
Q9H3P7,THTDSSEK,GCP60,4
Q9HCN4,TAKDSLSP,GPN1,4
Q9NRY5,ILEDGNCE,F1142,4
Q9NSC2,DQVDCSDL,SALL1,4
Q9NUQ6,SSTDSANE,SPS2L,4
Q9NUU7,VDKDGNPD,DD19A,4
Q9NY61,YLVDGTKP,AATF,4
Q9P107,SDVDSVGG,GMIP,4
Q9P270,ELRDATSL,SLAI2,4
Q9P2F8,VVGDAVAE,SI1L2,4
Q9UBK2,SMPDGTPP,PRGC1,4
Q9UKV3,VTMDTSEN,ACINU,4
Q9ULX6,ERYDSYES,AKP8L,4
Q9Y2K2,VEPDGTLN,SIK3,4
Q9Y2L9,DRADGLHS,LRCH1,4
Q9Y2W2,DKSDGESD,WBP11,4
Q9Y520,HHTDANNQ,PRC2C,4
A0MZ66,AEADSSSP,SHOT1,3
A2VDJ0,ICTDAMRE,T131L,3
O00139,QDVDATNP,KIF2A,3
O00148,VENDLLDY,DX39A,3
O00170,ADLDALQQ,AIP,3
O00566,SVSDAALL,MPP10,3
O00750,DGSDGGVS,P3C2B,3
O14715,DVADAASE,RGPD8,3
O14974,DRYDSLLG,MYPT1,3
O15075,DENDGPGE,DCLK1,3
O15234,AAPDAAPP,CASC3,3
O43303,LDIDGLQK,CP110,3
O43719,FSNDGASS,HTSF1,3
O60232,SDVDKDNP,ZNRD2,3
O60486,DVVDSFGT,PLXC1,3
O60763,TEKDSMIE,USO1,3
O75113,DLSDSSAD,N4BP1,3
O94966,VDSDGRPD,UBP19,3
P00441,ADKDGVAD,SODC,3
P00519,EHRDTTDV,ABL1,3
P04626,DMGDLVDA,ERBB2,3
P07814,DQVDIAVQ,SYEP,3
P12268,EEHDCFLE,IMDH2,3
P19338,TEIDGRSI,NUCL,3
P19338,VEEDSEDE,NUCL,3
P20290,QSVDGKAP,BTF3,3
P20810,FLLDALSE,ICAL,3
P23246,DDEDGLPE,SFPQ,3
P23508,ECADAASP,CRCM,3
P26599,AAVDAGMA,PTBP1,3
P27708,GTPDGTCY,PYR1,3
P27708,VASDGVVA,PYR1,3
P27816,DLADLVFP,MAP4,3
P27816,EGSDTTGS,MAP4,3
P28290,EEVDAAEG,ITPI2,3
P31350,SLVDKENT,RIR2,3
P31943,THEDAVAA,HNRH1,3
P35606,QELDGKPA,COPB2,3
P35611,DDSDAATF,ADDA,3
P42858,DLNDGTQA,HD,3
P49321,VSADKIED,NASP,3
P49327,PGLDGAQI,FAS,3
P49790,VSSDSGSI,NU153,3
P49792,ALDDSVSS,RBP2,3
P49792,DVADATSE,RBP2,3
P50991,TDMDNQIV,TCPD,3
P51606,VQRDGQAV,RENBP,3
P51991,SREDSVKP,ROA3,3
P52948,DEEDVDMA,NUP98,3
P53621,LDEDGFVE,COPA,3
P55199,DALDGLLQ,ELL,3
P56524,STVDVATA,HDAC4,3
P63241,ETGDAGAS,IF5A1,3
Q00613,YAPDAVAS,HSF1,3
Q01105,GEEDDDDD,SET,3
Q01581,DGVDAGKY,HMCS1,3
Q02750,PAPDGSAV,MP2K1,3
Q03164,QHTDSTQS,KMT2A,3
Q12888,ERGDGNSG,TP53B,3
Q13043,LDEDSLTK,STK4,3
Q13136,TLTDGVLD,LIPA1,3
Q13177,SHVDGAAK,PAK2,3
Q13233,DTLDGQQD,M3K1,3
Q13233,GVEDTLDG,M3K1,3
Q13541,VLGDGVQL,4EBP1,3
Q14145,TFLDSVEC,KEAP1,3
Q14151,DHRDGQHY,SAFB2,3
Q14240,MDPDGVIE,IF4A2,3
Q14790,REQDSESQ,CASP8,3
Q15003,DFPDGSLG,CND2,3
Q15154,PTVDSTQQ,PCM1,3
Q15276,DESDFGPL,RABE1,3
Q15459,KTEDSLMP,SF3A1,3
Q16236,EELDSAPG,NF2L2,3
Q16566,PAPDAPLK,KCC4,3
Q16576,SHCDSDKG,RBBP7,3
Q16630,DQIDLYDD,CPSF6,3
Q2NL82,CATDAVDD,TSR1,3
Q56P03,DEVDVLLH,EAPP,3
Q5M775,PNVDGTSV,CYTSB,3
Q5T1V6,VPVDAVAT,DDX59,3
Q5VYS8,NEQDGDLE,TUT7,3
Q66PJ3,EEEDGPVL,AR6P4,3
Q6DCA0,QHVDSSSG,AMERL,3
Q6ICG6,TEEDSSPA,K0930,3
Q6NYC8,ATVDAAVP,PPR18,3
Q6P2E9,LGLDGGPG,EDC4,3
Q6PD74,AQVDSIVD,AAGAB,3
Q6ZNE5,SESDSAMT,BAKOR,3
Q709C8,DWTDSKLS,VP13C,3
Q7L4P6,VEEDGEVK,BEND5,3
Q7Z6I6,LENDSIEA,RHG30,3
Q8IZ21,ENSDSFSE,PHAR4,3
Q8IZW8,DSTDSPAS,TENS4,3
Q8N163,EGLDGGLP,CCAR2,3
Q8NF50,DEEDAVEI,DOCK8,3
Q8NFC6,EEVDGSQG,BD1L1,3
Q8NFZ5,EHTDGHTS,TNIP2,3
Q8NHV4,DGFDFLPQ,NEDD1,3
Q8TBC4,MAVDGGCG,UBA3,3
Q8WXI9,AMTDAANS,P66B,3
Q92619,DGADAVFP,HMHA1,3
Q92804,GQQDSYDQ,RBP56,3
Q92917,DSGDGAGP,GPKOW,3
Q92974,AEEDGGSG,ARHG2,3
Q96AE4,HHGDGPGN,FUBP1,3
Q96BR5,LAHDGQVN,COA7,3
Q96G46,QTADGQTE,DUS3L,3
Q96HN2,VSPDGTVT,SAHH3,3
Q96PU5,DSNDSASQ,NED4L,3
Q96RE7,EEEDGGEE,NACC1,3
Q96S94,QVLDGTSG,CCNL2,3
Q96SB3,EEVDESKK,NEB2,3
Q99549,EVLDSVCQ,MPP8,3
Q99666,DVADAASE,RGPD5,3
Q99848,DKLDFLEG,EBP2,3
Q99996,SLLDGVVT,AKAP9,3
Q9BRS2,NVTDSVIN,RIOK1,3
Q9BSJ8,THVDSPLE,ESYT1,3
Q9H0E9,VEADVAIG,BRD8,3
Q9H4A3,DVDDGSGS,WNK1,3
Q9H4L5,TITDSSSG,OSBL3,3
Q9H6T3,SEEDGIHV,RPAP3,3
Q9H981,AQGDGLMA,ARP8,3
Q9HAS0,DSEDGSPS,NJMU,3
Q9NVA2,VGFDSLPD,SEP11,3
Q9NW13,EESDSIDD,RBM28,3
Q9NW75,HESDFAVD,GPTC2,3
Q9NWH9,VEDDAFIK,SLTM,3
Q9NXR5,QSLDSAVP,ANR10,3
Q9NZ52,AELDTTNS,GGA3,3
Q9NZN5,PQTDSVIQ,ARHGC,3
Q9P2D1,DDADAAGR,CHD7,3
Q9P2E9,QARDAQDV,RRBP1,3
Q9UBF8,VNGDGVDS,PI4KB,3
Q9UHB9,DANDAHQT,SRP68,3
Q9UL15,FEIDSVDT,BAG5,3
Q9ULV0,LESDSNYP,MYO5B,3
Q9Y6E0,AETDGQAS,STK24,3
Q9Y6T7,VTVDGQGL,DGKB,3
Q9Y6X8,VAKDSWAA,ZHX2,3
A1L170,SGTDAAPE,CA226,2
A6NIH7,AADDGVGA,U119B,2
A7XYQ1,LTPDSWNI,SOBP,2
O00151,TAIDGENT,PDLI1,2
O14497,GQSDSIMH,ARI1A,2
O14579,SRRDSIVA,COPE,2
O14617,LDLDAWIN,AP3D1,2
O15085,VDMDAAAE,ARHGB,2
O43660,NATDSYVH,PLRG1,2
O43707,SMGDYMAQ,ACTN4,2
O60244,DMMDSLIS,MED14,2
O60506,DERDGAVK,HNRPQ,2
O60684,LLMDSYVS,IMA7,2
O75717,EEEDGQEG,WDHD1,2
O76024,ERADGTGP,WFS1,2
O94988,DDADGFIS,FA13A,2
O95218,RVSDGDWI,ZRAB2,2
O95696,ISTDAAAS,BRD1,2
P05549,DRHDGTSN,AP2A,2
P06400,LQTDSIDS,RB,2
P07602,AKSDVYCE,SAP,2
P09497,GPADGYAA,CLCB,2
P11831,EETDLTYQ,SRF,2
P16144,DELDRSFT,ITB4,2
P19338,DDEDDEEE,NUCL,2
P19525,DLPDMKET,E2AK2,2
P22681,NEDDGYDV,CBL,2
P23588,LEGDVSTT,IF4B,2
P26045,CSPDGVDQ,PTN3,2
P27824,EVEDSKPD,CALX,2
P31150,DENDPKTF,GDIA,2
P31153,QSPDIAQG,METK2,2
P32455,LEADGQPL,GBP1,2
P35222,ADIDGQYA,CTNB1,2
P38117,VVTDGVKH,ETFB,2
P39880,GTQDAAKP,CUX1,2
P42574,ESMDSGIS,CASP3,2
P42695,INIDSSGE,CNDD3,2
P45974,IARDGLGG,UBP5,2
P46934,DQPDAACH,NEDD4,2
P51784,ELCDAAGR,UBP11,2
P52294,VMSDGGFH,IMA5,2
P55210,NDTDANPR,CASP7,2
P60484,NEPDHYRY,PTEN,2
P68402,SQGDSNPA,PA1B2,2
P78559,AEYDSVVA,MAP1A,2
P98171,QNMDSVFK,RHG04,2
Q01130,DAEDAMDA,SRSF2,2
Q02078,TLTDSSML,MEF2A,2
Q02447,NSIDSAGI,SP3,2
Q04695,VEMDAAPG,K1C17,2
Q05397,VSWDSGGS,FAK1,2
Q08211,DTPDTTAN,DHX9,2
Q08211,EEVDLNAG,DHX9,2
Q09666,DVPDVNVQ,AHNK,2
Q12873,EEVDGYET,CHD3,2
Q12888,DGLDASSP,TP53B,2
Q12888,VSSDGCST,TP53B,2
Q13009,DETDHSSK,TIAM1,2
Q13263,AAGDGTVV,TIF1B,2
Q13402,EDLDAALP,MYO7A,2
Q13451,DCRDVAFT,FKBP5,2
Q13492,ATVDAVDD,PICAL,2
Q14141,VGFDSLPD,SEPT6,2
Q14149,VQCDACLK,MORC3,2
Q14160,MQPDGEGP,SCRIB,2
Q14790,LEMDLSSP,CASP8,2
Q14839,TAVDGYET,CHD4,2
Q15075,LVTDSSAE,EEA1,2
Q15154,EDGDGAGA,PCM1,2
Q15751,ASPDSIQT,HERC1,2
Q16643,SPSDSSTA,DREB,2
Q1MSJ5,INTDDESS,CSPP1,2
Q4G0J3,METDSGVP,LARP7,2
Q53QZ3,SHYDSDIK,RHG15,2
Q5JRA6,DQTDSTGG,TGO1,2
Q5JSJ4,NQVDSLSD,INT6L,2
Q5T200,TSRDSLAL,ZC3HD,2
Q5T5Y3,AEHDFMGE,CAMP1,2
Q5T6F2,TTEDWTED,UBAP2,2
Q5TH69,LESDSASP,BIG3,2
Q5VT06,LQLDSTAH,CE350,2
Q5W0B1,DFCDSSNV,RN219,2
Q6GYQ0,TVKDGLSL,RGPA1,2
Q6IQ23,AEEDALFM,PKHA7,2
Q6P1N0,LSPDGLMI,C2D1A,2
Q6P1X6,CSGDGGVS,CH082,2
Q6P4F7,LGIDGLCA,RHGBA,2
Q6PIF6,EDVDGLAE,MYO7B,2
Q6UWE0,LEQDGIEN,LRSM1,2
Q6ZRI6,TEPDSATA,CO039,2
Q7Z4H7,ELIDSLGS,HAUS6,2
Q7Z4S6,DNTDTDQE,KI21A,2
Q7Z6K3,MEVDGLND,PTAR1,2
Q7Z7A1,HVVDGLVR,CNTRL,2
Q86UL8,SLDDGLAP,MAGI2,2
Q86XP1,SQTDSVPG,DGKH,2
Q86YS7,LCSDSLPS,C2CD5,2
Q8IW35,LEDDGVAD,CEP97,2
Q8IWB9,VLADGLSV,TEX2,2
Q8IZ73,GLTDSTAP,RUSD2,2
Q8N1G4,TEADAVSG,LRC47,2
Q8N4X5,SCPDAVVA,AF1L2,2
Q8N6Y1,NQSDIFVI,PCD20,2
Q8NAN2,ASTDSFAS,MIGA1,2
Q8NBA8,DSADGLWE,DTWD2,2
Q8NDI1,DDPDAAEL,EHBP1,2
Q8NFA0,KKVDAQSS,UBP32,2
Q8TEW8,SGVDSAVY,PAR3L,2
Q8WYP5,TEKDGDKD,ELYS,2
Q92547,DVKDALAA,TOPB1,2
Q92628,IVLDGMEL,K0232,2
Q93009,ALSDGHNT,UBP7,2
Q96A33,DKPDTSSS,CCD47,2
Q96AE4,IAPDSGGL,FUBP1,2
Q96B97,VENDFLPV,SH3K1,2
Q96I24,AKIDSIPH,FUBP3,2
Q96JZ2,TSLDALVT,HSH2D,2
Q96N64,GETDGQQS,PWP2A,2
Q96PN7,DTRDGLGL,TREF1,2
Q96QZ7,FDPDDPNT,MAGI1,2
Q96RD7,DMRDGACS,PANX1,2
Q96T37,DRSDGSAP,RBM15,2
Q96T58,PKVDATRP,MINT,2
Q99590,MECDSFCS,SCAFB,2
Q9BQ87,MEIDGDVE,TBL1Y,2
Q9BQQ3,SLLDNSNA,GORS1,2
Q9BTC0,TAEDGVPA,DIDO1,2
Q9BVT8,AATDSMRG,TMUB1,2
Q9BWU0,DSLDAFMS,NADAP,2
Q9BWU0,DYQDCSKT,NADAP,2
Q9BYJ9,TVVDGQPG,YTHD1,2
Q9BYW2,TSDDSVTG,SETD2,2
Q9GZY8,DFLDLERP,MFF,2
Q9H0R5,SVTDAILQ,GBP3,2
Q9H2L5,SSTDSSGP,RASF4,2
Q9H501,SAKDGTSP,ESF1,2
Q9H582,SCVDSFGS,ZN644,2
Q9H6R7,IALDAEPV,WDCP,2
Q9H6Y2,EDPDSMEA,WDR55,2
Q9HAW4,MGTDGKEE,CLSPN,2
Q9HCN4,VALDAGTA,GPN1,2
Q9NQC3,SETDYVTT,RTN4,2
Q9NS87,HVMDSAAE,KIF15,2
Q9NTI5,EEVDVFQG,PDS5B,2
Q9NW64,SNSDGTRP,RBM22,2
Q9NX31,DSSDATQV,OSER1,2
Q9P1Y5,DEGDGSPA,CAMP3,2
Q9P258,NQTDAVPS,RCC2,2
Q9UBQ7,RAADCEVE,GRHPR,2
Q9UEW8,DEMDEKSE,STK39,2
Q9UJU6,EHIDHHIQ,DBNL,2
Q9UKA4,TCVDGLHV,AKA11,2
Q9UQ35,SESDSSPD,SRRM2,2
Q9Y2D5,SSRDGEFT,AKAP2,2
Q9Y2I7,DVFDGHLL,FYV1,2
Q9Y2W7,DSSDSELE,CSEN,2
A3KMH1,AEKDAVPE,VWA8,1
O00273,VTGDAGVP,DFFA,1
O00499,SPPDGSPA,BIN1,1
O00750,VDYDGIND,P3C2B,1
O14757,SNLDFSPV,CHK1,1
O14787,ERPDGSED,TNPO2,1
O15014,SFTDNAPS,ZN609,1
O15014,TSNDAFDS,ZN609,1
O15020,VCTDGEPS,SPTN2,1
O15027,RPYDGAAS,SC16A,1
O15027,SHSDSLAS,SC16A,1
O15042,AHMDASGP,SR140,1
O15117,THSDGAGN,FYB1,1
O15381,QEVDGEIE,NVL,1
O15417,ADADGLAP,TNC18,1
O43164,EELDSVPL,PJA2,1
O43390,DYYDDYYG,HNRPR,1
O43390,KLCDSYEI,HNRPR,1
O43491,VDIDVLPQ,E41L2,1
O43707,DDWDRDLL,ACTN4,1
O43707,NELDYYDS,ACTN4,1
O43815,AAGDGAAA,STRN,1
O60493,LEIDVSNP,SNX3,1
O60502,SVVDGTPL,OGA,1
O60506,GYEDYYDY,HNRPQ,1
O60784,VGTDSSQQ,TOM1,1
O60832,EYVDYSES,DKC1,1
O75150,PTCDGTPL,BRE1B,1
O75410,LEFDFTED,TACC1,1
O75410,SNRDGHAT,TACC1,1
O75417,SEMDSVQM,DPOLQ,1
O75496,ESLDNQEF,GEMI,1
O75563,EEEDSAPV,SKAP2,1
O75717,DLFDGDDM,WDHD1,1
O75909,DATDLPKV,CCNK,1
O75940,ASSDSFAS,SPF30,1
O94804,FVVDGVEV,STK10,1
O94854,TEEDGTPE,K0754,1
O94854,VVEDGSDC,K0754,1
O94913,DQLDSKSK,PCF11,1
O94921,QGMDSVIK,CDK14,1
O94973,VFSDSASV,AP2A2,1
O95402,VNLDGQVA,MED26,1
O95674,AKVDGETA,CDS2,1
O95685,SDLDGGVA,PPR3D,1
O95801,LFLDGLST,TTC4,1
P00558,FLKDCVGP,PGK1,1
P02686,IQEDSAAT,MBP,1
P02730,TATDYHTT,B3AT,1
P04406,VIHDNFGI,G3P,1
P06400,LENDTRII,RB,1
P06454,EEGDGEEE,PTMA,1
P07205,FLKDCVGA,PGK2,1
P07205,KLGDVYVN,PGK2,1
P07900,LEGDDDTS,HS90A,1
P08134,IEVDGKQV,RHOC,1
P08621,DGPDGPEE,RU17,1
P08670,LLQDSVDF,VIME,1
P08670,SLADAINT,VIME,1
P09496,GPTDSYAA,CLCA,1
P09651,SYNDFGNY,ROA1,1
P09917,IQFDSEKG,LOX5,1
P10415,DAGDVGAA,BCL2,1
P11142,RFDDAVVQ,HSP7C,1
P11388,PQEDGVEL,TOP2A,1
P12270,DGNDGYEA,TPR,1
P12755,AVPDAAAP,SKI,1
P12931,ASADGHRG,SRC,1
P13010,NAVDALID,XRCC5,1
P14314,AFIDAAQE,GLU2B,1
P14314,TQTDATSF,GLU2B,1
P14317,SQRDYAKG,HCLS1,1
P14625,IDPDAKVE,ENPL,1
P14625,IQLDGLNA,ENPL,1
P14625,VDSDDLPL,ENPL,1
P14625,VEEDLGKS,ENPL,1
P16278,VAVDGIPQ,BGAL,1
P16989,TGPDGVPV,YBOX3,1
P17544,ARTDSVII,ATF7,1
P18583,EIADSSMT,SON,1
P18583,LESDSFLK,SON,1
P18848,DTCDLFAP,ATF4,1
P19012,VEMDAAPG,K1C15,1
P19338,AMEDGEID,NUCL,1
P19338,EDDDDEDD,NUCL,1
P20700,VEVDSGRQ,LMNB1,1
P20810,DAIDALSS,ICAL,1
P20810,TDKDGKPL,ICAL,1
P21333,YGGDPIPK,FLNA,1
P22626,VMRDPASK,ROA2,1
P23193,NARDTYVS,TCEA1,1
P23396,LAEDGYSG,RS3,1
P23588,NKVDGMNA,IF4B,1
P24534,DETDMAKL,EF1B,1
P24864,LDVDCLEF,CCNE1,1
P26639,TLPDGKQV,SYTC,1
P27540,TSTDGSYK,ARNT,1
P27708,IDVDAVAS,PYR1,1
P28715,AEVDSESL,ERCC5,1
P29590,PHLDGPPS,PML,1
P29692,DETDMAQL,EF1D,1
P30519,TLEDGFPV,HMOX2,1
P31939,EVSDGIIA,PUR9,1
P31942,THEDAVAA,HNRH3,1
P31942,YGRDGMDN,HNRH3,1
P35222,TQFDAAHP,CTNB1,1
P35251,DLVDSQIR,RFC1,1
P35580,FAKDAASL,MYH10,1
P35611,DIVDRGST,ADDA,1
P36507,PVVDGEEG,MP2K2,1
P36543,EEIDAKAE,VATE1,1
P36551,DDLDSPSK,HEM6,1
P36915,EEEDGPAV,GNL1,1
P37275,SVTDAADC,ZEB1,1
P40306,VFQDGVIL,PSB10,1
P42166,KRIDQSKF,LAP2A,1
P42261,VSHDFPKS,GRIA1,1
P42331,SRTDSFSS,RHG25,1
P42574,IETDSGVD,CASP3,1
P42575,EESDAGKE,CASP2,1
P43243,ENADDPNK,MATR3,1
P43243,ENADGQSD,MATR3,1
P46013,NFGDSINE,KI67,1
P46100,ASTDGVDK,ATRX,1
P46531,EEEDAPAV,NOTC1,1
P47712,DELDAAVA,PA24A,1
P49023,NPQDSVGS,PAXI,1
P49321,GSGDAVPS,NASP,1
P49790,DITDFQAK,NU153,1
P50570,DQVDTLEL,DYN2,1
P50851,SSVDSAQA,LRBA,1
P51116,LESDGPNM,FXR2,1
P54132,TEVDFNKS,BLM,1
P55347,SEPDAEGV,PKNX1,1
P60484,QEIDSICS,PTEN,1
P60842,EIVDSFDD,IF4A1,1
P61247,LIPDSIGK,RS3A,1
P62753,VAADALGE,RS6,1
P67809,SAADTKPG,YBOX1,1
P78316,DSPDSHLD,NOP14,1
P78371,VRVDSTAK,TCPB,1
P78559,HELDGQGA,MAP1A,1
P80723,TKSDGAPA,BASP1,1
P98175,PTRDGLGS,RBM10,1
Q00013,VTEDMYTN,EM55,1
Q02447,LSGDSTLN,SP3,1
Q04637,DRLDRART,IF4G1,1
Q04637,LVDDGGWN,IF4G1,1
Q04656,INIDGMTC,ATP7A,1
Q04917,AFDDAIAE,1433F,1
Q05513,EETDGIAY,KPCZ,1
Q07820,TSTDGSLP,MCL1,1
Q08378,ESPDGPGQ,GOGA3,1
Q09666,SAPDISLG,AHNK,1
Q09666,SMPDVGLN,AHNK,1
Q12802,PETDGQFL,AKP13,1
Q12905,STWDGVIV,ILF2,1
Q13242,VQKDGVGM,SRSF9,1
Q13263,DGADSTGV,TIF1B,1
Q13367,TLTDSTLV,AP3B2,1
Q13435,ARPDVVEM,SF3B2,1
Q13438,EAADSASG,OS9,1
Q13439,DQTDKMKQ,GOGA4,1
Q13542,AISDAAQL,4EBP2,1
Q13596,LFADATVE,SNX1,1
Q13813,DETDSKTA,SPTN1,1
Q14146,HCRDGGAD,URB2,1
Q14149,TETDAVFL,MORC3,1
Q14153,EESDSCAL,FA53B,1
Q14160,ASTDAALE,SCRIB,1
Q14444,YQRDGYQQ,CAPR1,1
Q14686,SKKDGQPS,NCOA6,1
Q14694,LALDGSSN,UBP10,1
Q14839,EYLDATGG,CHD4,1
Q14980,EEPDSANS,NUMA1,1
Q15003,HVADGSAT,CND2,1
Q15139,CQNDSGEM,KPCD1,1
Q15181,VPTDVDKW,IPYR,1
Q15276,VGADSVSE,RABE1,1
Q15327,DFRDGEYE,ANKR1,1
Q15365,ASLDASTQ,PCBP1,1
Q15653,EAPDTYLA,IKBB,1
Q15797,MTQDGSQP,SMAD1,1
Q15813,IGFDSIMK,TBCE,1
Q16512,ATHDGPQS,PKN1,1
Q16643,QKTDAAVE,DREB,1
Q16829,TNVDSSSS,DUS7,1
Q2KHR3,IELDGLPS,QSER1,1
Q3KQV9,CQVDGVPQ,UAP1L,1
Q5H9R7,TSQDAACK,PP6R3,1
Q5T3U5,QESDSATA,MRP7,1
Q5T447,ETTDALPE,HECD3,1
Q5T4S7,SAVDSVAG,UBR4,1
Q5T4S7,TEEDSSQD,UBR4,1
Q5T5X7,HSVDSVLT,BEND3,1
Q5T8P6,YDTDGYNP,RBM26,1
Q5TAX3,TCTDNTGD,TUT4,1
Q6IN85,DMEDGEAV,P4R3A,1
Q6IQ19,DAEDAALP,CCSAP,1
Q6IS14,ETGDAGAS,IF5AL,1
Q6NXE6,VSADGSQE,ARMC6,1
Q6P0Q8,KEQDVVTG,MAST2,1
Q6PCB5,TSSDSTSS,RSBNL,1
Q71RC2,VQKDGLNQ,LARP4,1
Q7Z2E3,TSIDSVVI,APTX,1
Q7Z434,SQVDSPFS,MAVS,1
Q7Z460,DDEDSVDG,CLAP1,1
Q7Z6B0,THLDISLF,CCD91,1
Q7Z6I8,DQFDIYSS,CE024,1
Q7Z6Z7,DMEDSVLA,HUWE1,1
Q7Z7A1,DFIDGNVE,CNTRL,1
Q86TI0,VDLDSSLS,TBCD1,1
Q86UP2,DNADSSPV,KTN1,1
Q86UX7,DDLDVALS,URP2,1
Q86VQ1,SSLDTITG,GLCI1,1
Q86VR2,EDLDGHSD,RETR3,1
Q86VX9,ECLDGTLT,MON1A,1
Q8IWI9,DSKDSVGD,MGAP,1
Q8IWI9,MDTDSALS,MGAP,1
Q8IX21,DETDGSSA,SLF2,1
Q8IYD1,PSGDGVSS,ERF3B,1
Q8IZ21,MVLDSVEA,PHAR4,1
Q8IZ73,VETDVMNQ,RUSD2,1
Q8N163,AAPDAGAE,CCAR2,1
Q8N1F7,DALDFTQE,NUP93,1
Q8N1F8,DLSDSLSS,S11IP,1
Q8N9B5,DHCDSLPS,JMY,1
Q8NDI1,LYADSSKT,EHBP1,1
Q8NDV7,TTVDSISV,TNR6A,1
Q8NDX1,NCLDAAAD,PSD4,1
Q8NFC6,EECDGLMA,BD1L1,1
Q8TAK5,TVQDGQQV,GABP2,1
Q8TAP9,SPRDGYGS,MPLKI,1
Q8TCU4,ALLDSHLP,ALMS1,1
Q8TCU4,DLADSHLP,ALMS1,1
Q8TCU6,DQADSAFP,PREX1,1
Q8TD26,DKVDGLQK,CHD6,1
Q8TDD1,DSEDGEFE,DDX54,1
Q8WUA2,DLPDADIK,PPIL4,1
Q8WUA4,EEVDGAPR,TF3C2,1
Q8WVB6,PQVDGSPP,CTF18,1
Q8WWI1,PSPDASQL,LMO7,1
Q8WWY3,IEEDAYQE,PRP31,1
Q8WWY3,TQLDLSGD,PRP31,1
Q8WY36,LFLDAIHP,BBX,1
Q8WYQ5,DEPDSMGA,DGCR8,1
Q92538,DHSDSASV,GBF1,1
Q92615,SAADGVSA,LAR4B,1
Q92733,IAPDASFI,PRCC,1
Q92888,LSLDSPDR,ARHG1,1
Q92945,EDGDQPES,FUBP2,1
Q92945,IRKDAFAD,FUBP2,1
Q92945,ISPDSGGL,FUBP2,1
Q92997,TETDSLVS,DVL3,1
Q93008,SSPDSSNE,USP9X,1
Q969E8,AATDGVCP,TSR2,1
Q96B01,TEPDFAPG,R51A1,1
Q96BU1,DETDSSKD,S1PBP,1
Q96C57,ASVDSAVA,CSTOS,1
Q96EV2,GESDGFFH,RBM33,1
Q96EY5,LSLDAASQ,MB12A,1
Q96HA7,DDTDGLTP,TONSL,1
Q96II8,DSTDSITG,LRCH3,1
Q96IZ7,IESDSFVQ,RSRC1,1
Q96JH8,VVLDGHLE,RADIL,1
Q96JN0,SEQDGVLD,LCOR,1
Q96JP5,EEDDSALP,ZFP91,1
Q96K76,NERDSSAS,UBP47,1
Q96K76,TDKDGEQP,UBP47,1
Q96N67,LERDSTEV,DOCK7,1
Q96QC0,GALDAKPV,PP1RA,1
Q96QC0,GFLDALNS,PP1RA,1
Q96QZ7,DQTDSSGQ,MAGI1,1
Q96RE7,QESDSVQC,NACC1,1
Q96RK0,IADDGFGT,CIC,1
Q96SI9,VDVDGTTY,STRBP,1
Q96ST2,MQNDSFHS,IWS1,1
Q99436,VYKDGIVL,PSB7,1
Q99439,SGVDIGVK,CNN2,1
Q99457,DKVDTLFL,NP1L3,1
Q99496,LELDNNNA,RING2,1
Q99741,LVFDNQLT,CDC6,1
Q9BQQ3,SFLDSPGA,GORS1,1
Q9BQQ3,TLPDSLTS,GORS1,1
Q9BQS8,TETDSLDP,FYCO1,1
Q9BRD0,DSPDLAPN,BUD13,1
Q9BRD0,NVEDAMKE,BUD13,1
Q9BRP8,DQPDSAAT,PYM1,1
Q9BU89,QEVDAIGQ,DOHH,1
Q9BWW4,SPADSTNS,SSBP3,1
Q9BXJ9,HEADTANM,NAA15,1
Q9BXP5,SLDDSVDE,SRRT,1
Q9BYW2,PHVDGLHS,SETD2,1
Q9BYW2,TMEDSDGV,SETD2,1
Q9C0B9,AEKDGSGP,ZCHC2,1
Q9C0F1,VSEDYASC,CEP44,1
Q9GZR7,TVSDQALL,DDX24,1
Q9H0V1,CSPDGQPT,TM168,1
Q9H2X6,VECDSLVP,HIPK2,1
Q9H3P2,ATPDYAAG,NELFA,1
Q9H6R7,SICDGSIA,WDCP,1
Q9H6S0,FRVDGIPN,YTDC2,1
Q9H8H2,DKLDSFAI,DDX31,1
Q9H8M2,SLTDSTAE,BRD9,1
Q9H9B1,LETDGLQE,EHMT1,1
Q9HAW4,EEADSPSD,CLSPN,1
Q9HAW4,TTYDSAEE,CLSPN,1
Q9HCM1,SSVDGVQT,RESF1,1
Q9NQC3,FGNDFVPP,RTN4,1
Q9NRY2,DFRDHAEQ,SOSSC,1
Q9NSI8,SCSDGTSN,SAMN1,1
Q9NWQ8,VLKDSSSQ,PHAG1,1
Q9NXR1,ERTDTAVQ,NDE1,1
Q9NZ08,DLWDSMAS,ERAP1,1
Q9NZB2,NHVDSAYF,F120A,1
Q9NZJ0,TELDGQVE,DTL,1
Q9NZM5,LEVDQFLE,NOP53,1
Q9P0J1,AHVDGVDL,PDP1,1
Q9P0K8,GSVDGGAV,FOXJ2,1
Q9P2E9,ILRDALNQ,RRBP1,1
Q9UBC2,QVLDGAHG,EP15R,1
Q9UBU9,EEDDGDVA,NXF1,1
Q9UBW7,IETDIIGS,ZMYM2,1
Q9UEE9,DEVDGEEQ,CFDP1,1
Q9UGR2,TRLDALDS,Z3H7B,1
Q9UJC3,DQLDGSFD,HOOK1,1
Q9UKE5,EEEDGESE,TNIK,1
Q9ULH0,DLLDAGTY,KDIS,1
Q9UN86,GGVDASGK,G3BP2,1
Q9UPN3,AQVDALQG,MACF1,1
Q9UPN4,DQLDSQQE,CP131,1
Q9UPN4,TEDDASSL,CP131,1
Q9UPN7,SSVDGQLE,PP6R1,1
Q9UQ35,FQSDSSSY,SRRM2,1
Q9Y232,TAVDGFQS,CDYL,1
Q9Y240,DTRDAVQA,CLC11,1
Q9Y2X7,DLSDGAVT,GIT1,1
Q9Y2X7,LEDDAIYS,GIT1,1
Q9Y3A2,EQFDVATH,UTP11,1
Q9Y3A3,DEMDSTLA,PHOCN,1
Q9Y3A4,DYADSVPD,RRP7A,1
Q9Y3S2,EEGDGASG,ZN330,1
Q9Y4K1,AALDGGVA,CRBG1,1
Q9Y4X4,VTLDSVNE,KLF12,1
Q9Y5S9,EDYDSVEQ,RBM8A,1
Q9Y5U2,APTDCVSS,TSSC4,1
Q9Y5V3,TSADGSQA,MAGD1,1
Q9Y613,DRGDGEPV,FHOD1,1
Q9Y618,EIIDGLSE,NCOR2,1
Q9Y6I9,TQVDGTGA,TX264,1
