uni,fullpep,octet_ntype_max
A0JNW5,TSPDAIST,1
A0MZ66,AEADSSSP,1
A0MZ66,TDTDGAAE,2
A1A4S6,SSLDSLSS,1
A1L170,SGTDAAPE,1
A1X283,SLLDGEGP,2
A2RRP1,IDIDSISY,0
A2VDJ0,ICTDAMRE,1
A3KMH1,AEKDAVPE,1
A5A3E0,ELPDGQVI,2
A5A3E0,LVIDNGSG,0
A6H8Y1,QNIDGIVG,2
A6NC98,LGADGAGS,2
A6NFI3,GEADGEAE,2
A6NIH7,AADDGVGA,2
A6NKT7,DVADAASE,1
A6QL64,DDKDSVSN,1
A6QL64,DKDDSVSN,1
A7XYQ1,LTPDSWNI,1
B2RUZ4,GSRDGVSL,2
O00139,QDVDATNP,1
O00139,VLRDSFIG,1
O00148,DLLDYDEE,0
O00148,VENDLLDY,0
O00151,TAIDGENT,2
O00165,NDLDSQVS,1
O00165,TLRDSMLK,1
O00170,ADLDALQQ,0
O00232,MEVDYSAT,0
O00273,DAVDTGIS,1
O00273,DETDSGAG,1
O00273,EEVDAVDT,1
O00273,VTGDAGVP,1
O00299,KVLDNYLT,0
O00308,ALTDGSQL,2
O00418,VTFDSLPS,1
O00429,DFADACGL,1
O00429,GVGDGVQE,2
O00442,DLCDGQLE,2
O00470,GGMDGVGI,2
O00499,SPPDGSPA,2
O00512,ENPDGLSQ,2
O00559,EEEDAAWQ,1
O00562,DFIDAFAS,1
O00566,EDIDFFED,0
O00566,SVSDAALL,1
O00750,DGSDGGVS,2
O00750,VDYDGIND,2
O14492,LLTDAVDL,1
O14497,ELQDGAES,2
O14497,GQSDSIMH,1
O14497,GSSDGVGA,2
O14497,LSQDSFGS,1
O14523,IMPDGTIV,2
O14530,EHLDSEIQ,1
O14576,DSGDLGPL,0
O14578,VCLDTVHF,1
O14579,SRRDSIVA,1
O14617,LDLDAWIN,1
O14617,VQIDLSVP,0
O14639,IETDHWPG,0
O14686,DEPDALYV,1
O14686,TSADGFLK,2
O14715,DVADAASE,1
O14727,LEKDIKTS,0
O14727,SVTDSVMG,1
O14757,SNLDFSPV,0
O14787,ERPDGSED,2
O14795,SCNDSMQS,1
O14818,FSPDGHLF,2
O14828,ATLDVYNP,1
O14925,SHADLAGV,0
O14974,ANVDGLTA,2
O14974,DRYDSLLG,1
O14974,TQTDSISR,1
O14975,DGIDSFLD,1
O14981,DSTDGEPE,2
O15013,DQKDALPS,1
O15014,SFTDNAPS,0
O15014,TSNDAFDS,1
O15015,MVVDSVLE,1
O15018,SMPDLDKL,0
O15020,ERVDSANA,1
O15020,VCTDGEPS,1
O15027,DRADSGPT,1
O15027,ENFDGKFA,2
O15027,NPHDGVVT,2
O15027,RPYDGAAS,1
O15027,SHSDSLAS,1
O15027,VHPDSVSS,1
O15042,AHMDASGP,1
O15042,DDLDGVPI,2
O15042,DDLDGVPL,2
O15042,EDVDGIPI,2
O15042,EELDGAPL,2
O15075,DENDGPGE,2
O15085,VDMDAAAE,1
O15105,DCPDAVPS,1
O15117,DADDGFPA,2
O15117,DDVDTSDF,1
O15117,DIADGCIY,2
O15117,DIYDGIEE,2
O15117,DNQDGVTH,2
O15117,THSDGAGN,2
O15151,DVPDCRRT,0
O15164,DAPDSTGD,1
O15234,AAPDAAPP,1
O15265,FDPDIHCG,0
O15265,PKMDGTLL,2
O15355,DDVDNEEA,0
O15355,SVYDGHGG,2
O15381,QEVDGEIE,2
O15400,DVIDSIEA,1
O15417,ADADGLAP,2
O15446,LEVDMALG,1
O15511,DEEDGGDG,2
O15511,DGGDGQAG,2
O15519,LEVDGPAM,2
O15530,PAMDGTAA,2
O15534,SELDGLGL,2
O15540,EEFDETTA,0
O15540,LDGDKLVH,0
O15540,QEGDKVVI,0
O15540,VSLDGDKL,2
O43164,DQVDSSLP,1
O43164,DSYDPDGK,2
O43164,EELDSVPL,1
O43164,VHTDSYDP,1
O43166,LDVDSFDE,1
O43169,AGVDASES,1
O43169,SGSDGKGQ,2
O43182,MSVDSITD,1
O43242,GEADGKTA,2
O43251,AQTDGQQS,2
O43252,TGIDSEYE,1
O43290,HAIDSFRE,1
O43290,SESDGEEN,2
O43296,PECDGLGT,2
O43303,LDIDGLQK,1
O43310,EDGDGINL,2
O43312,SDYDYFSV,0
O43379,SACDGLLQ,2
O43390,DYHDYRGG,0
O43390,DYYDDYYG,0
O43390,KESDLSHV,0
O43390,KLCDSYEI,0
O43390,RAIDALRE,1
O43399,LLSDSMTD,1
O43432,VEADGQTE,2
O43491,PQIDGGAG,2
O43491,RSLDGAPI,2
O43491,VAKDGGDK,2
O43491,VDIDVLPQ,1
O43516,SKPDSIPP,1
O43521,SECDREGR,0
O43524,TAADSMIP,1
O43524,TLSDSLSG,1
O43561,ASLDGSRE,2
O43561,VLPDSTPA,1
O43660,NATDSYVH,1
O43665,DIHDSDGS,1
O43665,HDSDGSSS,2
O43670,ETIDAVPN,1
O43683,TVTDSMFA,1
O43707,DDWDRDLL,0
O43707,DQWDALGS,1
O43707,FESDLAAH,0
O43707,IDEDFRDG,0
O43707,IEYDKLRK,0
O43707,NELDYYDS,0
O43707,QEDDWDRD,0
O43707,SMGDYMAQ,0
O43707,TDTDTADQ,1
O43707,VENDRQGE,0
O43716,VDTDGVEP,2
O43719,EEEDSSEK,1
O43719,FSNDGASS,2
O43719,GEPDSLGQ,1
O43719,QAWDGTTD,2
O43719,TQTDAGGE,2
O43747,FLLDGLSS,2
O43776,KKEDGTFY,2
O43815,AAGDGAAA,2
O43815,NEADSLTY,1
O43823,VAADVLAE,1
O43829,TFNDGMSE,2
O43852,ETKDWILP,0
O43852,YDHDAFLG,1
O43852,YSHDGNTD,2
O43865,SSTDSYSS,1
O43865,SYTDSSDD,1
O43903,SRVDGKTS,2
O60216,DDIDVAQQ,1
O60216,DFGDFGMD,0
O60216,DSPDSVDP,1
O60232,SDVDKDNP,0
O60232,TCADCGTI,0
O60237,DETDGSEE,1
O60238,TSRDHSSQ,0
O60244,DMMDSLIS,1
O60256,DLVDGRHS,2
O60260,LHTDSRKD,1
O60293,DTTDSSQG,1
O60303,DEYDSIEE,1
O60315,EERDGHAV,2
O60318,ESTDSLGG,1
O60343,DGTDTHLG,1
O60343,EEADGTDT,2
O60346,LEADAASA,1
O60437,TVADSGTN,1
O60486,DVVDSFGT,1
O60488,THFDSLAV,1
O60493,LEIDVSNP,1
O60493,NLNDAYGP,1
O60499,DLLDASAV,1
O60499,IMLDAFAQ,0
O60502,SVVDGTPL,2
O60506,DERDGAVK,2
O60506,DYYDYYGY,0
O60506,GYEDYYDY,0
O60506,YPPDYYGY,0
O60508,DEKDVAKP,1
O60508,SNIDGFLG,2
O60508,VAVDSAPE,1
O60524,TTIDLSHL,0
O60551,TKSDSASD,1
O60566,DVCDEFTG,0
O60573,TQKDGEKE,2
O60583,DVRDHYIA,0
O60610,LSGDATIP,1
O60664,AEADGSTQ,2
O60664,STCDMVSA,1
O60664,TSLDGFDV,2
O60684,LLMDSYVS,1
O60711,ASLDSMLG,1
O60711,TLQDSDEY,1
O60733,DVTDYKGE,0
O60749,VSLDSPER,1
O60763,TEKDSMIE,1
O60784,DEFDMFAL,1
O60784,QATDGLAG,2
O60784,TDLDMLSP,1
O60784,VGTDSSQQ,1
O60832,EYVDYSES,0
O60841,IDLDALAA,1
O60841,VTVDTGVI,1
O60885,DVPDSQQH,1
O60907,SLIDAVMP,1
O60907,TVFDGRPI,2
O60927,DTVDNEHM,0
O75030,DLTDGTIT,2
O75030,NDPDMRWN,1
O75052,TDIDAVEV,1
O75083,GENDSFAG,1
O75113,DLSDSSAD,1
O75113,PETDGLSP,2
O75116,IGLDSSSI,1
O75116,SDIDSSNF,1
O75122,DATDSSQT,1
O75122,ESVDGNRP,2
O75131,IITDGVIT,2
O75150,PTCDGTPL,0
O75152,DATDKVNK,0
O75152,NEVDSQSS,1
O75164,SSRDSISS,1
O75167,DSPDYDRR,0
O75312,VKTDSAAT,1
O75362,VKNDGKNQ,2
O75363,DIVDGKEK,2
O75363,DPEDTGAE,1
O75367,ASADSTTE,1
O75369,DNGDGTHT,2
O75369,VTYDGHPV,2
O75376,ALVDAAAS,1
O75376,DKIDGTAE,2
O75376,EIIDGLSE,2
O75376,LRPDVARG,1
O75400,NSMDVAAG,1
O75410,LEFDFTED,0
O75410,MEEDGSTV,2
O75410,SNRDGHAT,2
O75417,SEMDSVQM,1
O75427,DFIDSHVP,1
O75427,VQIDFIDS,0
O75449,VQMDGVGG,2
O75475,DAQDGNQP,1
O75475,EVPDGAVK,2
O75475,GEGDSVIT,1
O75475,WEIDNNPK,0
O75496,ESLDNQEF,1
O75525,ETYDSYGQ,1
O75533,VGLDSTGY,1
O75554,VMADGVAP,2
O75563,EEEDSAPV,1
O75592,SEVDGLNS,2
O75592,SLTDSTCD,1
O75592,VTPDASPN,1
O75676,VMTDGLEA,1
O75695,VVQDYVPI,0
O75717,DLFDGDDM,2
O75717,EEEDGQEG,0
O75717,VEEDAEDS,1
O75791,DINDGHCG,2
O75794,SEVDAQEQ,1
O75821,GDFDSKPS,1
O75822,DLADYGGY,0
O75822,DSWDADAF,1
O75822,DVKDNWDD,0
O75822,GDSDSWDA,1
O75822,WDADAFSV,1
O75880,DEIDSITT,0
O75907,EVRDAAAG,1
O75909,DATDLPKV,0
O75925,LTYDGHPA,2
O75934,VVVDALPY,1
O75940,ASSDSFAS,1
O75995,PEDDSGVP,1
O75995,TSPDYSLD,0
O76003,DRLDGAHA,2
O76024,ERADGTGP,2
O76024,GVRDAAAP,1
O76024,NEHDGGAQ,2
O76094,SELDASKT,1
O94776,SLADSNAR,1
O94782,DFTDSQEN,1
O94804,DAVDAAST,1
O94804,FVVDGVEV,2
O94854,TEEDGTPE,2
O94854,VVEDGSDC,2
O94876,AEIDGVPT,2
O94888,EKADGVVE,2
O94888,MFLDGGGI,2
O94888,SIFDGFRD,2
O94901,SVRDAVGQ,1
O94906,QVSDSVSG,1
O94913,DKTDGKDD,1
O94913,DQLDSKSK,1
O94913,SQTDSATT,1
O94915,VHLDIYSG,0
O94921,QGMDSVIK,1
O94925,GETDAFGN,1
O94964,AEADGLAE,2
O94966,ETVDSDGR,1
O94966,VDSDGRPD,2
O94972,LMEDAAAA,1
O94973,VFSDSASV,1
O94979,AQSDGEES,2
O94986,DGTDGQPH,0
O94988,DDADGFIS,2
O94992,GEEDGGSD,2
O94992,GGSDGMGG,2
O95071,TCSDASSI,1
O95153,SIADTPPA,1
O95155,MDIDGVSC,2
O95155,VDVDSGIE,1
O95208,DLMDALPS,1
O95218,DDADLSKY,0
O95218,RVSDGDWI,2
O95260,TMDDAVAG,1
O95347,DEVDAALD,1
O95365,PDVDGLAA,2
O95391,TVVDAVNA,1
O95402,VNLDGQVA,2
O95425,HVGDGSSD,2
O95433,ERADATNV,1
O95433,HMVDGNVS,2
O95433,TERDASNW,1
O95453,EQTDSCAE,1
O95466,PGTDGPVP,2
O95613,DTPDGAGG,2
O95644,TRPDGAPA,2
O95671,DLSDVEGG,1
O95671,TQRDAGSR,1
O95671,VKHDSIPA,1
O95674,AKVDGETA,2
O95685,SDLDGGVA,2
O95696,ISTDAAAS,1
O95721,MSTDAYPK,1
O95801,EDEDSASE,1
O95801,LFLDGLST,2
O95817,KEVDSKPV,1
O95817,LEADQPLQ,0
O95819,FSCDGMRP,2
O95926,VLVDSAEE,1
O96019,MEIDGDKG,2
O96028,IKYDSLLE,1
P00441,ADKDGVAD,2
P00441,SIEDSVIS,1
P00519,DTTDVPEM,1
P00519,EHRDTTDV,1
P00519,REMDGQPE,2
P00519,SLVDAVNS,1
P00533,DEEDMDDV,1
P00533,DMDDVVDA,1
P00558,FLKDCVGP,0
P00558,GRPDGVPM,2
P00558,KLGDVYVN,1
P00558,LPVDFVTA,0
P01111,VVIDGETC,2
P02545,VEIDNGKQ,0
P02549,LENDFAVH,0
P02686,IQEDSAAT,1
P02730,EQGDGGTE,2
P02730,TATDYHTT,0
P02765,AKCDSSPD,1
P04049,MIEDAIRS,1
P04233,DQRDLISN,0
P04350,ELVDAVLD,1
P04406,KWGDAGAE,1
P04406,QERDPSKI,2
P04406,VIHDNFGI,0
P04406,VSSDFNSD,0
P04626,DLVDAEEY,1
P04626,DMGDLVDA,0
P04626,DVFDGDLG,2
P04626,SETDGYVA,2
P04637,SDSDGLAP,2
P04637,TFSDLWKL,0
P04818,DFLDSLGF,0
P04818,QERDAEPR,1
P05067,VEVDAAVT,1
P05067,VKMDAEFR,1
P05198,AEVDGDDD,2
P05198,DGDDDAEE,0
P05387,KILDSVGI,1
P05455,DEHDEHDE,0
P05455,DEHDENGA,0
P05549,DRHDGTSN,2
P05783,DALDSSNS,1
P05783,VEVDAPKS,1
P06241,EERDGSLN,2
P06396,DQTDGLGL,2
P06396,SEPDGFWE,1
P06400,DEADGSKH,2
P06400,DSIDSFET,1
P06400,LENDTRII,1
P06400,LQTDSIDS,2
P06454,AAVDTSSE,1
P06454,DDEDDDVD,0
P06454,EEEDGDED,2
P06454,EEGDGEEE,2
P06733,VEVDLFTS,0
P06733,YGKDATNV,1
P06744,PELDGSAQ,2
P06744,TSHDASTN,1
P06748,DSMDMDMS,1
P06748,VEEDAESE,1
P07205,FLKDCVGA,0
P07205,KLGDVYVN,1
P07237,AKMDSTAN,1
P07355,LEGDHSTP,0
P07437,ELVDSVLD,1
P07602,AKSDVYCE,1
P07602,QPKDGGFC,2
P07602,QPKDNGDV,0
P07686,VWKDSAYP,0
P07737,LLQDGEFS,2
P07737,LMADGTCQ,2
P07737,TCQDAAIV,1
P07814,DQVDIAVQ,1
P07814,PIVDSIEG,1
P07858,FTEDLKLP,1
P07900,AEADKNDK,0
P07900,DEDDPTAD,1
P07900,IDEDDPTA,0
P07900,KERDKEVS,0
P07900,LEGDDDTS,0
P07900,VGSDEEEE,0
P07900,VRTDTGEP,0
P07900,VSDDEAEE,0
P07910,NKTDPRSM,2
P07948,DGVDLKTQ,0
P07949,DYLDLAAS,0
P07949,VSVDAFKI,1
P08047,NSPDAQPQ,2
P08047,VQQDGSGQ,2
P08134,DSPDSLEN,1
P08134,IEVDGKQV,2
P08195,TEVDMKEV,1
P08238,AVPDEIPP,0
P08238,DEEDDSGK,0
P08238,GVVDSEDL,1
P08238,KYIDQEEL,0
P08240,EVLDYSTP,0
P08514,LDRDGYND,2
P08514,LQMDAANE,1
P08581,ESVDYRAT,0
P08621,DGPDGPEE,2
P08670,CEVDALKG,1
P08670,DSVDFSLA,0
P08670,IDVDVSKP,1
P08670,LLQDSVDF,1
P08670,SLADAINT,1
P08670,TNLDSLPL,1
P08670,VQIDVDVS,1
P08758,LEDDVVGD,1
P08758,SEIDLFNI,0
P08758,VEQDAQAL,1
P08758,VVGDTSGY,1
P08865,VMPDLYFY,0
P09086,MSVDSSLP,1
P09211,ALVDMVND,1
P09234,DYCDTYLT,1
P09496,AILDGGAP,2
P09496,DAVDGVMN,2
P09496,GPTDSYAA,1
P09497,GPADGYAA,2
P09651,DDHDSVDK,1
P09651,EEVDAAMN,1
P09651,FGNDGGYG,2
P09651,GSYDSYNN,1
P09651,IKEDTEEH,1
P09651,SREDSQRP,1
P09651,SYNDFGNY,0
P09661,DQFDAIDF,1
P09874,DEVDGVDE,2
P09874,VEVDGFSE,2
P09884,VDDDGIGY,2
P09884,VQVDSSHL,1
P09917,IQFDSEKG,1
P09972,AGTDGETT,2
P0C7T5,CVVDGQLF,2
P0CG38,LVIDNGSG,0
P0CG39,LVIDNGSG,0
P0DJD0,DVADAASE,1
P0DJD1,DVADAASE,1
P0DP24,ADIDGDGQ,2
P0DP24,VDADGNGT,2
P0DPH7,IQPDGQMP,2
P0DPH7,LEKDYEEV,0
P0DPH7,VFVDLEPT,0
P0DPH7,VGVDSVEA,1
P0DPH7,VKCDPRHG,2
P0DPH7,VPKDVNAA,1
P10109,LDIDGFGA,2
P10244,SFLDSCNS,1
P10275,DEDDSAAP,1
P10275,LHVDDQMA,0
P10275,VSVDFPEM,0
P10415,DAGDVGAA,1
P10451,DTYDGRGD,2
P10451,LVTDFPTD,0
P10515,IETDKATI,0
P10515,VETDKATV,0
P10636,DMVDSPQL,1
P10636,GSSDPLIQ,2
P10644,TVADALEP,1
P10809,EAGDGTTT,2
P10809,LAVDAVIA,1
P10809,PALDSLTP,1
P10809,VGYDAMAG,1
P10909,DRIDSLLE,1
P11086,AAPDSAPG,1
P11142,IEIDSLYE,1
P11142,RFDDAVVQ,1
P11142,TAGDTHLG,1
P11142,TIEDGIFE,2
P11171,AAVDSADR,1
P11177,TVRDAINQ,1
P11274,CGVDGDYE,2
P11277,DIVDGNHR,2
P11277,DLRDGRML,2
P11387,DDADYKPK,0
P11387,EEEDGKLK,2
P11387,LHNDSQIE,1
P11387,PEDDGYFV,2
P11388,PQEDGVEL,2
P11473,DMMDSSSF,1
P11498,NNVDAVHP,1
P11498,VAADSMSG,1
P11586,KDVDGLTS,2
P11831,EETDLTYQ,0
P11831,SESDSSGE,1
P12268,EEHDCFLE,0
P12270,DDEDRTVP,0
P12270,DDGDEVFV,0
P12270,DESDLPST,0
P12270,DGNDGYEA,2
P12270,DGTDPGTE,2
P12270,DSQDSIGE,1
P12270,HRTDGFAE,2
P12270,LEIDSQQE,1
P12755,AVPDAAAP,1
P12814,DQWDNLGA,0
P12814,EDWDRDLL,0
P12814,FESDLAAH,0
P12814,IEEDFRDG,0
P12814,LEGDHQLI,0
P12814,NELDYYDS,0
P12814,PEEDWDRD,0
P12830,DTRDNVYY,0
P12931,ASADGHRG,2
P13010,DFLDALIV,1
P13010,IFQDNHED,0
P13010,NAVDALID,1
P13612,IDNDGFED,2
P13639,FGPDGTGP,2
P13639,LEEDHACI,0
P13639,PFPDGLAE,2
P13674,DEPDAFKE,1
P13747,TAVDTAAQ,1
P13796,DLIDAIQP,1
P13929,YGKDATNV,1
P13995,DNVDGLLV,2
P14136,DLTDAAAR,1
P14136,QEADEATL,0
P14136,VELDVAKP,1
P14136,VERDNLAQ,0
P14209,DLSDALPD,1
P14314,AFIDAAQE,1
P14314,DCCDGTDE,2
P14314,DCKDGSDE,2
P14314,DDMDGTVS,2
P14314,EEEDSEEA,1
P14314,LDTDGDGA,2
P14314,TCLDGSAT,2
P14314,TDGDGALS,2
P14314,TQTDATSF,1
P14316,ETTDSVPS,1
P14317,SQRDYAKG,0
P14317,SQTDAAKG,1
P14317,TDPDFVND,0
P14618,AVLDGADC,2
P14625,DEDDKTVL,0
P14625,DEVDVDGT,1
P14625,EDEDDKTV,0
P14625,EEMDVGTD,1
P14625,EESDDEAA,0
P14625,IDPDAKVE,1
P14625,IQLDGLNA,2
P14625,KESDDPMA,0
P14625,LELDTIKN,1
P14625,PEFDGKRF,2
P14625,TEQDEDEE,0
P14625,VDSDDLPL,0
P14625,VDVDGTVE,2
P14625,VEEDLGKS,0
P14625,VGTDEEEE,0
P14625,VIADPRGN,2
P14625,VIEDHSNR,0
P14625,VKFDESEK,0
P14625,VRADDEVD,0
P14625,WESDSNEF,1
P14635,ILVDTASP,1
P14866,DTWDYTNP,0
P14868,EIMDAAED,1
P14868,QLDDAVRP,1
P15056,PASDSIGP,1
P15153,VMVDSKPV,1
P15170,SLGDGRPP,2
P15170,VETDTVAP,1
P15311,LEADRMAA,0
P15311,YEKDDKLT,0
P15498,DLYDCVEN,0
P15498,DQIDDTVE,0
P15923,TLPDLSRP,0
P15924,DVLDGHLR,2
P15976,EDLDGKGS,2
P16144,DELDRSFT,0
P16150,GVVDAWAG,1
P16220,ESVDSVTD,1
P16220,QTTDGQQI,2
P16278,VAVDGIPQ,2
P16333,SVPDSASP,1
P16383,SDSDGAEE,2
P16499,DFVDILTE,0
P16520,IVWDSYTT,1
P16989,EMKDGVPE,2
P16989,SVGDGETV,2
P16989,TGPDGVPV,2
P16989,VEFDVVEG,1
P17010,CKVDGTCP,2
P17028,SELDAVEN,1
P17036,ALLDSALP,1
P17405,SKCDLPLR,0
P17542,EITDGPHT,2
P17542,SSLDGAAS,2
P17544,ARTDSVII,1
P17947,GEADGLEP,2
P17947,HVLDTPMV,1
P17980,AEQDGIGE,2
P17980,DELDAIGT,1
P17980,DILDPALL,2
P17980,NQLDGFQP,2
P17980,QEEDGANI,2
P18583,EIADSSMT,1
P18583,KILDSFAA,1
P18583,LESDSFLK,1
P18583,TEHDMVIS,1
P18583,TLPDSGFS,1
P18621,LDVDSLVI,1
P18846,DSSDSIGS,1
P18848,DTCDLFAP,0
P18848,LAVDGLVS,2
P18858,VRIDGAVI,2
P19012,VEMDAAPG,1
P19022,VEPDAIKP,1
P19113,DPVDDCFS,0
P19113,GAGDDPVQ,0
P19174,AEPDYGAL,0
P19338,AMEDGEID,2
P19338,DDDDDEDD,0
P19338,DDDDDEED,0
P19338,DDDDEDDE,0
P19338,DDEDDEEE,0
P19338,DDEDEDED,0
P19338,EDDDDDEE,0
P19338,EDDDDEDD,0
P19338,EEDDSSGE,1
P19338,ESFDGSVR,2
P19338,GEIDGNKV,2
P19338,SEEDEEDD,0
P19338,TEIDGRSI,2
P19338,VEEDSEDE,1
P19525,DLPDMKET,1
P19623,PGPDGPAA,2
P19838,TTYDGTTP,2
P19878,VDQDSFSG,0
P20290,QSVDGKAP,2
P20339,YADDNSLL,0
P20618,AGEDFAIV,0
P20700,NSKDAALA,1
P20700,VEVDSGRQ,1
P20810,ALADSLGK,1
P20810,ALDDLIDT,0
P20810,DAIDALSS,1
P20810,DLIDTLGG,1
P20810,FLLDALSE,1
P20810,LSSDFTCG,0
P20810,TDKDGKPL,2
P20936,DEGDSLDG,1
P20936,DTVDGKEI,2
P20963,DTYDALHM,1
P20963,DVLDKRRG,0
P20963,GLLDPKLC,2
P20963,YLLDGILF,2
P21127,SAEDGLKH,2
P21127,TEGDYVPD,0
P21333,ALVDSCAP,1
P21333,DNADGTQT,2
P21333,DTRDAEMP,1
P21333,TEKDLAED,0
P21333,VFVDSLTK,1
P21333,VTYDGSPV,2
P21333,VTYDGVPV,2
P21333,YGGDPIPK,2
P21359,SSMDSAAG,1
P21399,NLGDSVTT,1
P21980,DVVDWIQQ,0
P22102,CFTDGKTV,2
P22102,LEGDGGPN,0
P22102,SGVDIAAG,0
P22234,ELLDSPGK,1
P22234,YEGDGIPT,2
P22314,LYFDALEC,1
P22314,QNLDGVAN,2
P22626,AEVDAAMA,1
P22626,DDHDPVDK,2
P22626,GGYDNYGG,0
P22626,HLRDYFEE,0
P22626,KLTDCVVM,0
P22626,VMRDPASK,2
P22681,LSLDGDPT,2
P22681,NEDDGYDV,2
P23142,SDVDGVTC,2
P23193,NARDTYVS,1
P23246,DAKDKLES,0
P23246,DDEDGLPE,2
P23246,EMEDAYHE,1
P23368,TFEDAVNI,1
P23378,RSRDSSSG,1
P23381,AEEDFVDP,0
P23396,LAEDGYSG,2
P23443,TPVDSPDD,1
P23508,ECADAASP,1
P23528,VFNDMKVR,1
P23588,DETDDLEG,0
P23588,LAEDGGTG,2
P23588,LEGDVSTT,1
P23588,NKVDGMNA,2
P23588,PATDSFDD,1
P23634,DEIDHAEM,0
P23743,IDYDGSGS,0
P23769,DEVDVFFN,1
P24534,DDIDLFGS,0
P24534,DETDMAKL,1
P24534,DVEDTTGS,1
P24666,WRVDSAAT,1
P24752,IVKDGLTD,2
P24864,LDVDCLEF,0
P24928,LETDGVSL,2
P25054,DNIDNLSP,0
P25054,QEADSANT,1
P25098,NAADAFDI,1
P25098,TVFDTINA,1
P25205,DAKDGDSY,2
P25205,DYLDFLDD,0
P25205,KDGDSYDP,1
P25445,LHHDGQFC,2
P25490,DDSDGLRA,2
P25705,NAIDGKGP,2
P25800,DKEDGVPM,2
P25963,DRHDSGLD,1
P26045,CSPDGVDQ,2
P26368,MTPDGLAV,2
P26374,EVLDSALP,1
P26599,AAVDAGMA,1
P26599,IVPDIAVG,0
P26599,LKTDSSPN,0
P26639,TLPDGKQV,2
P26641,ADSDIVPP,0
P26641,EEMDECEQ,0
P26641,FEGDDGFC,0
P27348,EECDAAEG,1
P27448,SELDASDS,1
P27540,TELDMVPG,1
P27540,TSTDGSYK,2
P27694,QALDGVSI,2
P27694,VQFDFTGI,0
P27695,VAEDGDEL,2
P27708,EAVDGECP,2
P27708,GTPDGTCY,2
P27708,IDVDAVAS,1
P27708,VASDGVVA,2
P27797,DQTDMHGD,1
P27797,EEMDGEWE,2
P27797,KDPDASKP,1
P27797,QFLDGDGW,2
P27797,TIFDNFLI,0
P27816,ATADTSIF,1
P27816,DLADLVFP,0
P27816,EGSDTTGS,1
P27816,GKTDYIPL,0
P27816,KTTDMAPS,1
P27816,LAKDGVLT,2
P27816,LARDMTLP,1
P27816,PVKDMAQL,1
P27816,SLADALTE,1
P27816,TETDVSSA,1
P27824,EDMDGEWE,2
P27824,EVEDSKPD,1
P27986,DDEDLPHH,0
P27987,TQEDGALE,2
P28066,VEIDAHIG,1
P28070,STPDSFMD,1
P28290,DSTDCLSL,0
P28290,EEVDAAEG,1
P28290,VEEDLFPA,0
P28324,TDIDSVAS,1
P28331,DVMDAVGS,1
P28331,VFVDGQSV,2
P28340,LEIDHYVG,0
P28370,DDIDNIAR,0
P28715,AEVDSESL,1
P29083,IDMDAFQE,1
P29144,QAQDGAIS,2
P29372,SSSDAAQA,1
P29374,IEVDSIAE,1
P29375,DKVDWVQC,0
P29590,PHLDGPPS,2
P29590,VRTDGFDE,1
P29692,DDIDLFGS,0
P29692,DETDMAQL,1
P29966,VNGDASPA,1
P30043,DEYDGHST,2
P30153,DEQDSVRL,1
P30154,LELDSVKS,1
P30260,ISPDTVPL,1
P30260,SYIDSAVI,1
P30304,DLLDGENL,2
P30305,EEDDGFVD,2
P30414,STSDSEGS,1
P30419,SETDSAQD,1
P30519,TLEDGFPV,2
P30622,LARDGHDQ,2
P31040,DEYDYSKP,0
P31146,SLKDGYVP,2
P31150,DENDPKTF,2
P31150,EEYDVIVL,1
P31150,TCNDIKDI,0
P31153,QISDAVLD,1
P31153,QSPDIAQG,0
P31350,SLVDKENT,0
P31689,DEMDQVEL,0
P31749,DQDDSMEC,1
P31749,ECVDSERR,1
P31749,EEMDFRSG,0
P31749,TPPDQDDS,0
P31749,TVADGLKK,2
P31939,EVSDGIIA,2
P31942,DGYDGGYG,2
P31942,THEDAVAA,1
P31942,YGRDGMDN,2
P31943,NSPDTAND,1
P31943,THEDAVAA,1
P31943,VEMDWVLK,0
P31944,VGGDEIVM,0
P31948,KELDPTNM,2
P32455,LEADGQPL,2
P32519,PRPDSPAT,1
P32519,VTLDGIPE,2
P32926,DYADGAIS,2
P33991,LDFDVSSP,0
P33991,LQSDGAAA,2
P33991,VLSDNGIC,0
P33992,ELPDAVPH,1
P33992,FYSDSFGG,1
P33992,VLADGGVV,2
P34897,DLPDGGHL,2
P34931,ATKDAGVI,1
P34932,DGEDQPKQ,0
P34932,DHLDAADM,0
P35222,ADIDGQYA,2
P35222,DLMDGLPP,2
P35222,SYLDSGIH,1
P35222,TQFDAAHP,1
P35222,YPVDGLPD,2
P35249,DEADSMTS,1
P35251,DEVDGMAG,2
P35251,DLVDSQIR,0
P35251,IETDAMIK,1
P35251,SVLDYFGT,0
P35269,QEVDYMSD,0
P35269,SDIDSEAS,1
P35579,DTLDSTAA,1
P35579,EEVDGKAD,2
P35579,KMEDSVGC,2
P35580,DTLDTTAA,1
P35580,FAKDAASL,1
P35606,QELDGKPA,2
P35611,DDSDAATF,1
P35611,DIVDRGST,0
P35611,DRVDENNP,0
P35637,DWFDGKEF,2
P35637,GNQDQSGG,0
P35670,GGLDGLGP,2
P35749,DTLDSTAT,1
P36507,PVVDGEEG,2
P36508,TLSDGTTA,2
P36543,EEIDAKAE,1
P36551,DDLDSPSK,1
P36915,DTSDGESV,2
P36915,EEEDGPAV,2
P36915,EQTDTSDG,1
P36915,QQTDSAME,1
P36954,MEPDGTYE,2
P37275,SVTDAADC,1
P37802,ARDDGLFS,2
P38117,VVTDGVKH,2
P38159,DTRDYAPP,0
P38159,SDRDGYGR,2
P38159,SSRDGYGG,2
P38159,STKDSYSS,1
P38159,SYRDSYES,1
P38398,DLLDDGEI,0
P38398,DVLDVLNE,1
P38398,SELDAQYL,1
P38606,MEVDGKVE,2
P38936,DHVDLSLS,0
P38936,SMTDFYHS,0
P39687,GYNDGEVD,2
P39880,DSCDGVEA,2
P39880,GTQDAAKP,1
P40121,IVTDGEEP,2
P40306,VFQDGVIL,2
P40692,DKTDISSG,1
P40692,QKLDAFLQ,1
P41214,VQMDSTLQ,1
P41250,SSMDGAGA,2
P41250,VDVDKAVA,0
P41567,PFADASKG,1
P41743,TQRDSSTM,1
P42025,DSGDGVTH,2
P42166,DKIDASEL,1
P42166,EERDSGSF,1
P42166,KRIDQSKF,0
P42224,MELDGPKG,2
P42229,KAVDGYVK,2
P42261,VSHDFPKS,0
P42331,SDSDTTSP,1
P42331,SRTDSFSS,1
P42336,EIYDAAID,1
P42345,EILDGVEL,2
P42345,TRTDSYSA,1
P42566,TNLDFFQS,0
P42574,ESMDSGIS,1
P42574,IETDSGVD,1
P42574,NSVDSKSI,1
P42575,DNKDGPVC,2
P42575,DQQDGKNH,2
P42575,EESDAGKE,1
P42694,FQNDGIVQ,2
P42695,INIDSSGE,1
P42704,DRLDSSAV,1
P42704,TYTDYVIP,0
P42858,DEEDILSH,0
P42858,DGTDNQYL,1
P42858,DLLDDTAK,0
P42858,DLNDGTQA,2
P42858,DSVDLASC,0
P42858,IVLDGTDN,2
P42892,DLVDSLSE,1
P43004,DTIDSQHR,1
P43007,GYLDSAQA,1
P43146,LSVDRGFG,0
P43146,SCQDLTPV,0
P43243,AAVDYYTT,0
P43243,DETDLANL,0
P43243,ENADDPNK,0
P43243,ENADGQSD,2
P43243,FRRDSFDD,1
P43250,AFLDGVAE,1
P43403,LNSDGYTP,2
P43487,EDHDTSTE,1
P43487,ENTDESNH,0
P43686,NQMDGFDQ,2
P45379,VDFDDIHR,0
P45974,DDLDAEAA,1
P45974,ESGDGERV,2
P45974,IARDGLGG,2
P45974,SAADSISE,1
P46013,DAADSATK,1
P46013,DSKDSVAQ,1
P46013,ESADGLQG,2
P46013,LQTDYATE,0
P46013,NFGDSINE,1
P46013,THTDKVPG,0
P46063,EELDSITS,1
P46087,EEADGGLQ,2
P46087,MEQDAQAP,1
P46100,ASTDGVDK,2
P46379,DEQDGASA,2
P46527,DPSDSQTG,1
P46527,ESQDVSGS,1
P46531,ACVDGVNT,2
P46531,CEWDGLDC,2
P46531,CLLDSSGM,1
P46531,DCMDVNVR,1
P46531,DHMDRLPR,0
P46531,DQTDHRQW,0
P46531,EEEDAPAV,1
P46777,ESIDGQPG,2
P46777,GAVDGGLS,2
P46821,DATDGKDY,2
P46934,DQPDAACH,1
P46934,GQVDVPLY,1
P46937,ASTDAGTA,1
P46939,VTIDAIRE,1
P46940,DEVDGLGV,2
P47712,DELDAAVA,1
P47736,QSMDAMGL,1
P47756,GCWDSIHV,1
P48147,EDPDSEQT,1
P48147,GEYDYVTN,0
P48147,HEKDVLEW,1
P48147,PEADDIQY,2
P48147,VFLDPNIL,2
P48147,VYRDETAV,0
P48506,AVVDGCGK,2
P48553,IENDSLSV,1
P48634,TWRDGGGR,2
P48643,KISDSVLV,1
P48643,VDKDGDVT,2
P48643,VTNDGATI,2
P49006,ATGDAIEP,1
P49023,FPADEANS,0
P49023,NPQDSVGS,2
P49023,SELDRLLL,0
P49023,SLLDELES,0
P49023,SQLDSMLG,1
P49069,DKLDSFIK,1
P49069,VATDGGER,2
P49116,SLADGIDT,2
P49257,HQNDGASQ,2
P49257,VQSDGTVP,2
P49321,DMLDLAKI,0
P49321,GSGDAVPS,1
P49321,KPTDGASS,2
P49321,TSADKVES,0
P49321,VSADKIED,0
P49327,PGLDGAQI,2
P49327,PKEDGLAQ,1
P49327,TNTDGFKE,2
P49354,VSLDSPSY,1
P49411,DAVDTYIP,1
P49427,AERDGVKV,2
P49454,CDKDAQQD,1
P49585,TEEDGVPS,2
P49711,AATDAPNG,1
P49711,NQTDGGEV,2
P49736,EEEDGEEL,2
P49736,PELDAYEA,1
P49747,TDLDGFPD,2
P49756,LPVDSVFN,1
P49768,AQRDSHLG,1
P49768,ENDDGGFS,2
P49790,DITDFQAK,0
P49790,VSSDSGSI,1
P49792,ALDDSVSS,1
P49792,DFADGERK,2
P49792,DVADATSE,1
P49792,DVADSFKK,1
P49792,DVTDGRAK,2
P49792,EEPDSITK,1
P49792,EERDGQYF,2
P49792,HETDGGSA,2
P49792,STTDSVYT,1
P49792,TKHDGTGG,2
P49796,SSKDSATS,1
P49810,DSYDSFGE,1
P49810,MEEDSYDS,1
P50454,QTTDGKLP,2
P50542,NETDWSQE,0
P50548,DCSDGTSE,2
P50548,DEEDGEVF,2
P50570,DQVDTLEL,1
P50851,PTVDSVSQ,1
P50851,SSVDSAQA,1
P50990,VTNDAATI,1
P50991,AFADAMEV,1
P50991,TDMDNQIV,0
P50991,VVSDYAQM,0
P51114,DDRDSRHQ,1
P51114,TESDTASV,1
P51114,VLMDGMTE,2
P51116,ISGDRQPV,0
P51116,LESDGPNM,2
P51116,NRTDGSIS,2
P51116,TVMDGGLE,2
P51531,DYSDALTE,1
P51531,LGPDGEPI,2
P51532,APLDGADP,2
P51532,IGPDGEPL,2
P51532,SEVDARHI,1
P51572,AAVDGGKL,2
P51572,AAVDGPMD,2
P51606,VQRDGQAV,2
P51693,VEVDPMLT,2
P51784,ELCDAAGR,1
P51813,DFPDWWQV,0
P51957,SVSDGFVQ,2
P51991,DDHDTVDK,1
P51991,EEVDAAMC,1
P51991,SREDSVKP,1
P52292,SFPDDATS,0
P52292,VVIDAGAL,1
P52294,VMSDGGFH,2
P52565,DKTDYMVG,0
P52565,NEEDEHSV,0
P52566,DELDSKLN,2
P52566,LLGDGPVV,2
P52594,AELDSVFS,1
P52597,GLSDGYGF,2
P52597,NSADSAND,1
P52597,TIHDGAAG,2
P52735,DIYDCVPC,0
P52746,GEMDGLCP,2
P52747,IQADGTVA,2
P52747,VSIDGSES,2
P52888,DMADAASP,1
P52907,EEADGGLK,2
P52907,VFNDVRLL,1
P52948,DEEDVDMA,1
P52948,DMVDITQE,0
P52948,VTLDGVWP,2
P53367,IEYDAYRT,1
P53396,MPQDSVPS,1
P53582,CETDGCSS,2
P53621,LDEDGFVE,2
P53621,PELDISPG,1
P53621,TGVDLFGT,0
P53667,DEIDLLIQ,0
P53985,TSIDVAGK,1
P53990,DLIDVGFT,1
P53990,VETDLIDV,0
P54105,MEVDTTPT,1
P54105,RTEDSIRD,1
P54132,DSLDGPME,2
P54132,LQIDGVTE,2
P54132,TEVDFNKS,0
P54132,YDTDFVPP,0
P54252,DEEDLQRA,0
P54252,DLPDCEAD,0
P54252,EANDGSGM,2
P54259,DLRDRLKP,0
P54259,DPRDIDQD,0
P54259,DSLDGRSL,2
P54259,IDQDNRST,0
P54259,VENDSDSS,1
P54284,LERDSLMP,1
P54577,LEKDFAAE,0
P54578,GSADALPE,1
P54578,IEDDSVKE,1
P54578,KETDSSSA,1
P54619,ISSDSSPA,1
P54727,TATDSTSG,1
P55011,AAGDGLGR,2
P55011,ASRDGGGV,2
P55036,ADIDASSA,1
P55055,CSTDWVIP,0
P55072,DDVDLEQV,0
P55072,DELDAIAP,1
P55072,DELDSIAK,1
P55072,EDNDDDLY,0
P55072,EEDDPVPE,2
P55072,REVDIGIP,0
P55072,TEMDGMST,2
P55072,VAKDVDLE,1
P55072,VAPDTVIH,1
P55072,VEEDDPVP,0
P55072,VETDPSPY,2
P55072,VGADLAAL,0
P55072,VGYDDIGG,0
P55072,VLSDDTCS,0
P55072,VTMDDFRW,0
P55081,AALDALNT,1
P55081,TSFDSAWG,1
P55199,DALDGLLQ,1
P55209,ERLDGLVE,2
P55209,LLSDMVQE,1
P55210,DSVDAKPD,1
P55210,IQADSGPI,1
P55210,NDTDANPR,1
P55211,DQLDAISS,1
P55211,PEPDATPF,1
P55212,DVVDNQTE,0
P55212,TETDAFYK,1
P55212,TEVDAASV,1
P55265,CLADGYDL,0
P55265,VRPDGHSQ,2
P55265,VRPDSHSQ,2
P55347,SEPDAEGV,1
P55735,NTVDTSHE,1
P55735,SHEDMIHD,1
P55789,GRRDAAAS,1
P55795,GYNDGYGF,2
P55795,VEMDWVLK,0
P55884,DFVDDVSE,0
P55884,DGIDSVIV,1
P55884,IVVDNVPQ,0
P55957,IEADSESQ,1
P55957,LQTDGNRS,2
P56182,DDRDSGGP,1
P56381,AVRDALKT,1
P56524,DVTDSACS,1
P56524,LERDGGAA,2
P56524,SHPDGLSG,2
P56524,STVDVATA,1
P56945,DSPDGQYE,2
P56945,DVPDGPLL,2
P56962,EKIDSIAD,1
P57071,TTIDASSI,1
P57764,DAMDGQIQ,2
P57764,FLTDGVPA,2
P60484,DTTDSDPE,1
P60484,DVSDNEPD,0
P60484,NEPDHYRY,0
P60484,QEIDSICS,1
P60709,DSGDGVTH,2
P60709,ELPDGQVI,2
P60709,GQKDSYVG,1
P60709,IVMDSGDG,1
P60709,LVVDNGSG,0
P60709,QEYDESGP,0
P60709,VALDFEQE,0
P60842,EIVDSFDD,1
P60842,NGPDGMEP,2
P60900,AEIDAHLV,1
P60953,DLRDDPST,0
P60953,TQIDLRDD,0
P61011,DSTDGAKV,2
P61011,QELDSTDG,1
P61129,TEEDFANQ,0
P61158,DDLDFFIG,0
P61160,DSGDGVTH,2
P61221,IFLDGYVP,2
P61224,VEVDAQQC,1
P61244,SAFDGGSD,2
P61247,LIPDSIGK,1
P61289,DGLDGPTY,2
P61586,DSPDSLEN,1
P61758,EDVDSFMK,1
P61916,GSVDGVIK,2
P61923,EIVDGGVI,2
P61978,ETWDSAID,1
P61978,LESDAVEC,1
P61978,SAIDTWSP,1
P61978,SGYDYSYA,0
P62191,DEIDAIGT,1
P62191,DGFDSRGD,1
P62191,NQLDGFDS,2
P62195,DEIDSIGS,1
P62244,VLADALKS,1
P62258,AELDTLSE,1
P62258,MQGDGEEQ,2
P62269,DVKDGKYS,2
P62306,EYIDGALS,2
P62310,DDVDQQQT,0
P62328,DKPDMAEI,1
P62736,ELPDGQVI,2
P62736,GQKDSYVG,1
P62753,VAADALGE,1
P62805,VIRDAVTY,1
P62805,VLRDNIQG,0
P62877,MDVDTPSG,1
P62937,VFFDIAVD,0
P63000,DLRDDKDT,0
P63027,DRADALQA,1
P63104,AELDTLSE,1
P63104,TQGDEAEA,0
P63167,MQQDSVEC,1
P63220,EFVDLYVP,0
P63220,MQNDAGEF,1
P63241,DDLDFETG,0
P63241,ETGDAGAS,1
P63241,GIQDGYLS,2
P63261,DSGDGVTH,2
P63261,ELPDGQVI,2
P63261,GQKDSYVG,1
P63261,LVIDNGSG,0
P63267,ELPDGQVI,2
P63267,GQKDSYVG,1
P63313,DKPDMGEI,1
P67809,SAADTKPG,1
P67809,TKEDVFVH,1
P67809,VEFDVVEG,1
P68032,ELPDGQVI,2
P68032,GQKDSYVG,1
P68104,AIVDMVPG,1
P68104,EALDCILP,0
P68104,KSGDAAIV,1
P68104,LPGDNVGF,0
P68104,TRKDGNAS,2
P68104,WNGDNMLE,0
P68133,ELPDGQVI,2
P68133,GQKDSYVG,1
P68363,EHSDCAFM,0
P68363,GGDDSFNT,1
P68363,IQPDGQMP,2
P68363,LRFDGALN,2
P68363,VFVDLEPT,0
P68363,VGVDSVEG,1
P68366,IQPDGQMP,2
P68371,ELVDSVLD,1
P68402,SQGDSNPA,1
P78316,DLNDGFVL,2
P78316,DSPDSHLD,1
P78317,DHADSCVV,1
P78317,THNDSVVI,1
P78344,DETDSSSA,1
P78344,IRQDAVKD,1
P78347,VVVDGMPP,2
P78356,CENDGVGG,2
P78371,VRVDSTAK,1
P78527,DEVDNKVK,0
P78527,DWVDGEPT,2
P78527,GDSDGPSY,0
P78527,SVIDSAEL,1
P78527,VDQDGDPS,2
P78559,AEYDSVVA,1
P78559,DMGDGILP,2
P78559,EEEDATKA,1
P78559,HELDGQGA,2
P80108,FNVDGVPD,2
P80303,EEDDMVEM,1
P80303,EETDGLDP,2
P80303,VNSDGFLD,2
P80723,PASDSKPG,1
P80723,TKSDGAPA,2
P82094,ERIDSFSV,1
P82094,TVLDKVAE,0
P82673,IEIDSTDY,1
P82970,ENIDTSAQ,0
P83369,TRTDGSSV,2
P83369,VSSDSFDP,1
P83916,HETDKSEG,0
P84022,MTVDGFTD,2
P85037,VSGDSAVA,1
P98095,IMADGVSC,2
P98170,SESDAVSS,1
P98171,DVLDSFQT,1
P98171,QNMDSVFK,1
P98175,PTRDGLGS,2
P98175,SAEDSYEA,1
Q00013,VTEDMYTN,1
Q00403,TSVDLITT,0
Q00534,TYLDKVPE,0
Q00613,YAPDAVAS,1
Q00653,PGLDGIIE,2
Q00653,VKEDSAYG,1
Q00839,SALDGDQM,2
Q00987,DVPDCKKT,0
Q01082,DEVDSKRL,1
Q01082,ETVDTSEM,1
Q01105,DDDDDEEE,0
Q01105,EDDDDDEE,0
Q01105,EDIDEEGD,0
Q01105,EEDDDDDE,0
Q01105,EEGDEDEG,0
Q01105,GEEDDDDD,0
Q01105,GEEDEEAL,0
Q01105,NEIDRLNE,0
Q01105,VIKDDIWP,0
Q01130,DAEDAMDA,1
Q01130,DAMDAMDG,1
Q01543,SLFDSAYG,1
Q01581,DGVDAGKY,1
Q01804,GVPDGGDQ,2
Q01814,EEIDHAER,0
Q01826,VEMDSLSE,1
Q02078,SSYDGSDR,2
Q02078,STTDLTVP,0
Q02078,TLTDSSML,1
Q02156,DDVDCTMT,0
Q02156,SSPDGQLM,2
Q02413,DLRDGSNV,2
Q02447,INADGHLI,2
Q02447,LSGDSTLN,1
Q02447,NSIDSAGI,1
Q02447,VDLDSLGL,1
Q02750,PAPDGSAV,2
Q02750,VEGDAAET,1
Q02818,INSDGVLD,2
Q02880,NEEDSASV,1
Q02880,SDVDIFPS,0
Q02952,SEYDAVER,1
Q03001,DELDSMAP,1
Q03001,DIIDDLVK,0
Q03164,QHTDSTQS,1
Q03164,SQLDGVDD,2
Q03468,AIMDGASP,2
Q03701,DDFDFAGS,0
Q03701,ENTDSVVM,1
Q03701,VDEDGGTF,2
Q03701,YSGDPLQD,2
Q04206,DCRDGFYE,2
Q04206,DDEDLGAL,0
Q04206,VFTDLASV,0
Q04637,DLLDAFKE,1
Q04637,DRLDRART,0
Q04637,LVDDGGWN,2
Q04637,PAVDLSPV,0
Q04656,INIDGMTC,2
Q04695,EVQDGKVI,2
Q04695,VEMDAAPG,1
Q04721,VCVDGVNT,2
Q04726,SRYDSDGD,1
Q04726,VSADGQMQ,2
Q04759,DEVDKMCH,0
Q04864,DCRDGYYE,2
Q04917,AFDDAIAE,1
Q05084,ESTDAAVQ,1
Q05193,LSVDNLKL,0
Q05397,DQTDSWNH,1
Q05397,VSWDSGGS,1
Q05513,DGMDGIKI,2
Q05513,DSEDLKPV,0
Q05513,EETDGIAY,2
Q05655,DMQDNSGT,0
Q06203,TQLDVPHV,1
Q06210,SRVDSTTC,1
Q06323,SELDAFLK,1
Q06413,DADDSVGH,1
Q06413,SSYDGSDR,2
Q06455,LLLDASTT,1
Q06455,TMPDSPVD,1
Q06546,IEIDGTEK,2
Q06547,TMPDGQQV,2
Q06587,AIMDGTEI,2
Q06587,SAPDSAPG,1
Q06587,VSSDSAPD,1
Q06609,AQVDGAAM,2
Q06609,DVLDNVAY,0
Q07021,AFVDFLSD,0
Q07021,LHTDGDKA,2
Q07021,LVLDCHYP,0
Q07157,DLSDSIHS,1
Q07666,TGPDATVG,1
Q07812,FIQDRAGR,0
Q07817,SSLDAREV,1
Q07820,EELDGYEP,2
Q07820,PAADAIMS,1
Q07820,TSTDGSLP,2
Q07864,DMEDFGLV,0
Q07864,DQLDNIVD,0
Q07955,CYADVYRD,1
Q07955,DLKDHMRE,0
Q07955,RKLDNTKF,0
Q07955,VYRDGTGV,2
Q08209,DGFDGATA,2
Q08211,DTPDTTAN,1
Q08211,EEVDLNAG,0
Q08211,PPLDAVIE,1
Q08378,CSTDSPLP,1
Q08378,ESPDGPGQ,2
Q08378,SEVDGNDS,2
Q08945,DQHDAYLE,1
Q08945,TQEDGVDP,2
Q08AD1,SYVDGFIG,2
Q08AF3,CVVDAGKV,1
Q08J23,DAEDGAEG,2
Q08J23,LEVDGQKV,2
Q08J23,SKKDGVCG,2
Q08J23,YEPDSANP,2
Q09666,DAPDVDVH,1
Q09666,DTPDINIE,1
Q09666,DVPDVEVQ,1
Q09666,DVPDVNLE,1
Q09666,DVPDVNVQ,1
Q09666,EAPDVSLE,1
Q09666,EVPDVNIE,1
Q09666,PDVDVHGP,1
Q09666,SAPDISLG,0
Q09666,SMPDIDLN,0
Q09666,SMPDVGLN,1
Q0VF96,DELDSAKR,1
Q0VF96,DLQDQLSE,0
Q0ZGT2,DDVDVRPA,1
Q10567,DLFDLTSG,0
Q12772,DEPDSPPV,1
Q12789,AEEDSQGK,1
Q12789,IVVDSSMV,1
Q12802,DGPDGNSN,2
Q12802,EEMDSITE,1
Q12802,ERVDSLVS,1
Q12802,GGFDSHQM,1
Q12802,IEQDVVGP,1
Q12802,LALDSVLT,1
Q12802,PETDGQFL,2
Q12802,SSLDGNKP,2
Q12872,APTDSAPE,1
Q12873,EEVDGYET,2
Q12873,LPYDQSTW,0
Q12874,DDKDGLRK,2
Q12888,CEEDGDAG,2
Q12888,DGLDASSP,1
Q12888,ERGDGNSG,1
Q12888,LEDDSGSH,1
Q12888,SDVDANTA,1
Q12888,VEQDSSQP,1
Q12888,VSSDGCST,2
Q12905,STWDGVIV,2
Q12906,VEVDGNSF,2
Q12906,VMPDGSGI,2
Q12912,ASGDSVVS,1
Q12912,SSTDGTIT,1
Q12959,QPVDNHVS,0
Q12959,YEVDGRDY,2
Q12959,YMNDGYAP,1
Q12968,DDVDSELN,1
Q12972,TELDNLTE,0
Q12982,DDLDESGE,0
Q12982,DPSDGSVL,2
Q12982,IDLDGLDT,0
Q12996,DEVDRKPE,0
Q13009,DETDHSSK,0
Q13009,IDSDAVSA,1
Q13023,NAVDGSPS,2
Q13043,DEMDSGTM,1
Q13043,LDEDSLTK,1
Q13043,TMTDGANT,2
Q13057,VERDGLSE,2
Q13077,LEVDCYRA,0
Q13085,TEEDGVHS,2
Q13098,NAPDAIPE,1
Q13099,LENDAAFQ,1
Q13111,DEDDGFFV,2
Q13111,EQPDSLVD,1
Q13111,PEEDSVLS,1
Q13114,EEADSMKS,1
Q13114,ESVDKSAG,0
Q13123,DIGDYVPS,0
Q13123,ERRDGVNK,2
Q13136,SETDNSSQ,1
Q13136,TLTDGVLD,2
Q13148,DETDASSA,1
Q13148,DVMDVFIP,1
Q13148,HMIDGRWC,2
Q13151,EEADAAMA,1
Q13151,HAVDGNTV,2
Q13153,VGFDAVTG,1
Q13177,PEKDGFPS,2
Q13177,SHVDGAAK,1
Q13177,VGFDAVTG,1
Q13188,DELDSHTM,1
Q13188,LSEDSLTK,1
Q13206,DDDDGFDP,2
Q13233,DTLDGQQD,2
Q13233,GVEDTLDG,1
Q13242,GWADERGG,0
Q13242,VQKDGVGM,2
Q13243,DADDAVYE,1
Q13263,AAGDGTVV,2
Q13263,DAQDANQC,1
Q13263,DGADSTGV,1
Q13263,KEEDGSLS,2
Q13263,LATDSTFS,1
Q13263,LSLDGADS,2
Q13263,SCEDNAPA,0
Q13263,SSGDGGAA,2
Q13315,DIVDGMGI,2
Q13315,DYPDSSVS,1
Q13342,DTVDIANN,0
Q13342,EMCDGEEP,2
Q13362,MVVDAANS,1
Q13367,TLTDSTLV,1
Q13370,DTADFLNK,0
Q13402,EDLDAALP,1
Q13422,SAQDSAVE,1
Q13426,DVTDIAPS,0
Q13428,DDPDGKQE,2
Q13428,DSSDGEVP,2
Q13428,DSSDSSSG,1
Q13428,ESSDSADS,1
Q13428,SGVDSAVG,1
Q13432,SEPDAGPG,1
Q13435,ARPDVVEM,1
Q13435,DFSDMVAE,1
Q13435,EAMDGSET,2
Q13435,METDARSS,1
Q13435,TEEDTVSV,1
Q13438,EAADSASG,2
Q13439,DQTDKMKQ,0
Q13439,LDLDSSTA,1
Q13439,MNVDVLKP,0
Q13442,EEIDAQLQ,1
Q13451,DCRDVAFT,1
Q13459,VCVDSLTS,1
Q13464,DETDGNLP,2
Q13464,DLSDSTSV,1
Q13469,DELDFSIL,0
Q13469,DVLDYGLK,0
Q13490,ENADPPII,2
Q13492,ATVDAVDD,1
Q13492,AVDDAIPS,1
Q13492,SLLDALEQ,1
Q13509,ELVDSVLD,1
Q13541,VLGDGVQL,2
Q13542,AISDAAQL,1
Q13546,LQLDCVAV,0
Q13546,SLLDSTNT,1
Q13547,HHGDGVEE,2
Q13547,IPEDAIPE,1
Q13555,NATDGIKG,2
Q13573,DDPDLQRP,0
Q13586,THSDSESS,1
Q13596,LFADATVE,1
Q13601,TVPDGWKE,2
Q13614,VSSDSIST,1
Q13615,VEFDSSLS,1
Q13620,SATDGNTS,2
Q13765,EEQDSTQA,1
Q13813,DETDSKTA,1
Q13813,DKGDSLDS,1
Q13813,DSLDSVEA,1
Q13885,ELVDSVLD,1
Q14004,VSNDGLGS,2
Q14005,SSTDSAAS,1
Q14008,DEPDDGSN,0
Q14008,IENDNGTV,0
Q14103,AKIDASKN,1
Q14116,DCRDNAPR,0
Q14116,DMTDSDCR,1
Q14126,ISVDSVTS,1
Q14139,DEFDYSVA,0
Q14141,VGFDSLPD,1
Q14145,TFLDSVEC,1
Q14146,CPDDVGYL,1
Q14146,HCRDGGAD,2
Q14149,TETDAVFL,1
Q14149,VQCDACLK,1
Q14149,VRNDAVIL,1
Q14151,DGTDGLLD,1
Q14151,DHRDGQHY,2
Q14151,DLFDSAHP,1
Q14151,DSRDGWGG,2
Q14151,FDFDACNE,1
Q14151,HAVDGEGF,2
Q14153,EESDSCAL,2
Q14157,MENDSSNL,1
Q14157,NPSDSAVH,1
Q14157,TGRDGSLA,2
Q14160,ASTDAALE,1
Q14160,CQPDSGSP,2
Q14160,LALDGETL,2
Q14160,MQPDGEGP,2
Q14161,DQPDYDSV,0
Q14161,PDYDSVAS,1
Q14161,VCADCSGP,0
Q14166,VTRDFAYG,0
Q14202,EVVDSTES,1
Q14202,TLGDGINS,2
Q14203,DTADAIEM,1
Q14203,ETMDALQA,1
Q14204,TRTDSTSD,1
Q14204,VLFDAADA,1
Q14207,AEIDASNI,1
Q14207,LCFDSTTA,1
Q14240,MDPDGVIE,2
Q14257,KNGDGFVS,2
Q14258,LQADLARE,0
Q14289,IESDIYAE,0
Q14318,EVLDGVED,2
Q14320,AHYDAVEA,1
Q14444,DQLDAVSK,1
Q14444,GGYDGYRP,2
Q14444,YQRDGYQQ,2
Q14457,EASDGGTM,2
Q14493,SRCDGDAS,2
Q14494,SALDSADL,1
Q14498,ERTDASSA,1
Q14511,DDYDYVHL,0
Q14511,DLVDGINR,2
Q14515,DEFDQGNQ,0
Q14558,TELDMDDG,1
Q14562,AEMDSIPM,1
Q14566,MLADNGVC,0
Q14566,SGVDGYET,2
Q14657,GGVDTAAA,1
Q14676,EEVDFLSE,1
Q14676,TERDSDTD,1
Q14677,VSSDSVGG,1
Q14683,DLKDAQAE,1
Q14684,SRKDGLSD,2
Q14686,SKKDGQPS,2
Q14690,VGLDSLTP,1
Q14692,DDKDAAKV,1
Q14692,SEDDGLEN,2
Q14693,SQLDSLKR,1
Q14694,LALDGSSN,2
Q14694,LENDGVSG,2
Q14694,NSTDSVSD,0
Q14697,AEGDGAQP,2
Q14761,HVADGGLQ,2
Q14761,TDYDHVAD,0
Q14789,DVTDAQIK,1
Q14789,EEQDSLSM,1
Q14789,SEKDSLSE,1
Q14790,LEMDLSSP,0
Q14790,REQDSESQ,1
Q14790,TISDSPRE,1
Q14790,VETDSEEQ,1
Q14814,DHLDLNNA,0
Q14814,LTEDHLDL,0
Q14839,EATDGGGD,2
Q14839,EYLDATGG,1
Q14839,NQSDYSVA,0
Q14839,TAVDGYET,2
Q14839,TFADGVPR,2
Q14839,VESDFDDA,0
Q14847,DSQDGSSY,1
Q14980,DSLDLSCE,0
Q14980,EEPDSANS,1
Q14980,LSIDSLDL,1
Q14980,TQPDGTSV,2
Q14BN4,DTTDAQMD,1
Q14C86,CSADSVAF,1
Q14C86,DHTDPEDN,2
Q14C86,DILDKYRN,0
Q14C86,DLPDSASQ,1
Q14CW9,LQWDGSSD,2
Q15003,DEPDHTAV,0
Q15003,DFPDGSLG,2
Q15003,DLDDLFVG,0
Q15003,HVADGSAT,2
Q15003,VRVDAVHA,1
Q15032,INPDGSPV,2
Q15042,PDIDALVG,1
Q15043,SELDGKAP,2
Q15046,HTTDNGVG,0
Q15046,VKVDGSEP,2
Q15052,TRKDSIPQ,1
Q15054,TYLDGEGC,0
Q15056,DEVDSLKE,1
Q15056,LTYDGALL,2
Q15075,AKPDGLVT,2
Q15075,LVTDSSAE,1
Q15139,CQNDSGEM,1
Q15149,DALDGPAA,2
Q15149,ILRDKDNT,0
Q15149,RDKDNTQR,0
Q15154,EDGDGAGA,2
Q15154,PTVDSTQQ,1
Q15154,SEEDGRGE,2
Q15181,DDPDAANY,1
Q15181,GETDWKVI,0
Q15181,TDVDKWFH,0
Q15181,VPTDVDKW,1
Q15185,PEVDGADD,2
Q15233,MMPDGTLG,2
Q15276,DESDFGPL,0
Q15276,HSLDAGLL,1
Q15276,VGADSVSE,1
Q15283,VIEDSVTT,1
Q15306,SWRDYVPD,0
Q15327,DFRDGEYE,2
Q15334,EHADSLAQ,1
Q15361,TLFDSVEG,1
Q15361,VEGDGAMM,2
Q15365,AGIDSSSP,1
Q15365,ASLDASTQ,1
Q15365,PPLDAYSI,1
Q15365,RCSDAAGY,1
Q15365,SPLDLAKL,0
Q15366,TGSDSASF,1
Q15366,WGLDASAQ,1
Q15424,DLFDSAHP,1
Q15424,DSRDGWGG,2
Q15424,FDFDACNE,1
Q15424,SVADCVED,0
Q15427,RNQDATVY,1
Q15459,KTEDSLMP,1
Q15459,SKEDSAPS,1
Q15459,VTWDGHSG,2
Q15477,EEPDMTGQ,1
Q15542,GEVDSAGA,2
Q15544,TDTDGIPE,2
Q15545,STVDGDLY,2
Q15633,DARDGNEV,2
Q15637,DQNDLRKM,0
Q15637,PPMDQYLG,0
Q15648,SSDDGIRP,2
Q15650,DESDYFAS,0
Q15650,TEPDTTAE,1
Q15653,EAPDTYLA,1
Q15691,KFFDANYD,1
Q15750,TSLDAVAQ,1
Q15751,ASPDSIQT,1
Q15796,LTVDGFTD,2
Q15797,MTQDGSQP,2
Q15813,IGFDSIMK,1
Q15814,TKVDAAPG,1
Q15836,DRADALQA,1
Q15907,NVVDISVP,0
Q15942,LEIDSLSS,1
Q16181,DAVDNSNC,0
Q16181,DYIDSKFE,1
Q16204,SDTDGAGG,2
Q16236,EELDSAPG,1
Q16236,TEVDNYHF,0
Q16512,ATHDGPQS,1
Q16512,DFLDNERH,0
Q16512,LGTDSDSS,1
Q16512,TDSDSSPQ,2
Q16513,DEVDSLMC,1
Q16513,DITDCPRT,0
Q16543,SVWDHIEV,0
Q16566,PAPDAPLK,1
Q16566,YWIDGSNR,2
Q16576,SHCDSDKG,1
Q16625,ERVDSPMA,1
Q16630,DQIDLYDD,0
Q16630,DYMDTLPP,1
Q16643,EDIDAGAI,2
Q16643,IETDTATA,1
Q16643,PEIDITCW,0
Q16643,QKTDAAVE,1
Q16643,SLIDLWPG,0
Q16643,SPSDSSTA,1
Q16643,VGEDVPDA,1
Q16667,SEFDSSDE,1
Q16829,TESDGSPV,2
Q16829,TNVDSSSS,1
Q16891,RELDSITP,1
Q1KMD3,AEPDASEK,1
Q1KMD3,DYMDEVTY,0
Q1KMD3,VEGDDVPE,0
Q1MSJ5,INTDDESS,0
Q1MSJ5,LDIDSSRP,0
Q27J81,AEADSTSE,1
Q27J81,DEEDTAPE,1
Q27J81,DLVDAVTP,1
Q2KHR3,IELDGLPS,2
Q2NKX8,DEDDSFKD,1
Q2NKX8,TLQDGKGT,2
Q2NL68,TSSDGLSP,2
Q2NL82,CATDAVDD,1
Q2TAL8,LTVDSAHL,1
Q2TAZ0,CLRDGLPE,2
Q2TB10,ITPDIATK,0
Q2VPK5,DAADSATA,1
Q2VPK5,LDVDAADS,1
Q32MZ4,SDLDGGNH,2
Q32MZ4,TVKDCVDI,0
Q32MZ4,VLADGDTL,2
Q32P28,VVMDGVIS,2
Q3B7T1,DFIDSVGN,1
Q3KQU3,TPTDAAVL,1
Q3KQV9,CQVDGVPQ,2
Q3LXA3,EAPDSTAA,1
Q3SXY8,AELDGTSG,2
Q3SXY8,DETDRPSL,0
Q3T8J9,VCMDSFQP,1
Q3T8J9,YEFDGFEE,2
Q3V6T2,DSQDSSSV,1
Q49A26,QAADSTAV,1
Q49AR2,TNCDSSSE,1
Q49MG5,MAPDGCED,2
Q4AC94,HELDSMDC,1
Q4ADV7,VQPDAFQP,1
Q4G0J3,METDSGVP,0
Q4LE39,IEVDSVAG,1
Q4V328,DTVDGQRI,2
Q4V328,EERDCHLK,0
Q4V339,EKPDGLIN,2
Q504Q3,SEFDSFSQ,1
Q53EL6,TYIDSYKG,1
Q53EP0,ESPDSSGA,1
Q53ET0,TSSDSALH,1
Q53F19,VELDTLSQ,1
Q53GL0,VEEDSYLA,1
Q53QZ3,SHYDSDIK,1
Q53RE8,SQPDSAGY,1
Q53SF7,AERDMLPS,1
Q53SF7,SAADSVES,1
Q53TQ3,AQSDGVPV,2
Q562R1,ELPDGQVI,2
Q562R1,GQKDCYVG,1
Q56P03,DEVDVLLH,1
Q58A45,TEVDSYHS,1
Q58WW2,STRDSALQ,1
Q5BJE1,HKTDEMED,0
Q5BKZ1,RSMDSYLN,1
Q5H9R7,DEIDFKET,0
Q5H9R7,EEEDGAKQ,2
Q5H9R7,TSQDAACK,1
Q5JPH6,VVDDHHMG,0
Q5JRA6,DEIDLPRE,0
Q5JRA6,DQTDSTGG,1
Q5JRA6,DSLDEEFF,0
Q5JRA6,EESDSVFS,1
Q5JSH3,DSLDSKGK,1
Q5JSJ4,NQVDSLSD,1
Q5JSZ5,IHVDSVLP,1
Q5JSZ5,LYLDGHVF,2
Q5JSZ5,SQVDGGLS,2
Q5JTH9,EEADGNKM,2
Q5JTH9,LEIDGSEE,2
Q5JTH9,LTVDAVKL,1
Q5JTV8,DDQDSSHS,1
Q5JTV8,MQNDSILK,1
Q5JTY5,EKPDGLIN,2
Q5JVF3,DSRDGASC,2
Q5M775,EGTDALGP,1
Q5M775,PNVDGTSV,2
Q5PRF9,TAKDGAPG,2
Q5SW79,GEIDSVTS,1
Q5SW79,SDVDTAST,1
Q5SXM2,AEADGSVA,1
Q5SY16,AFADALEF,1
Q5T0F9,VEEDAVAA,1
Q5T1M5,SSRDSAAP,1
Q5T1V6,VPVDAVAT,1
Q5T200,INYDYVHE,0
Q5T200,TSRDSLAL,1
Q5T3J3,SSVDATTV,1
Q5T3U5,QESDSATA,1
Q5T447,ETTDALPE,1
Q5T4S7,GDSDSAAP,1
Q5T4S7,SAVDSVAG,1
Q5T4S7,TEEDSSQD,1
Q5T4S7,TMIDAVKI,1
Q5T5P2,NHTDSAGT,1
Q5T5U3,DELDNVFF,0
Q5T5U3,VRTDSAPD,1
Q5T5X7,DCYDSSSL,1
Q5T5X7,HSVDSVLT,1
Q5T5Y3,AEHDFMGE,0
Q5T5Y3,VSLDGSAD,1
Q5T6F2,ASRDGSLA,2
Q5T6F2,DYSDSTST,1
Q5T6F2,TTEDWTED,0
Q5T8I9,SVVDGNFE,2
Q5T8P6,DQVDHNSY,0
Q5T8P6,YDTDGYNP,2
Q5TAP6,MNVDGPNP,2
Q5TAX3,NELDFADH,0
Q5TAX3,TCTDNTGD,0
Q5TB80,DSLDSVAE,1
Q5TH69,LESDSASP,1
Q5THJ4,LESDSVGT,1
Q5TZA2,DKTDGAMQ,2
Q5U5Q3,AELDGDLL,2
Q5UIP0,GELDGGND,2
Q5UIP0,TGHDGETE,2
Q5UIP0,TINDSLIV,1
Q5VSL9,DNLDAFNE,1
Q5VT06,LQLDSTAH,1
Q5VT06,SSIDSVSE,1
Q5VT06,SVKDFEQT,0
Q5VT25,RTVDSTPL,1
Q5VTB9,TEADVIPC,1
Q5VWN6,VEVDSSSA,1
Q5VYS8,EHTDSAAG,0
Q5VYS8,NEQDGDLE,2
Q5VYV7,TSSDSVIA,1
Q5VZL5,TQTDALKL,1
Q5W0B1,DFCDSSNV,1
Q5W0B1,SELDSMMS,1
Q63HN8,ICIDCHAP,0
Q63HN8,MAVDAVAE,1
Q63HN8,VTMDGVRE,2
Q641Q2,DGCDLFAD,0
Q641Q2,DSGDIFST,0
Q659A1,SEMDMSCE,1
Q66GS9,TEIDQLAQ,0
Q66GS9,VALDGGRS,2
Q66K74,DRVDAVLV,1
Q66PJ3,EEEDGPVL,2
Q68CP9,SVPDVSPA,1
Q68CP9,VRVDSVPD,1
Q68CZ2,HSVDSLGT,1
Q69YH5,VSSDAVPD,1
Q69YI7,TEEDGAGG,2
Q6AI08,AEKDGVSS,0
Q6AWC2,IDLDAVSA,1
Q6DCA0,QHVDSSSG,2
Q6DD87,VAADGEIA,2
Q6DD88,TVRDAVVG,1
Q6DKK2,QGADGAAA,2
Q6DN90,DFADAITE,1
Q6FI81,DLIDSDEL,1
Q6FI81,MEDDSMDL,1
Q6FIF0,SQLDSTSV,1
Q6FIF0,SVSDTAQQ,1
Q6GYQ0,TVKDGLSL,2
Q6IBW4,ADLDAVPM,1
Q6IBW4,SRKDFRMN,0
Q6ICG6,TEEDSSPA,1
Q6IN85,DMEDGEAV,2
Q6IQ19,DAEDAALP,1
Q6IQ23,AEEDALFM,1
Q6IS14,DDLDFETG,0
Q6IS14,ETGDAGAS,1
Q6JBY9,EEVDGQHP,2
Q6KC79,VELDALAE,1
Q6NUK1,DIGDSLTI,1
Q6NWY9,SSLDSVES,1
Q6NXE6,VSADGSQE,2
Q6NYC8,ATVDAAVP,1
Q6NZY4,DGTDGETE,2
Q6NZY4,MELDSDME,1
Q6P0Q8,KEQDVVTG,1
Q6P1L5,DIPDGHRA,2
Q6P1L5,DPRDKENG,0
Q6P1N0,LSPDGLMI,2
Q6P1X6,CSGDGGVS,2
Q6P2E9,CSGDSTSA,2
Q6P2E9,DSQDASAE,1
Q6P2E9,EENDSLGA,1
Q6P2E9,LGADGTHG,2
Q6P2E9,LGLDGGPG,2
Q6P2E9,LQLDGSLT,2
Q6P4F7,LGIDGLCA,2
Q6P4F7,VSCDGALS,1
Q6P4R8,DSLDHMLT,0
Q6P996,DNVDAAEL,1
Q6PCB5,ASLDSVFS,1
Q6PCB5,TSSDSTSS,1
Q6PD62,SENDSRPA,1
Q6PD74,AQVDSIVD,1
Q6PEY2,IQPDGQMP,2
Q6PH85,EATDSFFQ,0
Q6PIF6,EDVDGLAE,2
Q6PIJ6,VQEDGEVV,2
Q6PIZ9,TLVDSFSP,1
Q6PJT7,VTLDGVPS,2
Q6PKG0,DFGDAINW,1
Q6PKG0,EELDFLFD,0
Q6PKG0,LQIDMKPE,1
Q6PKG0,SQTDFSQL,0
Q6QNY0,AETDSEPE,1
Q6RI45,DYVDGDHD,2
Q6S8J3,ELPDGQVI,2
Q6S8J3,LVIDNGSG,0
Q6SZW1,CLVDASDT,1
Q6UB98,TEKDSLIC,1
Q6UB98,VYSDSTIQ,1
Q6ULP2,DDLDNVAD,1
Q6ULP2,TSIDGMER,2
Q6ULP2,YNLDSVPS,1
Q6UN15,VDLDSFED,1
Q6UUV9,TNSDSALH,1
Q6UWE0,LEQDGIEN,2
Q6UWI4,VQHDSVPM,1
Q6UXH1,EECDSSCV,1
Q6UXV4,FGKDAYVY,1
Q6VMQ6,ENTDSMET,1
Q6WKZ4,LSSDGAVS,2
Q6Y7W6,YLQDSALD,1
Q6ZN04,ASTDSYFG,1
Q6ZN18,DSEDSISS,1
Q6ZNE5,DLVDSVDD,1
Q6ZNE5,SESDSAMT,0
Q6ZRI6,AEPDSAPA,1
Q6ZRI6,TEPDSATA,1
Q6ZRS2,NENDGFPA,2
Q6ZUJ8,SGCDSVTD,1
Q6ZUT1,ITADSSSE,1
Q6ZVH7,LQLDGLPS,2
Q6ZVM7,ADLDALSP,1
Q709C8,DVHDSKNT,1
Q709C8,DWTDSKLS,1
Q70CQ2,HTVDSCIS,1
Q70CQ2,INIDSTWQ,1
Q70EL1,LEVDSTAS,1
Q712K3,AEKDGVKV,2
Q71RC2,ESTDGMIL,2
Q71RC2,VQKDGLNQ,1
Q71U36,IQPDGQMP,2
Q71U36,VGVDSVEG,1
Q76FK4,ANLDGHPE,2
Q76I76,LEFDHLPD,0
Q76N32,VDLDSFSV,1
Q7KZ85,DSTDSYIE,1
Q7KZF4,HFVDSHHQ,1
Q7L014,DDEDAAVD,1
Q7L014,EEVDLQTA,0
Q7L014,ERQDGGQN,2
Q7L014,ESQDVMQQ,1
Q7L099,TEGDGQIT,2
Q7L2E3,DVTDFLSM,0
Q7L2H7,LEPDKQEA,0
Q7L4P6,VEEDGEVK,2
Q7L5N1,MEVDAAVV,1
Q7LDG7,IDIDSVPT,1
Q7RTS1,GTPDGSLP,2
Q7RTV0,VICDSYVR,1
Q7Z2E3,IERDAAQE,1
Q7Z2E3,TSIDSVVI,1
Q7Z2K8,ESMDSAST,1
Q7Z2T5,SALDSAPT,1
Q7Z2W4,LVNDSLSD,1
Q7Z2W4,NNADGVAT,2
Q7Z2Z1,FQTDGVPW,1
Q7Z2Z2,ELQDGCSE,2
Q7Z333,VEEDSVSR,1
Q7Z3J3,DVADAASE,1
Q7Z3K3,VIEDSVVE,1
Q7Z3T8,AELDAFLT,1
Q7Z3T8,EEVDVAVI,1
Q7Z3T8,SSVDGGTS,2
Q7Z417,NRVDGSKP,2
Q7Z417,SGTDSVLQ,1
Q7Z422,IQDDSLPA,1
Q7Z434,ADPDGGPR,2
Q7Z434,SQVDSPFS,1
Q7Z460,DDEDSVDG,1
Q7Z460,VSRDGGAA,2
Q7Z4H7,ELIDSLGS,1
Q7Z4S6,DESDSESD,1
Q7Z4S6,DNTDTDQE,1
Q7Z4V5,ADSDGAKP,2
Q7Z4V5,DIADGAVK,2
Q7Z591,EEPDGTLG,2
Q7Z591,LEVDGVAA,2
Q7Z5J4,YCCDGRED,2
Q7Z5L9,SLPDSSLA,1
Q7Z5R6,QDLDALMA,1
Q7Z5W3,TELDGGSV,2
Q7Z6B0,THLDISLF,0
Q7Z6E9,ESLDTAAV,1
Q7Z6E9,IMTDAVVI,1
Q7Z6E9,NKTDSLFV,1
Q7Z6E9,SRDDATPV,1
Q7Z6E9,TLVDYTST,0
Q7Z6E9,VSPDALIA,1
Q7Z6I6,AQEDQVAE,0
Q7Z6I6,CSLDSAGP,1
Q7Z6I6,LENDSIEA,1
Q7Z6I6,LEVDCAKE,0
Q7Z6I6,PSPDGCLC,2
Q7Z6I8,DQFDIYSS,0
Q7Z6J0,SSLDSAVP,1
Q7Z6K3,MEVDGLND,2
Q7Z6L1,SDTDASSE,1
Q7Z6Z7,AEADAIIQ,1
Q7Z6Z7,DMEDSVLA,1
Q7Z6Z7,DYPDMNAS,1
Q7Z6Z7,FAADGAST,2
Q7Z6Z7,LERDGGSG,2
Q7Z6Z7,LSPDGLPE,2
Q7Z6Z7,STRDSAVA,1
Q7Z739,AITDGQAG,2
Q7Z7A1,DFIDGNVE,2
Q7Z7A1,DIVDEIEC,0
Q7Z7A1,HVVDGLVR,2
Q7Z7B0,VQTDAVSG,1
Q86TB9,EEIDQFND,0
Q86TI0,VDLDSSLS,1
Q86TI2,DRGDAAAT,1
Q86TL0,DEVDKFKA,0
Q86U42,DPGDGAIE,2
Q86U42,VEGDPGDG,2
Q86U86,DFDDGHHS,2
Q86UE4,SRHDGKEV,2
Q86UE8,YGLDGSAA,2
Q86UL8,SLDDGLAP,0
Q86UP2,DNADSSPV,1
Q86UP2,VEDDQVAP,0
Q86UR5,DFLDGLGP,2
Q86UX7,DDLDVALS,1
Q86UX7,DVLDSLTT,1
Q86V81,DLFDSGFG,1
Q86VB7,DSYDAAVA,1
Q86VM9,DLRDEASS,0
Q86VM9,DVRDTVLE,2
Q86VP1,DGADGAFY,2
Q86VP1,SRPDGLED,2
Q86VQ1,SSLDTITG,1
Q86VR2,EDLDGHSD,2
Q86VS8,NQSDSIED,1
Q86VX9,ECLDGTLT,2
Q86W56,DEIDVVPE,1
Q86WB0,TDLDASFG,1
Q86WB0,TEPDASAP,1
Q86X53,DGVDTIEE,1
Q86X95,VPTDGSGP,2
Q86XL3,VEFDKLNL,0
Q86XP1,SQTDSVPG,1
Q86XP1,VEEDAVES,1
Q86XZ4,ESVDSLSE,1
Q86Y82,DLIDSIEA,1
Q86YI8,IDSDGWDA,2
Q86YS7,LCSDSLPS,1
Q86YV0,SEFDSEHN,1
Q8IUD2,TNTDTALT,1
Q8IUF1,EKPDGLIN,2
Q8IUI8,DRRDSIGV,1
Q8IUX7,DDMDYYFG,0
Q8IV04,LQDDSSSL,1
Q8IVD9,IEIDSTTE,1
Q8IVD9,TELDGHQE,2
Q8IVH2,SFPDGLVH,2
Q8IW35,ARVDAALP,1
Q8IW35,LEDDGVAD,2
Q8IW35,TLSDGASV,2
Q8IWB9,SEGDGYGS,2
Q8IWB9,VLADGLSV,2
Q8IWC1,MSMDASPE,1
Q8IWI9,DSKDSVGD,1
Q8IWI9,GESDSISP,1
Q8IWI9,HAVDGTTE,2
Q8IWI9,MDTDSALS,1
Q8IWR0,DLLDSAPE,1
Q8IWU2,ISPDAVTV,1
Q8IWU2,SYRDSAYF,1
Q8IWU2,TESDSVLA,1
Q8IWV8,LELDASTS,1
Q8IWX8,NQPDAAWN,2
Q8IX01,DDEDGGEE,2
Q8IX01,TPADGLPG,2
Q8IX03,ASTDAVSA,1
Q8IX21,DETDGSSA,0
Q8IXH7,DEADGGQQ,2
Q8IXQ4,DDDDGFFG,2
Q8IXS8,LSVDSVEL,1
Q8IXW5,NEQDFVSS,0
Q8IXX5,TVADYANS,0
Q8IY17,AERDGFQD,2
Q8IY18,DEIDALLT,1
Q8IY37,DLGDGGQD,2
Q8IY81,DEEDSTAG,1
Q8IY81,EEKDGISD,2
Q8IY81,SAADTFLS,1
Q8IY81,SDDDGFEI,2
Q8IYD1,DQVDMESP,1
Q8IYD1,PSGDGVSS,2
Q8IYD1,TETDFVAP,0
Q8IYW5,VRKDSVSK,1
Q8IZ21,ENSDSFSE,2
Q8IZ21,MVLDSVEA,1
Q8IZ40,AEQDGAPG,2
Q8IZ73,GLTDSTAP,1
Q8IZ73,QELDTIAL,1
Q8IZ73,VETDVMNQ,1
Q8IZW8,DSTDSPAS,1
Q8N0X7,FLVDGVCT,2
Q8N108,PSADMLVH,1
Q8N111,SSPDATPE,1
Q8N163,AAPDAGAE,1
Q8N163,EGLDGGLP,2
Q8N163,LKEDGLLP,2
Q8N163,QAPDALEQ,1
Q8N163,TDTDLPEA,0
Q8N1F7,DALDFTQE,0
Q8N1F8,DLSDSLSS,1
Q8N1G0,EEPDSTTP,1
Q8N1G4,TEADAVSG,1
Q8N2F6,DLTDGSYD,2
Q8N302,DKKDESFV,0
Q8N302,DTCDGCEP,2
Q8N302,VENDAYPG,1
Q8N3D4,DRADGAAP,2
Q8N3D4,TAADSQQP,1
Q8N3P4,DTIDSHSY,1
Q8N3X1,AEIDAITA,1
Q8N3X1,EEGDGSVS,2
Q8N3X1,SSVDSTIS,1
Q8N3X6,QQGDGVLD,2
Q8N4C8,ERSDSVLP,1
Q8N4C8,GDTDSVST,1
Q8N4C8,SKPDSSPV,1
Q8N4X5,SCPDAVVA,1
Q8N4X5,SSVDGHPE,2
Q8N573,TSADGHIE,2
Q8N5A5,VEGDGILP,1
Q8N5H7,TMTDGLTA,2
Q8N5S9,EEADGGPE,2
Q8N5W9,LEPDAAAA,1
Q8N684,DLIDIYAD,0
Q8N684,DQIDLYDD,0
Q8N684,DSADGRAT,2
Q8N684,GSRDSGPP,1
Q8N684,LYDDVLTA,1
Q8N6M0,NKIDSVAV,1
Q8N6S5,TQGDSWGE,1
Q8N6Y1,NQSDIFVI,0
Q8N7H5,EEMDYAPD,0
Q8N806,DEYDTVLA,1
Q8N806,EHQDSTLK,1
Q8N8A6,PGPDAAAA,1
Q8N999,EKVDGTCC,2
Q8N9B5,DHCDSLPS,1
Q8N9N2,DEEDFYQG,0
Q8N9T8,EEPDSASV,1
Q8NAN2,ASTDSFAS,1
Q8NAV1,TVKDAHSI,1
Q8NBA8,DSADGLWE,2
Q8NBU5,QETDGFSG,2
Q8NC51,DGFDSRGK,1
Q8NC51,HAEDSVMD,1
Q8NC51,SDLDQSNV,0
Q8NCA5,GWTDGGSG,2
Q8NCB2,PATDGSIT,2
Q8NCB2,PATDGSVT,2
Q8NCD3,DRTDGSVQ,2
Q8NCF5,VSVDLVTD,0
Q8NCG7,TELDGGDQ,2
Q8NCJ5,MMVDSYED,1
Q8NCN2,GDVDSVTV,1
Q8NCP5,TSRDGSIS,2
Q8ND04,QSTDSLGT,1
Q8ND25,SLADALPL,1
Q8ND30,DLSDGTCE,2
Q8NDC0,SLADALPE,1
Q8NDI1,DDPDAAEL,1
Q8NDI1,LYADSSKT,1
Q8NDT2,FALDAAAA,1
Q8NDV7,TTVDSISV,1
Q8NDX1,NCLDAAAD,1
Q8NDX1,VHQDGLEP,0
Q8NDX1,VQPDIHLT,0
Q8NE71,AENDFSVS,0
Q8NE71,ESIDALGE,1
Q8NEB9,AEIDSSQI,1
Q8NEF9,SEKDSVVS,1
Q8NEZ2,EESDNIAE,0
Q8NEZ4,DTPDSFVP,1
Q8NEZ4,EQLDGILS,2
Q8NEZ4,TQTDLFVT,0
Q8NF50,DEEDAVEI,1
Q8NF91,ASVDSIPL,1
Q8NFA0,KKVDAQSS,1
Q8NFC6,EECDGLMA,2
Q8NFC6,EEVDGSQG,2
Q8NFC6,SEVDTSAG,1
Q8NFC6,TNLDSSPS,1
Q8NFC6,VESDGAVT,2
Q8NFD5,PQQDMSQE,1
Q8NFD5,TESDEKSS,0
Q8NFH3,LDSDGGFE,2
Q8NFZ5,EHTDGHTS,2
Q8NHP6,IESDGKET,2
Q8NHV4,DGFDFLPQ,0
Q8NI22,KNNDGYID,2
Q8NI27,TVKDSLIE,1
Q8TAK5,AEVDAVVV,1
Q8TAK5,TVQDGQQV,2
Q8TAP6,FVTDSVEQ,1
Q8TAP9,SPRDGYGS,2
Q8TAQ2,EKSDGDPI,2
Q8TB03,DQRDGCEC,2
Q8TBA6,EGLDSSTA,1
Q8TBB5,VAEDGTVV,2
Q8TBC4,MAVDGGCG,2
Q8TBF4,PALDSLSQ,1
Q8TC07,AEWDMVNT,1
Q8TCG2,ASADGGSP,1
Q8TCG2,EEEDGERE,2
Q8TCU4,ALLDSHLP,1
Q8TCU4,DLADSHLP,1
Q8TCU4,GLPDSHLT,1
Q8TCU4,ITLDGLNE,2
Q8TCU6,DQADSAFP,1
Q8TD16,FSDDAAEP,1
Q8TD16,VSLDGLKF,2
Q8TD26,DKVDGLQK,2
Q8TD55,DVPDSGPP,1
Q8TDB6,QERDSCIS,1
Q8TDD1,DSEDGEFE,2
Q8TDG4,SEVDMFGD,1
Q8TDI0,DDGDGYET,2
Q8TDJ6,EEDDAVGL,1
Q8TDJ6,TEIDSIPP,1
Q8TEK3,TALDALHA,0
Q8TEQ0,WSVDGEVT,2
Q8TEQ6,QQLDTAST,1
Q8TEU7,CSVDSMSA,1
Q8TEW8,EYTDGGIL,2
Q8TEW8,SGVDSAVY,1
Q8TF05,TSQDSALL,1
Q8TF50,VGDDAVGG,1
Q8WU90,DEVDDSVS,0
Q8WU90,EVDDSVSV,1
Q8WU90,VYIDARDE,1
Q8WUA2,DLPDADIK,1
Q8WUA2,DYLDGVHT,2
Q8WUA4,EEVDGAPR,2
Q8WUD4,EEVDLANL,0
Q8WUF5,SSLDGLGG,2
Q8WUI4,LETDGGGP,2
Q8WUI4,VVDDGLEH,2
Q8WV07,DIFDAIVM,1
Q8WV28,DEADYVVP,0
Q8WVB6,PQVDGSPP,2
Q8WVD3,TEDDFYCP,0
Q8WW33,TYTDSLDP,1
Q8WW35,SVGDGVPE,2
Q8WWI1,DNLDSPRS,1
Q8WWI1,PSPDASQL,1
Q8WWM7,KEVDGLLT,2
Q8WWM7,LESDMSNG,1
Q8WWM7,TTYDSSLS,1
Q8WWQ0,DKVDSIQF,1
Q8WWW0,SIYDAIKE,1
Q8WWY3,IEEDAYQE,1
Q8WWY3,TQLDLSGD,0
Q8WX93,LGADSATV,1
Q8WXD2,DDPDGLHQ,2
Q8WXD2,DDYDSTKS,1
Q8WXF1,NMGDAFSP,1
Q8WXG6,TDQDSVIG,1
Q8WXH0,DTLDSSDA,1
Q8WXI9,AMTDAANS,1
Q8WY36,LFLDAIHP,1
Q8WYA6,IDRDGEEE,2
Q8WYP5,TEKDGDKD,2
Q8WYQ5,DEPDSMGA,1
Q8WYQ5,NDVDALLE,1
Q92499,DEADGLLS,2
Q92499,DEFDGKVT,2
Q92499,KGEDSVPD,1
Q92499,SVPDTVHH,1
Q92538,DHSDSASV,1
Q92540,LAADGSPG,2
Q92541,EFHDGYGE,2
Q92547,DVKDALAA,1
Q92551,QMLDGNSG,2
Q92558,DHMDGSYS,2
Q92558,TYVDHMDG,0
Q92569,DMPDGTFL,2
Q92569,DNIDAVGK,1
Q92574,CCNDGCSD,2
Q92574,TEEDGVPS,0
Q92576,EENDFFNS,0
Q92576,EEVDSMSK,1
Q92576,EQNDSISG,1
Q92576,SIADALSS,1
Q92576,VCEDFSAS,0
Q92581,TYGDSTVN,1
Q92597,QDVDLAEV,0
Q92598,VQTDAQQT,2
Q92608,DQPDYAMY,0
Q92613,QENDGYCP,2
Q92614,DRVDGVKS,2
Q92614,VHRDGFSL,2
Q92615,SAADGVSA,2
Q92615,SEYDSLPE,1
Q92619,DGADAVFP,1
Q92619,EDCDAGCL,1
Q92619,VDPDGGAG,2
Q92620,DGEDKKKS,0
Q92620,DQKDAEEE,1
Q92620,TSEDASIH,1
Q92628,IVLDGMEL,2
Q92664,TIADAFIA,1
Q92667,DSVDSCCS,1
Q92673,DCGDSHIL,1
Q92688,AEVDGVDE,2
Q92733,IAPDASFI,1
Q92734,DSSDLSFA,0
Q92734,DTVDGREE,2
Q92766,VDLDSSGE,1
Q92769,HHGDGVEE,2
Q92785,DKEDSQPP,1
Q92785,ISQDGSSL,2
Q92794,EEEDAAAE,1
Q92797,PGIDGMTT,2
Q92804,DQPDYGQQ,0
Q92804,DSYDQQSG,0
Q92804,GQQDSYDQ,1
Q92804,QQHDSYSQ,1
Q92830,LSLDSAGA,1
Q92841,DECDRRLR,0
Q92851,IEADALNP,1
Q92851,SQTDVKTF,0
Q92870,DETDIWSD,0
Q92888,AEVDAEKP,1
Q92888,LSLDSPDR,1
Q92900,GQLDAQVG,1
Q92917,ALADGVVS,2
Q92917,DRQDGPAA,2
Q92917,DSGDGAGP,2
Q92918,DDVDIPTP,0
Q92925,AEGDSAGT,1
Q92934,EQEDSSSA,1
Q92945,AFADAVQR,1
Q92945,EDGDQPES,0
Q92945,IGGDAATT,1
Q92945,IRKDAFAD,1
Q92945,ISPDSGGL,1
Q92945,QLEDGDQP,2
Q92945,SQGDSISS,1
Q92945,STPDFGFG,0
Q92974,AEEDGGSG,2
Q92974,LEPDSGGN,1
Q92993,DSSDGIPS,2
Q92995,ITPDGADV,2
Q92997,TETDSLVS,1
Q93008,SSPDSSNE,1
Q93009,ALSDGHNT,2
Q93052,MLYDMENP,1
Q93063,TAIDGLSL,2
Q93073,EDEDGFQE,2
Q93073,ETSDGLEA,2
Q969E8,AATDGVCP,2
Q969K3,DEDDDDEE,0
Q969S3,LGVDSVDK,1
Q969S3,VDKDAMNA,1
Q969S9,TVTDFMAQ,0
Q969V6,DSSDALSP,1
Q96A33,DFEDEEDI,0
Q96A33,DKPDTSSS,1
Q96A49,DAFDACNL,1
Q96A49,GKIDGIID,2
Q96A49,LEEDSADW,1
Q96AC1,DEVDAALS,1
Q96AE4,DQPDAKKV,1
Q96AE4,HHGDGPGN,2
Q96AE4,IAPDSGGL,1
Q96AE4,PQNDSFGT,1
Q96AG3,DGFDGLGY,2
Q96AQ6,GTMDGEGT,2
Q96AT9,IEVDGGVG,2
Q96B01,TEPDFAPG,0
Q96B01,TSVDSAPA,1
Q96B23,VQKDGVAD,2
Q96B97,DIFDSPSP,1
Q96B97,EGFDSVVS,1
Q96B97,SESDGGDS,2
Q96B97,VENDFLPV,0
Q96BK5,TDLDCIFG,0
Q96BN8,TARDGGKA,2
Q96BR5,LAHDGQVN,2
Q96BU1,DETDSSKD,1
Q96BY6,DSLDNSVT,0
Q96BY6,EETDSSEN,1
Q96BY7,SQNDSANS,1
Q96BY7,TAYDMVSP,1
Q96C57,ASVDSAVA,1
Q96C57,HEQDGNEL,2
Q96C57,TVSDSESS,1
Q96CA5,DHVDGQIL,2
Q96CF2,TQIDGTLS,2
Q96CK0,EELDGSDM,2
Q96CT7,TIEDAIAV,1
Q96D46,IYRDSAIP,1
Q96D71,ADPDTAIV,1
Q96D71,SSSDSFTS,1
Q96D71,TQFDSNIA,1
Q96D71,TVADGYSS,2
Q96D71,VDADGLIT,2
Q96DF8,VGPDGKEL,2
Q96ED9,DTPDSLSP,1
Q96EK9,HTADSVVN,1
Q96EV2,GESDGFFH,2
Q96EY5,LSLDAASQ,2
Q96F24,TDKDAAAH,1
Q96F63,VALDSDTS,1
Q96FS4,CLQDGGSP,2
Q96G21,LEFDDAGG,0
Q96G28,CLTDGSDV,2
Q96G28,DGSDVVSD,1
Q96G46,QTADGQTE,2
Q96GA3,DDYDSAGL,1
Q96GD3,DSMDSASN,1
Q96GM8,VCGDSIKP,1
Q96HA7,DDTDGLTP,2
Q96HN2,SSTDSYSS,1
Q96HN2,VSPDGTVT,2
Q96I24,AKIDSIPH,1
Q96I24,NDIDSNST,2
Q96I24,QERDGFGG,2
Q96I25,TEKDASKK,1
Q96II8,DSTDSITG,2
Q96II8,DYIDSCTA,1
Q96II8,IQRDAVLD,1
Q96IZ0,EEPDGVPE,2
Q96IZ7,IESDSFVQ,1
Q96JH7,ETTDGCVA,2
Q96JH7,LCVDAAGH,1
Q96JH8,VVLDGHLE,2
Q96JM3,LQIDAIDD,1
Q96JN0,SEQDGVLD,2
Q96JP5,EEDDSALP,1
Q96JQ2,DLIDFAST,0
Q96JQ2,EEADGSQS,2
Q96JQ2,EVKDLFVD,0
Q96JZ2,TSLDALVT,1
Q96K76,NERDSSAS,1
Q96K76,TDKDGEQP,2
Q96L73,PELDSVMN,1
Q96LT9,TEVDASNI,1
Q96M86,VGLDPSPD,2
Q96MF2,DDLDFPPG,0
Q96MG2,EELDGGLG,2
Q96MG7,VLRDGFAE,2
Q96MW1,GEGDGGGG,2
Q96MX6,NAIDGIGG,2
Q96N16,METDAVQM,1
Q96N21,DELDSGPS,1
Q96N21,LLTDAVPL,1
Q96N64,GETDGQQS,2
Q96N67,LERDSTEV,1
Q96NL8,DDLDSLIN,1
Q96P50,DELDSLFS,1
Q96P70,EEEDGLAG,2
Q96PN7,DTRDGLGL,2
Q96PN7,NSIDGSNV,2
Q96PU5,DSNDSASQ,1
Q96PU5,SVTDAVAE,1
Q96PU8,ELPDAVGP,1
Q96PY6,VSEDGVSS,2
Q96PZ0,EDNDSGVP,1
Q96PZ0,EEEDGLSE,2
Q96PZ0,LQNDFLSI,0
Q96QB1,SDLDSTGN,1
Q96QC0,ELMDTASL,1
Q96QC0,GALDAKPV,1
Q96QC0,GFLDALNS,1
Q96QV1,EEMDGLSD,2
Q96QZ7,DQTDSSGQ,1
Q96QZ7,FDPDDPNT,0
Q96RD7,DMRDGACS,2
Q96RD7,DVVDGKTP,2
Q96RE7,EEEDGGEE,1
Q96RE7,QESDSVQC,1
Q96RF0,PDLDGSSS,2
Q96RK0,IADDGFGT,2
Q96RK0,TDLDSAPE,1
Q96RR4,LEADGQEV,2
Q96RS0,DEQDCVTQ,0
Q96RS0,TSHDGHQQ,2
Q96RS0,YERDSLLA,1
Q96RU3,ESPDGSYT,2
Q96S44,TPADGEEP,2
Q96S55,WDADAAEA,1
Q96S94,QVLDGTSG,1
Q96SB3,DDEDDEED,0
Q96SB3,DEDDEEDG,0
Q96SB3,DEEDGEPP,2
Q96SB3,DKLDADAV,1
Q96SB3,EDVDPMAA,2
Q96SB3,EDYDRRNE,0
Q96SB3,EEDDEDDE,0
Q96SB3,EEEDPAPS,2
Q96SB3,EEMDKLLD,0
Q96SB3,EEVDESKK,0
Q96SB3,ENVDHSAL,0
Q96SB3,GEDDEETG,0
Q96SB3,LDADAVSP,1
Q96SB3,LEEDDEDD,0
Q96SB3,LEKDSEGL,1
Q96SB3,SEADLVDV,0
Q96SB3,SRFDSKPA,1
Q96SB3,TDEDEELS,0
Q96SB3,VEVDGTSL,2
Q96SB4,QETDSCTP,1
Q96SI9,VDVDGTTY,2
Q96SN8,DDLDGINP,2
Q96ST2,MQNDSFHS,1
Q96SW2,DQQDAAHN,1
Q96SZ5,SDRDAASG,1
Q96T37,DRSDGSAP,2
Q96T37,LVTDAFGH,1
Q96T58,PKVDATRP,1
Q96T58,STTDSIQE,0
Q96T58,VKPDSVTA,1
Q96T88,AETDSRPA,2
Q96T88,DECDMAFH,1
Q96TA2,TGLDSAVD,1
Q99081,DLLDFSAM,0
Q99081,PLHDSAAL,1
Q99436,VYKDGIVL,2
Q99439,SGVDIGVK,0
Q99439,TVADGAPS,2
Q99457,DKVDTLFL,1
Q99459,HESDFSGV,0
Q99460,MEVDEAEK,0
Q99496,AITDGLEI,2
Q99496,DNGDSSHC,1
Q99496,LELDNNNA,0
Q99497,VEKDGLIL,2
Q99549,DETDTWAY,1
Q99549,EVLDSVCQ,1
Q99549,SAADSTEE,1
Q99569,DQWDGVGP,2
Q99575,EVMDAGCQ,1
Q99590,DSVDEETA,0
Q99590,MECDSFCS,1
Q99590,PDVDSSNI,1
Q99613,EDEDGVSA,2
Q99614,CFHDCSAS,0
Q99666,DVADAASE,1
Q99683,VIEDAVAT,1
Q99700,SAKDSFIE,1
Q99700,STYDSSLS,1
Q99708,CLADSFSQ,1
Q99733,ERLDNVPH,0
Q99733,SFSDGVPS,2
Q99733,VDCDGCTI,2
Q99741,LVFDNQLT,0
Q99741,SEVDGNRM,2
Q99755,DIPDGLFL,2
Q99767,DYPDGQLP,2
Q99798,DKWDGKDL,2
Q99829,LDADGGPL,0
Q99848,DKLDFLEG,0
Q99959,TVFDSIPA,2
Q99986,TSIDAHNG,1
Q99996,GVIDGYAD,2
Q99996,SLLDGVVT,2
Q9BQ52,TLEDGLEE,2
Q9BQ61,FANDGSFL,2
Q9BQ67,ESGDTSSE,1
Q9BQ87,MEIDGDVE,2
Q9BQC3,CCPDTGKT,1
Q9BQE3,IQPDGQMP,2
Q9BQG0,EERDGDVD,2
Q9BQG0,PAEDGTPA,2
Q9BQP7,VEEDALLC,1
Q9BQQ3,SFLDSPGA,1
Q9BQQ3,SLLDNSNA,1
Q9BQQ3,TLPDSLTS,1
Q9BQS8,TETDSLDP,1
Q9BRD0,DSPDLAPN,0
Q9BRD0,DSPDPSPP,2
Q9BRD0,NVEDAMKE,1
Q9BRP8,DQPDSAAT,1
Q9BRQ0,PMVDHLVA,0
Q9BRS2,NVTDSVIN,1
Q9BRT6,LKLDGDVL,1
Q9BRT8,EKPDGLIN,2
Q9BRT9,EEVDFLGQ,0
Q9BRT9,QDSDGGSE,2
Q9BSD7,VPVDGFYT,2
Q9BSE4,VNNDGQNA,2
Q9BSI4,SVTDSVNL,1
Q9BSJ2,MKLDGELG,1
Q9BSJ8,SSVDAPPR,1
Q9BSJ8,THVDSPLE,1
Q9BSJ8,TTPDSQFG,1
Q9BTC0,AQPDSVYC,1
Q9BTC0,CSADAAVS,1
Q9BTC0,SVSDALMS,1
Q9BTC0,TAEDGVPA,2
Q9BTE3,DERDASAL,1
Q9BTE6,EQADHFTQ,0
Q9BTV7,ISLDGRPP,2
Q9BU89,QEVDAIGQ,1
Q9BUF5,ELVDAVLD,1
Q9BUJ2,SGPDGHYA,2
Q9BUN5,EEEDGVTE,2
Q9BUT9,QQLDGGPA,2
Q9BV44,SEQDGERG,2
Q9BV68,LFHDGCIV,2
Q9BVA1,ELVDSVLD,1
Q9BVC5,IVFDGSST,2
Q9BVI0,EELDGDDR,2
Q9BVS4,IKEDSLSE,1
Q9BVT8,AATDSMRG,1
Q9BVV6,TLHDAVEM,1
Q9BVV6,VDIDSISN,1
Q9BVX2,DDRDGLLA,2
Q9BW27,EELDGEPT,2
Q9BWD1,ILCDGLTD,2
Q9BWT1,DSCDSFAS,1
Q9BWU0,DDPDYCVW,0
Q9BWU0,DSLDAFMS,1
Q9BWU0,DYQDCSKT,1
Q9BWW4,SPADSTNS,1
Q9BX66,DDSDLYSP,0
Q9BXJ9,HEADTANM,1
Q9BXP5,SLDDSVDE,1
Q9BXW9,EEIDGLLD,2
Q9BY43,AQTDGTLS,2
Q9BY77,EDDDGIAS,1
Q9BY77,VQNDAYTA,1
Q9BYD3,HIMDSLEL,1
Q9BYJ9,TVVDGQPG,2
Q9BYT8,FEYDGKIN,2
Q9BYT8,NEDDTFLV,1
Q9BYT8,TDDDKYKI,0
Q9BYT8,TEADKRLS,0
Q9BYT8,VETDFVEV,0
Q9BYT8,VSSDKEVR,0
Q9BYV8,EDNDSAAS,1
Q9BYW2,DGVDSTSH,1
Q9BYW2,DIKDRGPL,0
Q9BYW2,DQQDGSHF,2
Q9BYW2,DSHDSIKE,1
Q9BYW2,PHVDGLHS,2
Q9BYW2,TMEDSDGV,1
Q9BYW2,TSDDSVTG,1
Q9BZ72,DTQDGLYR,2
Q9BZE4,GEYDSVSE,1
Q9BZF1,DIQDSSGS,1
Q9BZK7,MEVDGDVE,2
Q9BZK7,SLIDAVMP,1
Q9C037,ICLDYFQD,0
Q9C0B9,AEKDGSGP,2
Q9C0C2,EDVDGTWG,2
Q9C0C7,TVQDSATP,1
Q9C0C9,ELSDSGQQ,1
Q9C0C9,ETPDGSAS,2
Q9C0C9,GGTDSVSP,1
Q9C0C9,PASDSASG,1
Q9C0C9,TAPDASVP,1
Q9C0D5,VAVDAAPP,1
Q9C0E8,QTDDKIPA,0
Q9C0F1,VSEDYASC,0
Q9C0J8,DSWDGNRE,2
Q9GZM5,DAADAAAA,1
Q9GZM5,VDADAADA,1
Q9GZR1,TDKDGTNL,0
Q9GZR7,AESDALPD,1
Q9GZR7,TVSDQALL,0
Q9GZV4,DEIDFTTG,0
Q9GZY8,DFLDLERP,0
Q9H009,EEQDSTQT,1
Q9H098,AEPDYIED,0
Q9H0C8,SSTDSGSG,1
Q9H0D6,FTSDGSPS,2
Q9H0E2,VQLDAQAA,1
Q9H0E9,VEADVAIG,1
Q9H0G5,YEYDSIYD,1
Q9H0H5,TETDSVGT,2
Q9H0R5,SVTDAILQ,1
Q9H0U9,LELDTVNA,1
Q9H0V1,CSPDGQPT,2
Q9H175,DSCDSLNP,1
Q9H1B7,NHVDGSSK,2
Q9H1E3,QEKDSGSD,1
Q9H1E3,YGRDSGPP,1
Q9H1I8,DTYDGNQV,2
Q9H223,CDCDGMLD,2
Q9H223,GAFDGTTE,2
Q9H2C2,GNVDGVAA,2
Q9H2F5,DLPDLHEY,0
Q9H2G2,HITDAQLE,1
Q9H2G2,VTVDSNKP,1
Q9H2J4,TYEDMTLE,1
Q9H2L5,SSTDSSGP,1
Q9H2P0,DEKDSRVN,1
Q9H2P0,EWKDGASP,2
Q9H2X6,VECDSLVP,1
Q9H3M7,DLVDVNTP,1
Q9H3P2,ATPDYAAG,0
Q9H3P7,THTDSSEK,1
Q9H3P7,VSVDGLTL,2
Q9H3R0,DEVDGAEV,2
Q9H444,AQIDGTLS,2
Q9H4A3,DVDDGSGS,2
Q9H4A3,SSVDSAHS,1
Q9H4A3,VLSDGTVD,2
Q9H4L5,TITDSSSG,1
Q9H4L7,SEYDSGSD,1
Q9H4M9,GAFDGTMN,2
Q9H4M9,VDKDGLLD,2
Q9H4X1,CEFDAVLA,1
Q9H501,SAKDGTSP,2
Q9H553,TSFDSVVP,1
Q9H582,SCVDSFGS,1
Q9H5J8,DSLDHVTS,0
Q9H5V7,IQTDSYES,1
Q9H6E5,VEVDGWDC,2
Q9H6K1,SEFDSISK,1
Q9H6Q4,IEDDGSYF,2
Q9H6R7,IALDAEPV,1
Q9H6R7,SICDGSIA,2
Q9H6S0,FRVDGIPN,2
Q9H6T3,DELDKDDS,0
Q9H6T3,DVPDSTTA,1
Q9H6T3,EVSDTSSL,1
Q9H6T3,SEEDGIHV,2
Q9H6W3,DLGDALPG,2
Q9H6X5,LSLDGLAP,0
Q9H6Y2,EDPDSMEA,1
Q9H6Z4,DREDGNYC,2
Q9H706,VKTDSVDL,1
Q9H714,DTTDSVGS,1
Q9H714,PETDSAFF,1
Q9H7N4,QTVDSSCK,1
Q9H814,ESVDSSEE,1
Q9H875,DYMDAMAE,1
Q9H8H2,DKLDSFAI,1
Q9H8M2,SLTDSTAE,1
Q9H8V3,YEVDGCPA,2
Q9H8W4,VTIDSIKD,1
Q9H8Y5,EDSDSASE,1
Q9H981,AQGDGLMA,0
Q9H9B1,EEDDGHGA,2
Q9H9B1,LETDGLQE,2
Q9H9J4,EEPDAAAG,1
Q9H9L4,VVGDGMQC,2
Q9HAS0,DSEDGSPS,2
Q9HAV4,IQKDSLDQ,1
Q9HAW4,DEYDGEEI,2
Q9HAW4,EEADSPSD,1
Q9HAW4,MGTDGKEE,2
Q9HAW4,TTYDSAEE,1
Q9HB07,EEVDAVDN,1
Q9HB58,EIIDGTSE,0
Q9HBD1,DATDTKPD,1
Q9HBD1,DEPDGQSE,2
Q9HCD5,DSFDGRGP,2
Q9HCD5,SSTDSLPG,1
Q9HCE5,ESADSIGA,1
Q9HCM1,SSVDGVQT,2
Q9HCN4,TAKDSLSP,1
Q9HCN4,VALDAGTA,1
Q9HCP0,VHVDSGAS,1
Q9NPG3,DESDSFID,1
Q9NPR2,VVEDGVAD,2
Q9NQ55,AEPDGDHN,2
Q9NQC1,TETDGYFS,2
Q9NQC3,FGNDFVPP,0
Q9NQC3,NAPDGAGS,2
Q9NQC3,SETDYVTT,0
Q9NQG7,EDVDGVCE,2
Q9NQV6,ESVDGSDP,2
Q9NR30,EEIDAPKP,1
Q9NR30,PEPDCNPS,1
Q9NR30,RLLDSVPP,1
Q9NR30,SEVDMNSP,1
Q9NR50,VGVDSLIG,1
Q9NRA8,DDLDVVLS,1
Q9NRL2,QLTDADTK,1
Q9NRY2,DFRDHAEQ,0
Q9NRY5,ILEDGNCE,2
Q9NRZ9,EQLDTAVI,1
Q9NS87,HVMDSAAE,1
Q9NSC2,DQVDCSDL,0
Q9NSE4,VDEDGVFT,2
Q9NSE4,VFTDVAGP,1
Q9NSI8,SCSDGTSN,2
Q9NT62,DDGDGGWV,2
Q9NT62,EEDDGDGG,2
Q9NTI5,EEVDVFQG,1
Q9NTJ3,PSPDGASS,2
Q9NTM9,VCVDSVES,1
Q9NTX7,TSVDGQLT,2
Q9NU22,VDTDSHAE,1
Q9NUM4,DAYDGVTS,2
Q9NUQ6,SSTDSANE,1
Q9NUU7,VDKDGNPD,2
Q9NV96,DEVDGGPP,2
Q9NVA2,VGFDSLPD,1
Q9NVC6,VGLDGTET,2
Q9NVH2,QELDANSA,1
Q9NVM9,DSPDSPEP,1
Q9NVP1,ATVDGLEQ,2
Q9NVU0,LNVDGACA,2
Q9NW13,DEEDGVFD,2
Q9NW13,EESDSIDD,1
Q9NW64,SNSDGTRP,2
Q9NW75,HESDFAVD,0
Q9NW75,SESDSSSL,1
Q9NWB7,SMTDGAPL,2
Q9NWH9,VEDDAFIK,1
Q9NWK9,QETDSSLV,1
Q9NWQ4,HESDSFTE,1
Q9NWQ4,VHMDAVEP,1
Q9NWQ8,VLKDSSSQ,1
Q9NWZ8,VECDLSNM,0
Q9NX05,VSYDSSAS,1
Q9NX24,ADPDGPEA,2
Q9NX31,DSSDATQV,1
Q9NXR1,ERTDTAVQ,1
Q9NXR5,QSLDSAVP,2
Q9NY61,YLVDGTKP,2
Q9NYF5,EEEDGVNL,2
Q9NYF8,EALDYFSD,0
Q9NYF8,YQGDGIVE,2
Q9NZ08,DLWDSMAS,1
Q9NZ43,LGTDSAEP,1
Q9NZ52,AELDTTNS,1
Q9NZ52,HHLDALDQ,1
Q9NZB2,NHVDSAYF,1
Q9NZJ0,TELDGQVE,0
Q9NZJ5,DVEDGTMD,2
Q9NZL9,NQPDAASQ,1
Q9NZM5,EESDGEGE,2
Q9NZM5,LEVDQFLE,0
Q9NZN5,DTLDGTPR,2
Q9NZN5,PQTDSVIQ,1
Q9NZN5,THSDGAIS,2
Q9NZZ3,SLTDCIGT,0
Q9NZZ3,TTVDAMKL,1
Q9P0J1,AHVDGVDL,2
Q9P0K8,GSVDGGAV,2
Q9P0L0,SKQDGPMP,2
Q9P0L2,TSVDGYTE,2
Q9P107,DLGDGLEN,2
Q9P107,DTKDGGGE,2
Q9P107,GPEDSLLG,1
Q9P107,SDVDSVGG,1
Q9P1Y5,DEGDGSPA,2
Q9P1Y5,VSSDSLGP,1
Q9P1Y6,DEEDGASC,2
Q9P1Z2,EEADGGSD,2
Q9P246,SECDSLNS,1
Q9P258,NQTDAVPS,1
Q9P265,QETDSAVQ,1
Q9P266,SDVDGVVT,2
Q9P270,ELRDATSL,1
Q9P275,DSRDVVLS,1
Q9P275,SCGDGVPA,2
Q9P289,DESDSEGS,1
Q9P2B2,SRVDGVVL,2
Q9P2D1,DDADAAGR,1
Q9P2D1,ETRDGFYM,2
Q9P2E9,DAQDVQAS,1
Q9P2E9,EDGDIAGA,1
Q9P2E9,HVEDGDIA,2
Q9P2E9,ILRDALNQ,1
Q9P2E9,QARDAQDV,1
Q9P2E9,SQLDAAKS,1
Q9P2F8,VVGDAVAE,1
Q9P2I0,DDVDAAFD,1
Q9P2J5,DAGDALIY,1
Q9P2K8,SDTDGLDS,2
Q9P2M7,SSVDSLIN,1
Q9P2N5,YEPDGYNP,2
Q9P2W9,TWGDGKGE,2
Q9UBC2,PGPDSSGS,1
Q9UBC2,QVLDGAHG,2
Q9UBE0,DGPDTKRA,1
Q9UBF8,FSVDSITS,1
Q9UBF8,VNGDGVDS,2
Q9UBI9,AHFDYSPA,0
Q9UBK2,SMPDGTPP,2
Q9UBL0,VNPDGTPA,2
Q9UBN7,DMADSMLM,1
Q9UBP0,IEFDGVQS,2
Q9UBQ7,RAADCEVE,0
Q9UBT2,DEEDSSNN,1
Q9UBU8,DDWDLITR,0
Q9UBU8,DHPDAPMS,1
Q9UBU9,EEDDGDVA,2
Q9UBW7,IETDIIGS,0
Q9UDY2,EDTDGEGG,2
Q9UEE9,DEVDGEEQ,2
Q9UER7,DDPDSAYL,1
Q9UEW8,DEMDEKSE,0
Q9UEW8,SVHDSQGP,1
Q9UG63,TEVDLLTK,0
Q9UGN5,LQMDYATN,0
Q9UGP4,ECLDGVPF,2
Q9UGP4,LTVDGAAK,2
Q9UGR2,APRDCYVD,0
Q9UGR2,TRLDALDS,1
Q9UGU0,HETDGHGL,2
Q9UH99,EARDSSPH,1
Q9UHB6,DSRDSQVK,1
Q9UHB6,ENTDASGK,1
Q9UHB9,DANDAHQT,1
Q9UHQ1,SVRDAAVD,1
Q9UHR5,LVSDAYGE,1
Q9UHR5,PESDGEAG,2
Q9UHR6,EELDNAPG,0
Q9UHX1,QGTDSIKM,1
Q9UHY8,DWQDFYEF,0
Q9UI08,RPEDASGG,1
Q9UI10,VQTDAFVS,1
Q9UI12,GAVDAAVP,1
Q9UIF9,GEVDATAS,1
Q9UIG0,DNKDSAAF,1
Q9UIL1,DAVDAENQ,1
Q9UIQ6,DVVDLAKE,0
Q9UIU6,SSSDGITN,2
Q9UJC3,DQLDGSFD,2
Q9UJD0,DFLDGLGP,2
Q9UJU6,EHIDHHIQ,0
Q9UJW0,HEVDSHYC,1
Q9UK45,LVLDGTIE,2
Q9UK59,EDEDSIVS,1
Q9UK73,DNIDVSHP,1
Q9UK96,DSSDGGLS,2
Q9UKA4,TCVDGLHV,2
Q9UKE5,EEEDGESE,2
Q9UKE5,ETHDGTVA,2
Q9UKG1,LSLDSLVA,1
Q9UKJ3,DYVDKEKA,0
Q9UKJ3,ESTDGAED,2
Q9UKJ3,MELDYAED,0
Q9UKJ3,SNLDGKKE,2
Q9UKS7,EAIDGYIT,2
Q9UKV3,DELDYHRG,0
Q9UKV3,TLADYSAQ,0
Q9UKV3,VSRDSSTS,1
Q9UKV3,VTLDGKPL,2
Q9UKV3,VTMDTSEN,1
Q9UKX7,DTPDKKME,0
Q9UKX7,TLVDKVSN,0
Q9UKY7,DPGDNWEE,0
Q9UL15,FEIDSVDT,1
Q9UL40,QAADGGAA,2
Q9UL45,SSPDGALT,2
Q9ULE0,MGIDSILG,1
Q9ULG1,DGDDSFIS,1
Q9ULH0,DLLDAGTY,1
Q9ULH0,DVIDYSSS,0
Q9ULH7,DSSDALSP,1
Q9ULI0,VEVDGSLS,2
Q9ULM3,SESDSLSQ,1
Q9ULR0,DEDDGVIV,2
Q9ULT8,EGHDSLSV,1
Q9ULV0,DTEDALQQ,1
Q9ULV0,LESDSNYP,1
Q9ULV4,LYPDTAGP,1
Q9ULX6,ERYDSYES,1
Q9ULX6,LETDMMQG,1
Q9ULX6,QRLDMVPH,1
Q9ULZ2,DYVDVLNP,1
Q9UM47,VDEDSSHY,1
Q9UM82,DDVDLYTD,0
Q9UMN6,EQLDGVDD,2
Q9UMR2,DEADVMIA,1
Q9UMX0,GSQDSAAG,1
Q9UMX1,IETDGSNL,2
Q9UMX1,LESDSSTA,1
Q9UMY4,DLTDAYGP,1
Q9UMZ2,DKYDALKE,1
Q9UMZ2,DYKDFTKQ,0
Q9UN37,DEVDSLCG,1
Q9UN86,GGVDASGK,1
Q9UNF0,SSTDANGD,1
Q9UNF1,SEKDSSSM,1
Q9UNH7,DGPDFLSE,0
Q9UNS1,LSMDSVVP,1
Q9UNX4,EAEDGAFE,2
Q9UNY4,DQLDSTGR,1
Q9UNZ2,SFRDLIHD,0
Q9UP83,DELDGIIK,1
Q9UPN3,AQVDALQG,1
Q9UPN3,DAPDGSDA,2
Q9UPN3,DETDRDII,0
Q9UPN3,DLCDGSAN,2
Q9UPN3,DTTDGYMG,2
Q9UPN3,DWLDNTVI,0
Q9UPN4,DQLDSQQE,2
Q9UPN4,TEDDASSL,1
Q9UPN6,EGQDGVEE,2
Q9UPN6,HLIDHQIS,0
Q9UPN7,DGEDGAWQ,2
Q9UPN7,SSVDGQLE,2
Q9UPN9,SELDALAS,1
Q9UPP1,DEQDSLGA,1
Q9UPP1,IEEDYTTD,0
Q9UPP1,TDEDMVEG,1
Q9UPQ0,SQVDSPSS,1
Q9UPQ9,EEEDGGVW,2
Q9UPS6,GELDAVSP,1
Q9UPT8,ASTDSSTQ,2
Q9UPT8,LEDDGAEE,2
Q9UPT8,LEPDSFSE,1
Q9UPY3,DHPDADKT,1
Q9UQ13,DLPDTIGN,1
Q9UQ26,DFLDGLGP,2
Q9UQ35,FQSDSSSY,1
Q9UQ35,PTVDSNSL,1
Q9UQ35,PVLDAVPR,1
Q9UQ35,SESDSSPD,1
Q9UQ35,SMMDGPGP,2
Q9UQ35,SYVDGSSF,2
Q9UQ80,EKGDAMIM,1
Q9UQ80,HVIDGEKT,2
Q9UQ88,TEGDYVPD,0
Q9UQC2,HHFDSLGY,0
Q9UQF2,DESDSATV,1
Q9UQF2,DLIDATGD,1
Q9Y223,VDNDGNCA,2
Q9Y224,DTGDAVLN,1
Q9Y232,TAVDGFQS,2
Q9Y240,DTRDAVQA,1
Q9Y244,ELKDSIPV,1
Q9Y252,DYTDIPLS,0
Q9Y262,SDYDMHTG,1
Q9Y282,LDKDGIPV,2
Q9Y2D5,EELDSGLD,1
Q9Y2D5,SSRDGEFT,2
Q9Y2H0,DTQDANDS,1
Q9Y2I7,DVFDGHLL,2
Q9Y2K2,VEPDGTLN,2
Q9Y2L5,EVKDGLPN,2
Q9Y2L5,MTVDGIGA,2
Q9Y2L9,DRADGLHS,1
Q9Y2W1,VRMDSFDE,1
Q9Y2W2,DKSDGESD,2
Q9Y2W7,DSSDSELE,1
Q9Y2W7,QGSDSSDS,1
Q9Y2X3,SQMDGLIP,2
Q9Y2X7,DLSDGAVT,2
Q9Y2X7,ESLDGDLD,2
Q9Y2X7,HDYDSVAS,1
Q9Y2X7,LEDDAIYS,1
Q9Y2X9,SLIDSSAL,1
Q9Y2Z0,SFSDALID,1
Q9Y3A2,EQFDVATH,0
Q9Y3A3,DEMDSTLA,1
Q9Y3A4,DYADSVPD,1
Q9Y3A4,VEVDTFME,1
Q9Y3B9,NENDGESS,0
Q9Y3S2,EEGDGASG,2
Q9Y3T6,IHLDTSSF,1
Q9Y3T9,EEEDGAEE,2
Q9Y3X0,EKTDGMFK,2
Q9Y450,EEYDYEDL,0
Q9Y478,EVFDALMV,1
Q9Y483,SDVDFTGA,0
Q9Y490,QNVDSRDP,1
Q9Y4B5,TINDGLSS,2
Q9Y4B6,DDTDDLDE,0
Q9Y4C1,VQDDSCVN,1
Q9Y4C8,EEEDSSAT,1
Q9Y4C8,TVPDGETP,2
Q9Y4E1,DGCDLFAD,0
Q9Y4E1,DSGDIFST,0
Q9Y4E6,TAPDASGP,1
Q9Y4F3,QSHDGSST,2
Q9Y4F4,DKADLSTV,0
Q9Y4G8,DSVDSGSK,1
Q9Y4I1,TMTDSTIL,1
Q9Y4K1,AALDGGVA,2
Q9Y4K1,VQTDAGCL,1
Q9Y4L1,DDVDFKAK,0
Q9Y4L1,LVEDSAEE,1
Q9Y4R8,EIVDGGVP,2
Q9Y4X4,LSVDHFQT,0
Q9Y4X4,VTLDSVNE,1
Q9Y508,TFVDYDVD,0
Q9Y520,HHTDANNQ,1
Q9Y520,MEVDYTEQ,0
Q9Y520,SVTDYTTP,0
Q9Y520,TDTDSEIH,1
Q9Y572,TSSDSMAQ,1
Q9Y5A9,AMIDGQSA,2
Q9Y5A9,NGVDGNGV,2
Q9Y5B6,EIPDAAFI,1
Q9Y5K8,EGTDSYEL,1
Q9Y5M8,STLDSSST,2
Q9Y5S9,EDYDSVEQ,1
Q9Y5U2,APTDCVSS,0
Q9Y5V3,DALDAAAA,1
Q9Y5V3,SEPDGATA,2
Q9Y5V3,TSADGSQA,2
Q9Y608,IIPDGTPN,2
Q9Y613,CSLDGALP,2
Q9Y613,DRGDGEPV,2
Q9Y613,DVTDALEQ,1
Q9Y613,SVPDSSAL,1
Q9Y618,EIIDGLSE,2
Q9Y618,GTLDGVYP,2
Q9Y676,SEEDSLSS,1
Q9Y6A5,AEVDYLEQ,0
Q9Y6A5,ENCDFLFS,0
Q9Y6B6,EELDSLMT,1
Q9Y6E0,AETDGQAS,2
Q9Y6G9,VEKDAVFI,1
Q9Y6H5,DEVDQDGN,0
Q9Y6I3,VDLDSLVS,1
Q9Y6I9,TQVDGTGA,2
Q9Y6J0,DAGDSADQ,1
Q9Y6K1,VYTDMWVE,1
Q9Y6K9,RIEDMRKR,1
Q9Y6Q9,SNTDATGL,1
Q9Y6Q9,SWPDGMLS,2
Q9Y6T7,VTVDGQGL,2
Q9Y6W5,ENVDASSY,1
Q9Y6W5,PQSDSASS,1
Q9Y6W5,TGADGQPA,2
Q9Y6X4,EEEDSTSE,1
Q9Y6X8,VAKDSWAA,1
Q9Y6Y0,NLLDGQAE,2
