uni,fullpep,dproc,count
Q86UK7,EEEDGGPA,0,5
Q9BYW2,DQSDKFLL,0,123
Q9UEE9,EEDDAAEQ,0,27
Q14160,ASTDAALE,0.69,290
Q96SZ5,SDRDAASG,2.2,91
Q12802,IEQDVVGP,2.31,216
Q96M86,VGLDPSPD,2.54,118
O75152,DATDKVNK,3.48,115
Q8IWI9,DSKDSVGD,4.17,120
Q07021,LHTDGDKA,4.44,135
P83369,TRTDGSSV,6.45,93
P42704,TYTDYVIP,7.38,122
Q13206,DDDDGFDP,7.46,67
P17036,ALLDSALP,8.2,61
Q53EP0,ESPDSSGA,8.39,274
P24864,LDVDCLEF,9.18,305
Q8IVD9,TELDGHQE,10,20
P07602,QPKDNGDV,10.31,223
Q9GZM5,VDADAADA,10.78,167
O95644,TRPDGAPA,10.84,166
P50851,PTVDSVSQ,10.89,202
Q9GZM5,DAADAAAA,11.61,155
Q92619,VDPDGGAG,11.76,85
Q96BN8,TARDGGKA,11.94,67
P07686,VWKDSAYP,12.11,223
Q14258,LQADLARE,13.41,82
P51114,DDRDSRHQ,13.55,214
Q14515,DEFDQGNQ,14.29,49
Q7Z434,ADPDGGPR,14.29,21
Q08378,CSTDSPLP,14.81,216
Q8IYW5,VRKDSVSK,14.89,94
Q9UBT2,DEEDSSNN,15.04,133
Q9BYW2,DQQDGSHF,16,125
Q9UHB6,DSRDSQVK,16.22,111
Q709C8,DVHDSKNT,17,100
O60664,TSLDGFDV,17.27,139
Q9NZ08,DLWDSMAS,17.98,178
Q6UB98,VYSDSTIQ,18.1,116
O43164,DQVDSSLP,18.33,120
O15027,ENFDGKFA,20,25
P28070,STPDSFMD,20,125
Q9GZR7,AESDALPD,20,20
Q86UP2,VEDDQVAP,20.18,109
Q5T5U3,VRTDSAPD,20.37,108
P28290,EEVDAAEG,20.39,103
P20810,ALADSLGK,20.72,111
Q13315,DYPDSSVS,22.11,95
P02730,EQGDGGTE,22.12,104
Q8NFZ5,EHTDGHTS,22.22,90
Q05084,ESTDAAVQ,22.77,101
Q4ADV7,VQPDAFQP,22.81,228
Q9UKV3,TLADYSAQ,22.92,96
Q9Y3B9,NENDGESS,23.16,95
O75152,NEVDSQSS,23.33,90
P38398,DVLDVLNE,23.33,60
P32926,DYADGAIS,23.48,115
Q9UKX7,DTPDKKME,24.29,70
Q9Y252,DYTDIPLS,24.35,115
Q14151,FDFDACNE,24.44,90
Q92615,SEYDSLPE,24.44,90
Q12789,AEEDSQGK,24.68,77
Q15424,FDFDACNE,24.69,81
O60293,DTTDSSQG,25,128
O43823,VAADVLAE,25.97,77
A0MZ66,TDTDGAAE,26.41,231
Q9BVX2,DDRDGLLA,26.53,98
O94986,DGTDGQPH,26.6,94
P55055,CSTDWVIP,27.91,86
P78527,SVIDSAEL,28.18,220
P25445,LHHDGQFC,28.57,21
P61916,GSVDGVIK,28.57,126
Q07021,AFVDFLSD,30.4,227
Q12872,APTDSAPE,32.05,78
Q9NSE4,VFTDVAGP,32.43,296
Q5BJE1,HKTDEMED,33.33,105
Q7RTS1,GTPDGSLP,33.33,18
Q9UHB6,ENTDASGK,33.71,175
P27816,ATADTSIF,33.85,65
P06744,PELDGSAQ,35.22,318
Q96SB3,DDEDDEED,35.4,113
O95671,TQRDAGSR,35.71,14
Q9Y4C8,EEEDSSAT,35.71,14
Q9H4M9,GAFDGTMN,36.39,327
P52597,TIHDGAAG,37.5,320
Q8IXQ4,DDDDGFFG,37.5,112
P05455,DEHDENGA,37.62,101
P27797,KDPDASKP,37.62,303
Q15653,EAPDTYLA,37.8,82
Q04759,DEVDKMCH,38.52,122
P82673,IEIDSTDY,38.56,319
P38398,DLLDDGEI,38.82,85
Q7LDG7,IDIDSVPT,39.11,225
P22681,LSLDGDPT,39.25,214
Q6P2E9,LGADGTHG,39.75,244
Q9P2J5,DAGDALIY,39.75,322
Q5JRA6,DEIDLPRE,40,40
Q92664,TIADAFIA,40,20
Q9Y2X3,SQMDGLIP,40,320
P06396,DQTDGLGL,40.06,327
Q92499,SVPDTVHH,40.19,321
Q9BV68,LFHDGCIV,40.44,319
O75794,SEVDAQEQ,40.56,249
Q15056,DEVDSLKE,40.69,317
Q14566,SGVDGYET,40.82,316
O60664,STCDMVSA,40.87,115
Q6FI81,MEDDSMDL,40.91,132
Q6P1X6,CSGDGGVS,41.67,84
Q96EK9,HTADSVVN,41.94,31
Q99733,VDCDGCTI,42.33,326
Q9UMX1,LESDSSTA,42.44,311
O60784,QATDGLAG,42.67,307
Q9NU22,VDTDSHAE,42.79,208
Q5UIP0,GELDGGND,42.86,21
Q9UPN4,DQLDSQQE,42.86,49
Q9BTE6,EQADHFTQ,42.96,270
Q5THJ4,LESDSVGT,43.1,116
Q8N302,DKKDESFV,43.23,303
Q15181,DDPDAANY,43.65,323
Q14839,EATDGGGD,43.96,323
Q63HN8,VTMDGVRE,44.03,318
Q96A49,LEEDSADW,44.44,261
P48147,GEYDYVTN,44.59,305
Q9UQ13,DLPDTIGN,44.63,307
P78559,EEEDATKA,44.68,47
Q13573,DDPDLQRP,44.83,319
P45974,SAADSISE,44.98,309
P19338,ESFDGSVR,45.1,306
Q03468,AIMDGASP,45.28,318
O15015,MVVDSVLE,45.45,22
Q6IBW4,ADLDAVPM,45.45,99
Q96BY7,SQNDSANS,45.76,118
P08670,TNLDSLPL,45.77,319
Q8TD16,FSDDAAEP,45.8,131
Q13085,TEEDGVHS,46.08,319
P52907,EEADGGLK,48.17,328
Q9H2G2,VTVDSNKP,48.75,240
P54252,DEEDLQRA,48.93,233
Q8TEK3,TALDALHA,49.27,205
Q9Y6K1,VYTDMWVE,49.64,280
P78527,GDSDGPSY,49.67,306
Q9P107,DTKDGGGE,50,104
Q6FIF0,SVSDTAQQ,50.23,217
Q15306,SWRDYVPD,50.37,135
Q96II8,IQRDAVLD,50.93,214
Q9NSE4,VDEDGVFT,51.4,321
Q14151,DLFDSAHP,51.49,101
Q15424,DLFDSAHP,51.49,101
Q9H2P0,DEKDSRVN,51.74,230
Q9BYT8,NEDDTFLV,51.88,239
Q8WXH0,DTLDSSDA,51.92,52
Q13136,SETDNSSQ,52.07,242
P42858,DGTDNQYL,52.38,210
P00441,ADKDGVAD,52.52,318
Q8WYA6,IDRDGEEE,52.63,133
Q969S3,LGVDSVDK,52.68,224
P00519,DTTDVPEM,52.86,210
Q12982,DPSDGSVL,53,217
Q9NRZ9,EQLDTAVI,53.12,32
Q92673,DCGDSHIL,53.48,230
P53582,CETDGCSS,53.49,172
Q13459,VCVDSLTS,53.74,214
P46821,DATDGKDY,53.81,223
O60232,TCADCGTI,53.88,232
Q9H5V7,IQTDSYES,53.91,243
P46939,VTIDAIRE,54.4,250
P08758,LEDDVVGD,54.55,231
O94782,DFTDSQEN,54.59,207
Q01082,ETVDTSEM,54.59,229
Q9UIL1,DAVDAENQ,54.67,225
Q5SY16,AFADALEF,54.95,91
P51572,AAVDGGKL,55,100
Q7L4P6,VEEDGEVK,55.05,218
O00499,SPPDGSPA,55.1,98
Q14157,MENDSSNL,55.2,221
Q99590,PDVDSSNI,55.26,38
Q13432,SEPDAGPG,55.56,27
O60583,DVRDHYIA,55.66,221
O00442,DLCDGQLE,55.74,296
P49321,DMLDLAKI,55.75,226
O75376,DKIDGTAE,55.88,34
P11171,AAVDSADR,55.9,161
Q9Y613,CSLDGALP,55.93,236
P27694,QALDGVSI,56.09,271
P11473,DMMDSSSF,56.52,23
P42858,IVLDGTDN,56.62,219
Q7Z6I6,PSPDGCLC,56.67,30
P43243,AAVDYYTT,56.72,238
Q15052,TRKDSIPQ,56.9,297
Q9NW75,SESDSSSL,57,200
Q4V339,EKPDGLIN,57.05,305
Q5JTY5,EKPDGLIN,57.05,305
Q8IUF1,EKPDGLIN,57.05,305
Q9BRT8,EKPDGLIN,57.05,305
Q9H2C2,GNVDGVAA,57.14,35
Q9BUT9,QQLDGGPA,57.27,220
Q96F24,TDKDAAAH,57.28,213
Q14202,EVVDSTES,57.4,223
P21359,SSMDSAAG,57.48,214
Q03701,ENTDSVVM,57.74,265
O95721,MSTDAYPK,57.92,202
Q9Y483,SDVDFTGA,57.92,221
P83916,HETDKSEG,58.13,246
Q9UPS6,GELDAVSP,58.14,215
Q9UBC2,QVLDGAHG,58.29,187
Q9UPN9,SELDALAS,58.47,236
P23368,TFEDAVNI,58.69,213
Q71RC2,ESTDGMIL,58.73,189
Q9H6K1,SEFDSISK,58.8,216
Q9BZ72,DTQDGLYR,58.91,202
Q96SB3,TDEDEELS,59.05,315
Q15043,SELDGKAP,59.15,213
O14975,DGIDSFLD,59.24,184
P04818,QERDAEPR,59.38,32
Q96T58,VKPDSVTA,59.81,209
Q8TDB6,QERDSCIS,60,35
Q92615,SAADGVSA,60.27,73
Q7L2E3,DVTDFLSM,60.68,117
O60343,DGTDTHLG,60.71,28
Q9H706,VKTDSVDL,61.14,193
Q86XP1,SQTDSVPG,61.38,189
P08514,LQMDAANE,61.6,125
P21980,DVVDWIQQ,61.78,157
Q9BVI0,EELDGDDR,61.81,199
O95819,FSCDGMRP,61.88,320
Q9UPP1,TDEDMVEG,61.97,213
Q7L014,ERQDGGQN,61.99,321
Q9UKJ3,ESTDGAED,62.09,211
P28324,TDIDSVAS,62.14,103
Q66PJ3,EEEDGPVL,62.21,172
P07602,AKSDVYCE,62.22,90
Q8ND04,QSTDSLGT,62.67,217
Q9H553,TSFDSVVP,62.76,239
P54132,DSLDGPME,62.79,43
O94888,EKADGVVE,62.93,205
P20700,NSKDAALA,63.13,198
Q14814,DHLDLNNA,63.16,190
P29144,QAQDGAIS,63.32,229
O43379,SACDGLLQ,63.64,22
Q96ED9,DTPDSLSP,63.68,223
Q9BYT8,TDDDKYKI,63.69,325
Q15424,DSRDGWGG,63.89,216
P09972,AGTDGETT,63.91,327
P42704,DRLDSSAV,63.94,269
Q9Y4C1,VQDDSCVN,63.96,197
Q9P2E9,SQLDAAKS,64.14,198
P08758,VVGDTSGY,64.22,232
P19113,GAGDDPVQ,64.29,42
Q6SZW1,CLVDASDT,64.29,238
Q9BYT8,VSSDKEVR,64.29,322
Q5T5Y3,VSLDGSAD,64.52,217
O15511,DGGDGQAG,64.53,265
Q00534,TYLDKVPE,64.58,319
P27708,EAVDGECP,64.62,277
Q7Z4H7,ELIDSLGS,64.67,184
Q9H6X5,LSLDGLAP,64.71,17
P54259,DLRDRLKP,64.77,193
Q9P2E9,QARDAQDV,64.77,88
Q8NFH3,LDSDGGFE,64.78,247
Q6PD62,SENDSRPA,64.86,185
Q15003,DEPDHTAV,65.42,107
O60508,DEKDVAKP,65.48,310
Q14153,EESDSCAL,65.48,84
P26641,ADSDIVPP,65.62,256
Q09666,EVPDVNIE,66.09,230
Q14697,AEGDGAQP,66.12,121
P02765,AKCDSSPD,66.2,142
O75995,PEDDSGVP,66.48,182
Q96D46,IYRDSAIP,66.56,308
O00273,VTGDAGVP,66.67,3
P52565,DKTDYMVG,66.67,327
Q5VYV7,TSSDSVIA,66.67,24
Q8N3D4,TAADSQQP,66.67,3
Q96D71,VDADGLIT,66.67,222
Q96G46,QTADGQTE,66.67,78
Q9P2K8,SDTDGLDS,66.67,72
Q7Z2Z1,FQTDGVPW,66.88,154
Q5TZA2,DKTDGAMQ,66.95,118
P31689,DEMDQVEL,66.98,215
Q7Z417,NRVDGSKP,67.53,194
Q8N0X7,FLVDGVCT,67.61,318
O14686,DEPDALYV,67.74,124
Q8NC51,SDLDQSNV,67.74,124
Q07817,SSLDAREV,67.78,180
P30154,LELDSVKS,67.92,265
Q5JTH9,LEIDGSEE,67.96,309
O95801,LFLDGLST,68.14,113
Q9P2E9,DAQDVQAS,68.18,88
Q09666,DVPDVNLE,68.4,212
Q09666,EAPDVSLE,68.49,219
Q96SB3,EEEDPAPS,68.53,197
Q15327,DFRDGEYE,68.86,167
Q6ZRI6,TEPDSATA,68.97,29
P14625,VKFDESEK,69.02,326
Q4G0J3,METDSGVP,69.05,84
O43716,VDTDGVEP,69.21,302
O43852,YSHDGNTD,69.51,328
Q9Y282,LDKDGIPV,69.77,311
P42566,TNLDFFQS,69.8,202
Q06203,TQLDVPHV,69.83,242
P31749,TPPDQDDS,69.91,319
P46013,ESADGLQG,70,20
Q04656,INIDGMTC,70,130
Q5T4S7,GDSDSAAP,70.32,310
Q92619,EDCDAGCL,70.37,108
Q96G28,CLTDGSDV,70.42,311
P25098,TVFDTINA,70.44,318
O00308,ALTDGSQL,70.45,176
O94804,DAVDAAST,70.59,34
O95696,ISTDAAAS,70.65,310
O43707,SMGDYMAQ,70.75,106
Q05655,DMQDNSGT,70.8,113
Q8TAK5,AEVDAVVV,70.83,48
P14625,LELDTIKN,70.86,326
P56381,AVRDALKT,70.99,162
P14625,EDEDDKTV,71.17,326
Q15366,TGSDSASF,71.26,174
P31944,VGGDEIVM,71.3,115
Q96T88,AETDSRPA,71.3,108
Q8N684,GSRDSGPP,71.35,171
P52566,LLGDGPVV,71.38,325
P19338,DDEDDEEE,71.43,7
Q6PIZ9,TLVDSFSP,71.43,112
Q96JQ2,EEADGSQS,71.43,21
Q01581,DGVDAGKY,71.6,324
Q9BTE3,DERDASAL,71.68,279
Q16829,TESDGSPV,71.69,325
Q96BY6,DSLDNSVT,71.78,163
O43290,HAIDSFRE,71.86,231
P41250,VDVDKAVA,71.9,306
Q9UHR6,EELDNAPG,72,75
Q96SB3,LDADAVSP,72.07,179
O43719,GEPDSLGQ,72.13,122
P55011,ASRDGGGV,72.22,18
P54105,RTEDSIRD,72.24,299
Q8N5S9,EEADGGPE,72.36,123
P23246,DAKDKLES,72.39,326
Q96I25,TEKDASKK,72.41,319
P49790,DITDFQAK,72.46,138
Q13370,DTADFLNK,72.5,120
Q7L2H7,LEPDKQEA,72.53,324
Q9UKJ3,DYVDKEKA,72.55,306
P25800,DKEDGVPM,72.56,266
Q9Y4G8,DSVDSGSK,72.7,326
Q32MZ4,TVKDCVDI,72.73,44
Q659A1,SEMDMSCE,72.73,121
O43707,QEDDWDRD,72.76,301
Q7Z2Z2,ELQDGCSE,72.88,59
Q92576,EEVDSMSK,72.89,166
Q96RR4,LEADGQEV,72.9,107
Q8TCU4,GLPDSHLT,72.92,48
Q14204,TRTDSTSD,72.96,318
Q3LXA3,EAPDSTAA,72.97,111
Q96BY6,EETDSSEN,72.99,137
Q9NY61,YLVDGTKP,73.13,67
Q7Z333,VEEDSVSR,73.26,86
Q9UP83,DELDGIIK,73.29,307
P51606,VQRDGQAV,73.33,195
O14492,LLTDAVDL,73.39,109
Q99798,DKWDGKDL,73.46,324
Q5M775,EGTDALGP,73.47,98
Q92917,DRQDGPAA,73.47,98
P49792,HETDGGSA,73.48,181
Q15633,DARDGNEV,73.74,179
Q9NQG7,EDVDGVCE,73.91,23
Q12802,SSLDGNKP,74.07,27
O75362,VKNDGKNQ,74.13,143
Q8NEZ2,EESDNIAE,74.13,317
Q5JSZ5,SQVDGGLS,74.14,174
Q9BSD7,VPVDGFYT,74.2,314
Q86UP2,DNADSSPV,74.22,128
Q9BTC0,TAEDGVPA,74.29,35
P32455,LEADGQPL,74.47,141
P25205,KDGDSYDP,74.51,102
O43903,SRVDGKTS,74.57,291
P21127,SAEDGLKH,74.61,319
Q6UN15,VDLDSFED,74.61,323
Q9HAV4,IQKDSLDQ,74.72,265
Q8IY81,SDDDGFEI,74.78,115
P54252,DLPDCEAD,75,320
Q08378,ESPDGPGQ,75,28
P30622,LARDGHDQ,75.08,317
P17542,EITDGPHT,75.09,289
O60260,LHTDSRKD,75.25,101
O43852,YDHDAFLG,75.26,291
Q16513,DITDCPRT,75.34,296
P11177,TVRDAINQ,75.4,252
Q15003,DFPDGSLG,75.44,114
Q7Z3T8,EEVDVAVI,75.61,41
P10809,LAVDAVIA,75.62,324
P82094,TVLDKVAE,75.63,119
Q9BVT8,AATDSMRG,75.63,119
P07858,FTEDLKLP,75.64,312
Q9H0R5,SVTDAILQ,75.7,107
P49327,PKEDGLAQ,75.81,62
Q9UPN6,HLIDHQIS,75.83,120
P42345,EILDGVEL,75.88,311
Q14847,DSQDGSSY,75.89,112
Q9Y4L1,LVEDSAEE,75.95,291
Q99613,EDEDGVSA,76,100
Q9UHR5,LVSDAYGE,76.39,72
Q32MZ4,SDLDGGNH,76.47,17
Q8IWB9,SEGDGYGS,76.54,81
Q8TCU6,DQADSAFP,76.54,81
Q9UDY2,EDTDGEGG,76.6,312
Q96SN8,DDLDGINP,76.64,107
P06400,DSIDSFET,76.65,167
Q8TDJ6,TEIDSIPP,76.66,317
Q7Z6I6,LENDSIEA,76.7,103
O14981,DSTDGEPE,76.77,310
P48147,PEADDIQY,76.8,319
Q7Z4V5,DIADGAVK,76.85,311
Q6NZY4,DGTDGETE,76.92,260
Q96JZ2,TSLDALVT,76.92,117
Q9Y6A5,ENCDFLFS,76.92,104
P11831,SESDSSGE,77.1,310
P52565,NEEDEHSV,77.13,293
Q9UMZ2,DKYDALKE,77.14,105
Q14146,HCRDGGAD,77.27,22
Q9Y450,EEYDYEDL,77.46,142
Q53SF7,AERDMLPS,77.59,58
Q96I24,AKIDSIPH,77.59,174
P08670,VQIDVDVS,77.68,327
P28715,AEVDSESL,77.78,108
P78559,HELDGQGA,77.86,131
Q96L73,PELDSVMN,77.97,118
P04406,KWGDAGAE,78.33,323
O15117,DADDGFPA,78.38,37
P31943,NSPDTAND,78.4,324
P52597,NSADSAND,78.4,324
Q96EV2,GESDGFFH,78.43,153
P05387,KILDSVGI,78.46,311
P16989,TGPDGVPV,78.46,260
P27816,EGSDTTGS,78.5,107
P48643,KISDSVLV,78.64,323
P40692,DKTDISSG,78.65,89
O43719,TQTDAGGE,78.69,122
Q9UM47,VDEDSSHY,78.74,127
Q9UK59,EDEDSIVS,78.75,80
Q14116,DCRDNAPR,78.85,104
Q14157,TGRDGSLA,78.93,318
Q8WXD2,DDPDGLHQ,78.93,299
Q6DKK2,QGADGAAA,78.95,19
Q7Z2E3,IERDAAQE,78.95,95
P19838,TTYDGTTP,78.96,309
Q49MG5,MAPDGCED,79.07,43
Q8TEQ6,QQLDTAST,79.1,67
Q14160,CQPDSGSP,79.17,48
P15311,YEKDDKLT,79.2,327
Q8IZW8,DSTDSPAS,79.2,125
Q9UMX1,IETDGSNL,79.25,318
Q14444,DQLDAVSK,79.32,324
P28370,DDIDNIAR,79.45,326
P27694,VQFDFTGI,79.52,293
P33991,LQSDGAAA,79.55,308
Q9H6T3,DVPDSTTA,79.55,88
Q9Y6Y0,NLLDGQAE,79.62,314
Q15365,AGIDSSSP,79.78,183
P30043,DEYDGHST,80,125
Q92851,SQTDVKTF,80,20
Q96C57,ASVDSAVA,80,5
O75940,ASSDSFAS,80.07,296
Q9Y4I1,TMTDSTIL,80.14,292
Q9UPN3,AQVDALQG,80.25,81
Q04206,DCRDGFYE,80.32,315
Q86WB0,TEPDASAP,80.33,122
Q9Y5U2,APTDCVSS,80.39,102
P54578,IEDDSVKE,80.47,297
O43707,IEYDKLRK,80.49,328
Q96SB3,LEEDDEDD,80.51,118
Q9BY77,EDDDGIAS,80.56,144
P27797,DQTDMHGD,80.58,309
O75496,ESLDNQEF,80.65,93
Q12888,VEQDSSQP,80.65,31
Q8WYP5,TEKDGDKD,80.65,31
P49792,DFADGERK,80.68,264
Q9BSI4,SVTDSVNL,80.85,94
Q49AR2,TNCDSSSE,80.9,89
Q96SB3,DEDDEEDG,80.91,110
Q8NCD3,DRTDGSVQ,80.95,21
Q9Y3X0,EKTDGMFK,80.95,126
Q12959,QPVDNHVS,80.99,284
P05455,DEHDEHDE,81.19,101
Q16566,YWIDGSNR,81.19,101
Q5JVF3,DSRDGASC,81.21,298
P14625,VRADDEVD,81.33,166
Q1KMD3,VEGDDVPE,81.36,177
Q3SXY8,AELDGTSG,81.36,59
P54578,GSADALPE,81.39,317
O00151,TAIDGENT,81.43,307
Q7Z7B0,VQTDAVSG,81.48,324
Q9NQC3,NAPDGAGS,81.52,92
P16989,EMKDGVPE,81.6,125
O43290,SESDGEEN,81.82,220
O75563,EEEDSAPV,81.82,55
Q15814,TKVDAAPG,81.82,22
P42166,KRIDQSKF,82,100
P49321,VSADKIED,82.05,78
Q16512,ATHDGPQS,82.08,106
Q08J23,YEPDSANP,82.2,309
P31749,TVADGLKK,82.21,281
O95433,HMVDGNVS,82.3,322
Q14126,ISVDSVTS,82.31,130
O43516,SKPDSIPP,82.35,68
P08238,AVPDEIPP,82.38,227
P16278,VAVDGIPQ,82.45,302
Q2TAZ0,CLRDGLPE,82.47,194
Q5T6F2,ASRDGSLA,82.53,292
Q9UQ88,TEGDYVPD,82.55,212
Q9HCN4,TAKDSLSP,82.56,86
Q15750,TSLDAVAQ,82.58,287
Q09666,SAPDISLG,82.65,98
P29590,VRTDGFDE,82.73,110
P28290,VEEDLFPA,82.76,58
Q9BSJ8,TTPDSQFG,82.81,128
P14314,AFIDAAQE,82.91,117
P30414,STSDSEGS,82.95,88
Q86WB0,TDLDASFG,82.96,135
Q7Z7A1,DIVDEIEC,82.97,229
Q53SF7,SAADSVES,82.98,94
P30519,TLEDGFPV,82.99,147
Q02413,DLRDGSNV,83.01,206
P21127,TEGDYVPD,83.03,218
Q14814,LTEDHLDL,83.07,189
Q16236,TEVDNYHF,83.08,130
Q9ULE0,MGIDSILG,83.17,208
Q9BRT6,LKLDGDVL,83.21,131
P49796,SSKDSATS,83.33,24
Q9C0D5,VAVDAAPP,83.33,24
Q9Y676,SEEDSLSS,83.47,121
P35222,YPVDGLPD,83.54,322
Q9NZL9,NQPDAASQ,83.58,274
Q14684,SRKDGLSD,83.72,43
Q86X95,VPTDGSGP,83.72,301
P11388,PQEDGVEL,83.75,80
Q9C037,ICLDYFQD,83.78,74
P45974,ESGDGERV,83.86,316
P78527,VDQDGDPS,83.87,93
P42224,MELDGPKG,83.94,274
P07737,LLQDGEFS,83.95,324
P78344,DETDSSSA,83.95,324
Q6PCB5,TSSDSTSS,84,125
Q76I76,LEFDHLPD,84,25
P14136,DLTDAAAR,84.1,327
O75554,VMADGVAP,84.13,126
Q05397,DQTDSWNH,84.14,227
Q15075,LVTDSSAE,84.25,146
Q9Y4F4,DKADLSTV,84.29,140
Q96RK0,TDLDSAPE,84.38,224
Q9UBQ7,RAADCEVE,84.4,141
Q96I24,NDIDSNST,84.52,323
Q14789,SEKDSLSE,84.55,110
Q2TB10,ITPDIATK,84.64,306
O14787,ERPDGSED,84.67,150
Q5JTH9,EEADGNKM,84.69,98
Q12912,ASGDSVVS,84.72,72
Q96F63,VALDSDTS,84.76,105
Q92917,DSGDGAGP,84.78,92
Q7Z6Z7,LSPDGLPE,84.81,237
Q9Y608,IIPDGTPN,84.84,310
Q12802,DGPDGNSN,84.85,33
Q9NRL2,QLTDADTK,84.9,245
Q9BYV8,EDNDSAAS,84.97,153
O00148,VENDLLDY,85,20
Q27J81,AEADSTSE,85,20
P98170,SESDAVSS,85.04,127
Q96PY6,VSEDGVSS,85.11,47
Q96PU8,ELPDAVGP,85.38,301
P49792,STTDSVYT,85.39,89
Q9NPR2,VVEDGVAD,85.44,103
Q9Y618,GTLDGVYP,85.45,110
O60488,THFDSLAV,85.48,248
P52292,VVIDAGAL,85.63,327
O95425,HVGDGSSD,85.71,28
P15311,LEADRMAA,85.71,154
P19338,EDDDDEDD,85.71,7
P42331,SDSDTTSP,85.71,105
Q9H6Y2,EDPDSMEA,85.71,98
P37802,ARDDGLFS,85.8,324
P35222,DLMDGLPP,85.85,311
P68104,TRKDGNAS,85.93,327
Q15003,DLDDLFVG,86,100
Q6PIJ6,VQEDGEVV,86.01,143
Q13546,SLLDSTNT,86.05,86
Q02750,VEGDAAET,86.06,287
Q96JP5,EEDDSALP,86.11,36
P25054,QEADSANT,86.18,123
Q13263,DAQDANQC,86.23,167
P09874,VEVDGFSE,86.25,160
P18583,TLPDSGFS,86.32,117
Q03164,QHTDSTQS,86.4,125
Q9P265,QETDSAVQ,86.44,118
P78559,DMGDGILP,86.46,96
Q86VQ1,SSLDTITG,86.49,259
Q53EL6,TYIDSYKG,86.5,311
Q8IWV8,LELDASTS,86.51,252
O76024,ERADGTGP,86.52,89
Q93008,SSPDSSNE,86.52,267
P49454,CDKDAQQD,86.54,52
Q6AI08,AEKDGVSS,86.54,52
Q96JM3,LQIDAIDD,86.55,119
Q8N9T8,EEPDSASV,86.57,201
P42695,INIDSSGE,86.67,75
P60842,NGPDGMEP,86.67,150
Q14790,REQDSESQ,86.67,45
Q8TCU4,DLADSHLP,86.67,45
Q96FS4,CLQDGGSP,86.73,98
Q9NZ43,LGTDSAEP,86.73,113
Q9BQ67,ESGDTSSE,86.78,121
Q58WW2,STRDSALQ,86.79,106
P15976,EDLDGKGS,86.89,122
P56182,DDRDSGGP,86.96,46
P83369,VSSDSFDP,86.96,92
Q8IW35,LEDDGVAD,86.99,123
O94964,AEADGLAE,87.02,131
Q9UBE0,DGPDTKRA,87.05,193
Q9NXR5,QSLDSAVP,87.19,203
O15540,VSLDGDKL,87.2,328
O95817,LEADQPLQ,87.2,125
P49792,TKHDGTGG,87.2,328
P11387,DDADYKPK,87.38,103
O00566,EDIDFFED,87.5,24
O76024,NEHDGGAQ,87.5,232
P54578,KETDSSSA,87.5,296
Q5T1V6,VPVDAVAT,87.5,24
Q9H8H2,DKLDSFAI,87.5,80
O75475,EVPDGAVK,87.54,313
Q14160,MQPDGEGP,87.6,121
Q15154,EDGDGAGA,87.6,121
P43146,SCQDLTPV,87.61,234
Q9H6T3,EVSDTSSL,87.62,105
Q5T5P2,NHTDSAGT,87.63,97
O43164,DSYDPDGK,87.72,114
Q8NBU5,QETDGFSG,87.74,310
P06241,EERDGSLN,87.77,319
Q9H223,GAFDGTTE,87.77,327
Q96ST2,MQNDSFHS,87.78,90
Q9BYW2,DIKDRGPL,87.79,131
O00470,GGMDGVGI,87.86,206
P10451,DTYDGRGD,87.88,99
Q5T5Y3,AEHDFMGE,87.88,99
Q9UPP1,DEQDSLGA,87.97,133
P06396,SEPDGFWE,87.98,233
Q96MW1,GEGDGGGG,88,25
Q9NX31,DSSDATQV,88,125
P54132,TEVDFNKS,88.04,92
P62258,MQGDGEEQ,88.12,303
Q9H6S0,FRVDGIPN,88.18,220
Q6PCB5,ASLDSVFS,88.24,119
Q8TCU4,ALLDSHLP,88.24,51
Q9NW13,EESDSIDD,88.24,34
Q92785,DKEDSQPP,88.26,264
Q13492,SLLDALEQ,88.27,324
Q9HCD5,SSTDSLPG,88.31,154
Q8IWI9,GESDSISP,88.33,120
O43390,KLCDSYEI,88.34,326
Q9H0H5,TETDSVGT,88.39,224
P12814,PEEDWDRD,88.4,250
Q12888,ERGDGNSG,88.43,121
Q9UPN7,DGEDGAWQ,88.46,52
Q9UPT8,ASTDSSTQ,88.5,113
Q2NKX8,DEDDSFKD,88.52,61
P12268,EEHDCFLE,88.54,323
Q14008,DEPDDGSN,88.55,131
Q9NS87,HVMDSAAE,88.62,123
P27816,GKTDYIPL,88.64,132
O15540,QEGDKVVI,88.72,328
A2VDJ0,ICTDAMRE,88.76,89
Q9UPQ0,SQVDSPSS,88.8,125
Q8NCG7,TELDGGDQ,88.85,305
O95453,EQTDSCAE,88.89,36
P42166,DKIDASEL,88.89,108
P82970,ENIDTSAQ,88.89,27
Q9H6R7,IALDAEPV,88.89,27
Q8NC51,HAEDSVMD,88.96,308
Q9UH99,EARDSSPH,88.98,127
Q08209,DGFDGATA,88.99,327
Q6P4F7,VSCDGALS,89.01,91
Q9UKX7,TLVDKVSN,89.09,55
Q6PIF6,EDVDGLAE,89.1,211
Q92804,DQPDYGQQ,89.17,120
Q8N111,SSPDATPE,89.19,74
O76024,GVRDAAAP,89.23,65
Q08211,DTPDTTAN,89.23,65
Q9Y4E6,TAPDASGP,89.25,214
Q99708,CLADSFSQ,89.26,121
P35606,QELDGKPA,89.34,122
P20810,FLLDALSE,89.42,104
Q92925,AEGDSAGT,89.44,142
P46013,DAADSATK,89.47,19
Q13233,DTLDGQQD,89.47,114
Q96JH7,ETTDGCVA,89.47,190
Q96SB3,DEEDGEPP,89.47,114
P14868,EIMDAAED,89.52,124
P16150,GVVDAWAG,89.55,67
O94913,DKTDGKDD,89.57,115
Q9UNX4,EAEDGAFE,89.57,115
Q96CK0,EELDGSDM,89.58,96
Q9Y6Q9,SWPDGMLS,89.71,175
A6NKT7,DVADAASE,89.72,214
P0DJD0,DVADAASE,89.72,214
P0DJD1,DVADAASE,89.72,214
Q7Z3J3,DVADAASE,89.72,214
Q53QZ3,SHYDSDIK,89.73,146
Q5BKZ1,RSMDSYLN,89.76,127
Q96N16,METDAVQM,89.76,127
Q8IXH7,DEADGGQQ,89.77,88
P15924,DVLDGHLR,89.78,225
O75717,VEEDAEDS,89.8,98
Q9NR30,PEPDCNPS,89.83,59
Q9UMZ2,DYKDFTKQ,89.83,118
Q8IZ73,QELDTIAL,89.89,89
Q8NFC6,EEVDGSQG,89.92,119
O43852,ETKDWILP,89.94,328
O60499,IMLDAFAQ,90,320
Q09666,PDVDVHGP,90,210
Q14005,SSTDSAAS,90,20
Q5JRA6,DQTDSTGG,90,20
Q5SXM2,AEADGSVA,90,20
Q9UHQ1,SVRDAAVD,90,120
O95817,KEVDSKPV,90.11,91
Q8IZ73,VETDVMNQ,90.16,122
Q9H4A3,DVDDGSGS,90.16,122
Q969E8,AATDGVCP,90.18,112
Q9NZZ3,TTVDAMKL,90.18,326
O15540,LDGDKLVH,90.21,327
Q9UPN3,DAPDGSDA,90.23,215
O94854,VVEDGSDC,90.24,41
P09884,VDDDGIGY,90.28,72
Q27J81,DEEDTAPE,90.32,31
P05067,VKMDAEFR,90.37,270
P27797,EEMDGEWE,90.37,301
Q12888,LEDDSGSH,90.4,125
Q15046,HTTDNGVG,90.4,125
Q92804,DSYDQQSG,90.4,125
P18858,VRIDGAVI,90.41,219
Q8IZ21,ENSDSFSE,90.41,219
P27816,LAKDGVLT,90.48,21
Q8NEF9,SEKDSVVS,90.48,42
Q8WVB6,PQVDGSPP,90.48,21
Q7Z6B0,THLDISLF,90.52,116
Q99755,DIPDGLFL,90.52,327
P22314,QNLDGVAN,90.56,286
O14974,TQTDSISR,90.57,212
Q9UHX1,QGTDSIKM,90.57,106
Q86VM9,DVRDTVLE,90.58,308
Q5VYS8,EHTDSAAG,90.6,117
P42858,DEEDILSH,90.65,214
Q9HCM1,SSVDGVQT,90.74,54
Q9Y3A4,DYADSVPD,90.77,130
P21333,VTYDGSPV,90.8,326
O43561,ASLDGSRE,90.82,98
Q5T3U5,QESDSATA,90.83,109
Q8IZ73,GLTDSTAP,90.83,120
Q9Y5V3,SEPDGATA,90.83,120
P19525,DLPDMKET,90.91,22
Q8WWI1,PSPDASQL,90.91,22
Q9BVS4,IKEDSLSE,90.91,44
Q02880,SDVDIFPS,90.97,155
P38936,DHVDLSLS,91.01,89
Q99767,DYPDGQLP,91.01,89
Q9P1Z2,EEADGGSD,91.03,145
Q8NFC6,EECDGLMA,91.04,67
O75410,MEEDGSTV,91.07,112
O60237,DETDGSEE,91.11,90
P04626,DVFDGDLG,91.13,124
P98171,DVLDSFQT,91.13,124
Q96AE4,DQPDAKKV,91.14,237
Q8TF05,TSQDSALL,91.15,113
Q9UJU6,EHIDHHIQ,91.15,113
Q13490,ENADPPII,91.18,306
P00533,DMDDVVDA,91.21,307
P56945,DSPDGQYE,91.21,239
Q07820,PAADAIMS,91.21,91
A2RRP1,IDIDSISY,91.23,114
Q9BWU0,DYQDCSKT,91.3,23
P27540,TELDMVPG,91.34,127
Q92558,TYVDHMDG,91.34,231
Q9HAW4,EEADSPSD,91.35,104
O14639,IETDHWPG,91.38,232
Q96BU1,DETDSSKD,91.38,116
P30304,DLLDGENL,91.41,128
Q8N163,AAPDAGAE,91.41,128
Q13402,EDLDAALP,91.45,269
P10415,DAGDVGAA,91.46,82
P49327,PGLDGAQI,91.49,94
Q9Y6J0,DAGDSADQ,91.49,94
P49711,AATDAPNG,91.51,106
P10809,PALDSLTP,91.56,320
Q9NUM4,DAYDGVTS,91.58,202
O00566,SVSDAALL,91.59,321
Q12982,DDLDESGE,91.59,309
Q9H3P7,THTDSSEK,91.6,119
P14625,KESDDPMA,91.61,322
Q86YV0,SEFDSEHN,91.67,36
Q8NDX1,VHQDGLEP,91.67,12
Q9UNS1,LSMDSVVP,91.73,133
Q13439,LDLDSSTA,91.75,206
Q709C8,DWTDSKLS,91.75,97
Q04864,DCRDGYYE,91.77,316
Q09666,DVPDVEVQ,91.78,146
O14715,DVADAASE,91.79,207
O95260,TMDDAVAG,91.8,122
Q5UIP0,TINDSLIV,91.8,61
Q9C0C7,TVQDSATP,91.82,110
Q99666,DVADAASE,91.83,208
Q9Y4F3,QSHDGSST,91.85,270
P49792,DVADATSE,91.87,209
Q92888,AEVDAEKP,91.87,123
Q8TBA6,EGLDSSTA,91.88,320
Q96K76,NERDSSAS,91.88,234
P49736,EEEDGEEL,91.89,185
Q96SB3,EEMDKLLD,91.89,148
P55036,ADIDASSA,91.91,272
P25205,DAKDGDSY,91.92,99
O75083,GENDSFAG,91.94,310
Q6P2E9,EENDSLGA,91.94,248
O60315,EERDGHAV,91.99,312
Q12906,VMPDGSGI,92,325
Q69YH5,VSSDAVPD,92,25
Q92974,LEPDSGGN,92,125
O75113,DLSDSSAD,92.04,113
Q92576,VCEDFSAS,92.05,239
Q16625,ERVDSPMA,92.06,126
Q92574,TEEDGVPS,92.07,227
O75525,ETYDSYGQ,92.08,265
Q8N9N2,DEEDFYQG,92.09,139
Q9UBN7,DMADSMLM,92.11,38
P54727,TATDSTSG,92.13,178
Q63HN8,ICIDCHAP,92.13,305
Q53GL0,VEEDSYLA,92.15,293
Q13439,DQTDKMKQ,92.16,51
P00533,DEEDMDDV,92.18,307
Q9BUN5,EEEDGVTE,92.19,128
Q96T37,LVTDAFGH,92.2,141
Q86V81,DLFDSGFG,92.23,193
Q8N573,TSADGHIE,92.24,219
Q9NVP1,ATVDGLEQ,92.24,322
Q6ZRS2,NENDGFPA,92.25,129
O60784,VGTDSSQQ,92.31,104
Q08J23,SKKDGVCG,92.31,130
Q15544,TDTDGIPE,92.31,104
Q6IQ19,DAEDAALP,92.31,13
Q8N2F6,DLTDGSYD,92.31,13
Q92766,VDLDSSGE,92.31,130
Q96RS0,DEQDCVTQ,92.31,13
Q96T58,STTDSIQE,92.31,234
O15540,EEFDETTA,92.38,328
Q9NZN5,PQTDSVIQ,92.39,92
O15511,DEEDGGDG,92.4,263
P15056,PASDSIGP,92.42,132
P55884,DFVDDVSE,92.44,119
Q07820,TSTDGSLP,92.47,93
P29083,IDMDAFQE,92.54,228
O14576,DSGDLGPL,92.55,255
O43242,GEADGKTA,92.55,94
Q14690,VGLDSLTP,92.55,94
Q92945,SQGDSISS,92.59,216
Q9H6R7,SICDGSIA,92.59,27
Q9NR50,VGVDSLIG,92.62,149
P53396,MPQDSVPS,92.63,217
Q8WUI4,VVDDGLEH,92.63,95
P46087,MEQDAQAP,92.68,123
Q6ZVH7,LQLDGLPS,92.68,82
Q6ULP2,YNLDSVPS,92.7,137
Q09666,DAPDVDVH,92.79,208
Q13439,MNVDVLKP,92.79,111
Q6NXE6,VSADGSQE,92.8,125
P06400,LQTDSIDS,92.82,181
O94854,TEEDGTPE,92.86,14
P27824,EVEDSKPD,92.86,28
P30419,SETDSAQD,92.86,126
Q6UB98,TEKDSLIC,92.86,140
Q99590,DSVDEETA,92.86,70
Q9NQC3,FGNDFVPP,92.86,14
Q9Y4K1,AALDGGVA,92.86,70
P26641,FEGDDGFC,92.91,254
Q5VT06,SVKDFEQT,92.92,113
Q8N4C8,ERSDSVLP,92.92,113
Q8IYD1,PSGDGVSS,92.94,85
O43707,VENDRQGE,92.95,312
Q92917,ALADGVVS,92.98,114
Q9H501,SAKDGTSP,93,100
Q9UQC2,HHFDSLGY,93,200
Q14151,DSRDGWGG,93.01,143
Q15477,EEPDMTGQ,93.02,129
O75533,VGLDSTGY,93.06,317
P13747,TAVDTAAQ,93.1,58
P22234,ELLDSPGK,93.1,232
Q12802,ERVDSLVS,93.1,116
Q7Z7A1,HVVDGLVR,93.13,131
P78344,IRQDAVKD,93.15,321
A6NC98,LGADGAGS,93.16,117
O43310,EDGDGINL,93.17,205
Q96T88,DECDMAFH,93.17,322
O75695,VVQDYVPI,93.21,324
Q8IYD1,TETDFVAP,93.21,324
Q99996,SLLDGVVT,93.22,59
Q9P2E9,EDGDIAGA,93.22,118
P07900,DEDDPTAD,93.23,325
Q8N4C8,SKPDSSPV,93.23,133
Q5T8P6,DQVDHNSY,93.27,312
Q9NQV6,ESVDGSDP,93.27,104
P22626,HLRDYFEE,93.29,328
P52292,SFPDDATS,93.31,314
O95671,DLSDVEGG,93.33,15
Q15361,VEGDGAMM,93.33,15
Q9UPQ9,EEEDGGVW,93.33,135
Q13043,TMTDGANT,93.37,166
Q92974,AEEDGGSG,93.39,121
Q9Y6X8,VAKDSWAA,93.39,121
A6NIH7,AADDGVGA,93.4,106
Q16643,EDIDAGAI,93.43,289
Q12888,VSSDGCST,93.44,122
Q9Y2L9,DRADGLHS,93.44,122
O14925,SHADLAGV,93.46,153
Q9NWQ4,VHMDAVEP,93.46,107
O15234,AAPDAAPP,93.48,46
Q9NZ52,AELDTTNS,93.48,46
P16333,SVPDSASP,93.5,200
Q9H0E9,VEADVAIG,93.5,123
P15170,VETDTVAP,93.52,324
Q05513,DSEDLKPV,93.53,232
Q70CQ2,INIDSTWQ,93.53,170
Q9BTC0,AQPDSVYC,93.53,232
P17947,GEADGLEP,93.56,233
P49756,LPVDSVFN,93.56,326
P55209,LLSDMVQE,93.6,328
Q13428,SGVDSAVG,93.65,63
Q9Y3A2,EQFDVATH,93.65,315
A6H8Y1,QNIDGIVG,93.75,32
O75475,DAQDGNQP,93.75,128
P09496,DAVDGVMN,93.75,128
P78316,DSPDSHLD,93.75,16
Q9NRY5,ILEDGNCE,93.75,64
Q9UNF1,SEKDSSSM,93.75,32
Q16643,VGEDVPDA,93.77,305
P23588,LEGDVSTT,93.8,258
Q8TAP6,FVTDSVEQ,93.8,129
Q92598,VQTDAQQT,93.8,129
O43815,NEADSLTY,93.81,323
Q9C0C9,ETPDGSAS,93.81,113
Q9NZN5,THSDGAIS,93.81,113
Q05513,DGMDGIKI,93.82,259
Q92608,DQPDYAMY,93.83,308
Q9BSE4,VNNDGQNA,93.83,227
P49792,ALDDSVSS,93.84,292
Q92620,DQKDAEEE,93.85,130
Q9HAS0,DSEDGSPS,93.86,114
Q1MSJ5,LDIDSSRP,93.88,98
Q8N6S5,TQGDSWGE,93.88,49
Q96CT7,TIEDAIAV,93.88,278
Q9ULT8,EGHDSLSV,93.88,278
Q6NUK1,DIGDSLTI,93.9,328
O75475,WEIDNNPK,93.91,230
Q5M775,PNVDGTSV,93.94,99
O15027,SHSDSLAS,94,50
Q9H9L4,VVGDGMQC,94.01,284
Q9UBI9,AHFDYSPA,94.04,235
P07949,VSVDAFKI,94.06,320
Q15813,IGFDSIMK,94.06,101
P20963,DVLDKRRG,94.07,118
P49792,DVADSFKK,94.07,236
Q13233,GVEDTLDG,94.07,118
Q14790,LEMDLSSP,94.07,118
Q6FIF0,SQLDSTSV,94.08,152
O60318,ESTDSLGG,94.12,119
P50454,QTTDGKLP,94.12,323
Q99733,ERLDNVPH,94.12,238
Q9UQ35,FQSDSSSY,94.12,34
Q9UPN6,EGQDGVEE,94.17,120
P68104,AIVDMVPG,94.19,327
Q16566,PAPDAPLK,94.19,327
P47712,DELDAAVA,94.2,276
Q7Z5R6,QDLDALMA,94.2,207
P98171,QNMDSVFK,94.23,104
Q9Y2X7,ESLDGDLD,94.24,191
P18848,LAVDGLVS,94.27,227
Q92945,STPDFGFG,94.27,192
Q5TB80,DSLDSVAE,94.29,105
Q9C0B9,AEKDGSGP,94.29,35
Q5W0B1,DFCDSSNV,94.31,123
Q13114,EEADSMKS,94.32,229
P49116,SLADGIDT,94.35,248
Q16891,RELDSITP,94.37,231
A1L170,SGTDAAPE,94.38,89
Q9BQC3,CCPDTGKT,94.4,125
Q9NQC3,SETDYVTT,94.4,125
P13995,DNVDGLLV,94.41,322
Q3KQV9,CQVDGVPQ,94.43,323
O15530,PAMDGTAA,94.44,36
O60763,TEKDSMIE,94.44,108
P19338,VEEDSEDE,94.44,54
P27816,DLADLVFP,94.44,90
P51957,SVSDGFVQ,94.44,36
Q6NYC8,ATVDAAVP,94.44,72
Q8N1G4,TEADAVSG,94.44,90
Q8TCG2,EEEDGERE,94.44,18
Q96JH8,VVLDGHLE,94.44,18
Q12982,IDLDGLDT,94.46,307
Q13263,AAGDGTVV,94.51,91
Q07864,DQLDNIVD,94.52,310
Q92667,DSVDSCCS,94.53,128
Q9UKJ3,SNLDGKKE,94.53,128
O00750,DGSDGGVS,94.55,55
P32519,PRPDSPAT,94.57,129
Q8WWI1,DNLDSPRS,94.57,129
Q9H2L5,SSTDSSGP,94.59,37
Q96G21,LEFDDAGG,94.69,245
Q05513,EETDGIAY,94.71,227
O95685,SDLDGGVA,94.74,19
P07602,QPKDGGFC,94.74,95
P12755,AVPDAAAP,94.74,19
P46013,DSKDSVAQ,94.74,19
Q13177,SHVDGAAK,94.74,285
Q15459,SKEDSAPS,94.74,114
Q16643,IETDTATA,94.74,19
Q8IY17,AERDGFQD,94.74,19
Q9BU89,QEVDAIGQ,94.74,19
Q68CP9,SVPDVSPA,94.78,230
P09651,GSYDSYNN,94.79,96
Q12888,SDVDANTA,94.79,96
Q86XZ4,ESVDSLSE,94.79,192
Q9UPN3,DLCDGSAN,94.79,96
P42858,DSVDLASC,94.81,212
Q8NBA8,DSADGLWE,94.81,77
Q8WU90,DEVDDSVS,94.85,136
Q01543,SLFDSAYG,94.86,214
P14314,TQTDATSF,94.87,117
Q13546,LQLDCVAV,94.87,117
Q09666,DTPDINIE,94.93,217
Q8TD16,VSLDGLKF,94.96,238
Q96A49,GKIDGIID,94.98,279
P27816,PVKDMAQL,95,20
Q5UIP0,TGHDGETE,95,20
Q96B01,TEPDFAPG,95,80
Q96HA7,DDTDGLTP,95,20
Q9NWK9,QETDSSLV,95,20
Q96LT9,TEVDASNI,95.04,121
Q9ULZ2,DYVDVLNP,95.04,121
Q9P2W9,TWGDGKGE,95.07,203
Q8N4X5,SSVDGHPE,95.1,204
Q9BTC0,SVSDALMS,95.1,204
P04637,SDSDGLAP,95.12,164
Q8ND30,DLSDGTCE,95.12,123
Q92804,GQQDSYDQ,95.12,123
Q9ULX6,LETDMMQG,95.12,164
Q9HAW4,MGTDGKEE,95.16,124
Q9Y4X4,LSVDHFQT,95.16,248
P61758,EDVDSFMK,95.2,250
O15027,DRADSGPT,95.24,21
O15534,SELDGLGL,95.24,42
P09496,GPTDSYAA,95.24,273
P10451,LVTDFPTD,95.24,42
P46013,NFGDSINE,95.24,84
P46013,THTDKVPG,95.24,21
Q14761,TDYDHVAD,95.24,21
Q6ULP2,TSIDGMER,95.24,105
Q7Z434,SQVDSPFS,95.24,21
Q96RS0,TSHDGHQQ,95.24,63
Q9Y2W2,DKSDGESD,95.24,105
Q9Y2W7,QGSDSSDS,95.24,189
Q12968,DDVDSELN,95.27,148
O95801,EDEDSASE,95.28,106
Q99741,SEVDGNRM,95.28,127
Q9Y2H0,DTQDANDS,95.28,127
P14625,VDVDGTVE,95.29,191
P55072,VEEDDPVP,95.3,319
O75880,DEIDSITT,95.33,321
Q86VX9,ECLDGTLT,95.33,107
Q8TDJ6,EEDDAVGL,95.33,107
Q8WUA2,DYLDGVHT,95.34,322
Q92734,DTVDGREE,95.34,236
O95671,VKHDSIPA,95.35,43
Q9BRD0,DSPDLAPN,95.35,43
Q92569,DNIDAVGK,95.41,327
Q9HAW4,TTYDSAEE,95.41,109
O43296,PECDGLGT,95.45,22
P78559,AEYDSVVA,95.45,66
Q5TAP6,MNVDGPNP,95.45,22
Q6ZRI6,AEPDSAPA,95.45,22
Q8IWU2,TESDSVLA,95.45,22
Q8WUA4,EEVDGAPR,95.45,22
Q96RS0,YERDSLLA,95.45,22
P56524,DVTDSACS,95.48,155
P15923,TLPDLSRP,95.49,133
Q9BYW2,DSHDSIKE,95.49,133
Q14444,GGYDGYRP,95.5,311
O75417,SEMDSVQM,95.51,89
Q8IXW5,NEQDFVSS,95.51,89
Q06413,SSYDGSDR,95.55,247
O43251,AQTDGQQS,95.58,226
P50991,AFADAMEV,95.6,318
Q5VT06,SSIDSVSE,95.61,114
Q8WXG6,TDQDSVIG,95.63,229
P55265,VRPDGHSQ,95.65,23
Q99575,EVMDAGCQ,95.65,23
Q96RE7,EEEDGGEE,95.68,139
P23246,EMEDAYHE,95.69,325
P49321,TSADKVES,95.69,116
Q96SB3,EEDDEDDE,95.69,116
Q8WX93,LGADSATV,95.72,304
P51784,ELCDAAGR,95.73,328
P35579,KMEDSVGC,95.77,142
Q00613,YAPDAVAS,95.77,71
Q9H875,DYMDAMAE,95.78,308
O75717,EEEDGQEG,95.8,119
P55081,AALDALNT,95.8,143
Q8TEQ0,WSVDGEVT,95.81,215
Q9H2P0,EWKDGASP,95.81,191
O43432,VEADGQTE,95.83,120
P18848,DTCDLFAP,95.83,120
P78527,DWVDGEPT,95.83,312
Q14789,EEQDSLSM,95.83,24
Q9P107,SDVDSVGG,95.83,96
O75475,GEGDSVIT,95.87,315
Q9P2F8,VVGDAVAE,95.87,121
P10275,VSVDFPEM,95.9,244
Q9P107,DLGDGLEN,95.9,122
P36551,DDLDSPSK,95.91,318
Q8IWX8,NQPDAAWN,95.91,220
Q8N108,PSADMLVH,95.91,220
P35611,DDSDAATF,95.92,98
P42331,SRTDSFSS,95.92,98
P53621,PELDISPG,95.92,196
Q53F19,VELDTLSQ,95.92,196
Q9BYT8,FEYDGKIN,95.93,270
Q9UBU9,EEDDGDVA,95.93,123
P14316,ETTDSVPS,95.95,222
Q8NDI1,LYADSSKT,95.95,222
P07355,LEGDHSTP,95.96,198
Q14157,NPSDSAVH,95.96,223
Q15154,SEEDGRGE,95.96,223
O75995,TSPDYSLD,95.97,124
Q13023,NAVDGSPS,95.97,124
P42574,ESMDSGIS,96,125
P42858,DLNDGTQA,96,225
Q15650,TEPDTTAE,96,125
Q7Z6I6,LEVDCAKE,96,25
P19022,VEPDAIKP,96.01,326
P63241,GIQDGYLS,96.01,326
P43487,ENTDESNH,96.04,227
P68402,SQGDSNPA,96.05,177
Q14694,LALDGSSN,96.05,76
Q8N7H5,EEMDYAPD,96.05,253
Q9NYF8,EALDYFSD,96.05,152
Q9NYF5,EEEDGVNL,96.06,127
Q9UBK2,SMPDGTPP,96.07,229
Q92614,VHRDGFSL,96.11,283
Q15154,PTVDSTQQ,96.12,103
Q7Z6I6,CSLDSAGP,96.12,129
Q96II8,DSTDSITG,96.12,103
Q9BSJ2,MKLDGELG,96.13,155
Q9ULX6,ERYDSYES,96.13,181
P20810,TDKDGKPL,96.15,130
Q5TAX3,NELDFADH,96.15,26
Q9GZR7,TVSDQALL,96.15,26
P09496,AILDGGAP,96.21,132
Q13263,LATDSTFS,96.21,132
Q7Z6E9,NKTDSLFV,96.21,211
P31749,DQDDSMEC,96.23,318
Q8IWI9,MDTDSALS,96.23,106
Q66GS9,VALDGGRS,96.24,213
Q6PD74,AQVDSIVD,96.24,133
Q9H8W4,VTIDSIKD,96.27,322
O43390,RAIDALRE,96.3,324
Q14790,VETDSEEQ,96.3,135
Q7L099,TEGDGQIT,96.31,325
Q92540,LAADGSPG,96.31,217
P0DPH7,IQPDGQMP,96.33,327
P10275,LHVDDQMA,96.33,327
P68363,IQPDGQMP,96.33,327
Q6PEY2,IQPDGQMP,96.33,327
Q71U36,IQPDGQMP,96.33,327
Q9BQE3,IQPDGQMP,96.33,327
Q9P270,ELRDATSL,96.4,111
P26599,AAVDAGMA,96.41,223
Q7Z2E3,TSIDSVVI,96.41,306
Q01826,VEMDSLSE,96.42,307
P46100,ASTDGVDK,96.43,56
Q8N302,VENDAYPG,96.43,28
Q9ULG1,DGDDSFIS,96.44,309
P34932,DHLDAADM,96.46,311
Q6ICG6,TEEDSSPA,96.49,313
Q14677,VSSDSVGG,96.51,258
Q9NUQ6,SSTDSANE,96.52,115
Q9P0L2,TSVDGYTE,96.52,201
P14136,VELDVAKP,96.53,317
Q13464,DLSDSTSV,96.54,231
O95153,SIADTPPA,96.55,29
Q2KHR3,IELDGLPS,96.55,116
Q92619,DGADAVFP,96.55,87
Q96SB3,LEKDSEGL,96.58,322
Q9BSJ8,THVDSPLE,96.58,117
Q6UWI4,VQHDSVPM,96.61,236
Q9Y520,HHTDANNQ,96.61,118
P78347,VVVDGMPP,96.62,237
P29692,DDIDLFGS,96.63,89
Q02156,DDVDCTMT,96.64,327
Q96SB3,DKLDADAV,96.65,179
O15013,DQKDALPS,96.67,30
O43815,AAGDGAAA,96.67,90
Q13492,ATVDAVDD,96.67,210
Q15003,HVADGSAT,96.67,60
Q96EY5,LSLDAASQ,96.67,120
Q01105,EEDDDDDE,96.68,211
P26368,MTPDGLAV,96.69,242
P51532,APLDGADP,96.69,181
Q8TEW8,SGVDSAVY,96.69,121
Q9UKV3,VTMDTSEN,96.69,121
A0MZ66,AEADSSSP,96.7,212
O15355,DDVDNEEA,96.71,304
P49023,FPADEANS,96.71,152
P49790,VSSDSGSI,96.72,122
P52747,IQADGTVA,96.73,275
Q01105,EDDDDDEE,96.74,215
O43719,FSNDGASS,96.75,123
P06748,DSMDMDMS,96.75,123
P23588,NKVDGMNA,96.75,123
Q2NL82,CATDAVDD,96.77,124
Q6IQ23,AEEDALFM,96.77,124
O75312,VKTDSAAT,96.81,282
P17947,HVLDTPMV,96.83,221
P19338,TEIDGRSI,96.83,126
Q14980,DSLDLSCE,96.83,126
Q14C86,DHTDPEDN,96.83,315
Q5JSZ5,IHVDSVLP,96.83,315
Q93073,EDEDGFQE,96.83,126
Q9UGR2,TRLDALDS,96.83,126
Q5JSJ4,NQVDSLSD,96.84,95
Q8NEZ4,DTPDSFVP,96.84,316
Q8IXS8,LSVDSVEL,96.85,222
Q9BQS8,TETDSLDP,96.85,127
P02545,VEIDNGKQ,96.86,287
P31749,EEMDFRSG,96.86,223
P38117,VVTDGVKH,96.86,223
Q03001,DIIDDLVK,96.86,223
P05783,DALDSSNS,96.88,128
Q9NSC2,DQVDCSDL,96.88,160
P22681,NEDDGYDV,96.89,161
Q15334,EHADSLAQ,96.89,322
Q96RD7,DMRDGACS,96.89,225
Q9NUU7,VDKDGNPD,96.89,322
Q5T1M5,SSRDSAAP,96.9,129
Q7Z417,SGTDSVLQ,96.9,129
Q8N163,EGLDGGLP,96.9,129
P23508,ECADAASP,96.91,97
Q7Z4S6,DNTDTDQE,96.92,65
Q9Y6B6,EELDSLMT,96.93,326
Q96S94,QVLDGTSG,96.95,131
Q8NFA0,KKVDAQSS,96.97,66
Q96T58,PKVDATRP,96.97,66
Q9NVC6,VGLDGTET,96.97,264
P10244,SFLDSCNS,96.98,232
P42694,FQNDGIVQ,96.98,199
P07814,DQVDIAVQ,97.01,234
O43303,LDIDGLQK,97.02,168
Q08945,TQEDGVDP,97.02,302
Q9Y5M8,STLDSSST,97.02,302
Q8NEZ4,TQTDLFVT,97.04,203
O75592,SLTDSTCD,97.05,237
P09497,GPADGYAA,97.05,237
Q13136,TLTDGVLD,97.05,237
Q70CQ2,HTVDSCIS,97.05,237
O43683,TVTDSMFA,97.06,68
P41214,VQMDSTLQ,97.06,34
Q8WU90,EVDDSVSV,97.06,136
Q9UPN4,TEDDASSL,97.06,34
Q1KMD3,DYMDEVTY,97.08,171
Q8TAK5,TVQDGQQV,97.1,138
P07900,LEGDDDTS,97.12,104
Q9H0V1,CSPDGQPT,97.12,312
Q9Y2K2,VEPDGTLN,97.12,312
P14625,DEVDVDGT,97.14,175
P27816,LARDMTLP,97.14,35
Q9Y5A9,NGVDGNGV,97.14,210
Q9HCP0,VHVDSGAS,97.15,316
Q96BR5,LAHDGQVN,97.16,211
Q9NWH9,VEDDAFIK,97.17,106
P54105,MEVDTTPT,97.18,213
P78527,DEVDNKVK,97.18,213
P14317,TDPDFVND,97.19,320
Q01105,DDDDDEEE,97.2,214
P13639,PFPDGLAE,97.21,323
P31350,SLVDKENT,97.22,108
Q68CZ2,HSVDSLGT,97.22,216
Q8N9B5,DHCDSLPS,97.22,36
O60506,DERDGAVK,97.23,325
P35611,DRVDENNP,97.24,326
P53985,TSIDVAGK,97.26,73
Q12906,VEVDGNSF,97.26,328
Q16513,DEVDSLMC,97.26,328
Q86W56,DEIDVVPE,97.27,110
O60486,DVVDSFGT,97.3,222
P50851,SSVDSAQA,97.3,37
Q9HCN4,VALDAGTA,97.3,111
O95402,VNLDGQVA,97.31,223
Q96SB3,EEVDESKK,97.32,112
Q96A49,DAFDACNL,97.33,262
Q9C0C9,GGTDSVSP,97.35,264
Q9Y2W7,DSSDSELE,97.35,189
P60484,QEIDSICS,97.36,265
Q4LE39,IEVDSVAG,97.36,227
O43164,VHTDSYDP,97.37,114
P80723,TKSDGAPA,97.37,38
Q02078,STTDLTVP,97.37,228
Q13541,VLGDGVQL,97.37,114
P54252,EANDGSGM,97.38,229
Q9H1E3,YGRDSGPP,97.4,231
Q16236,EELDSAPG,97.41,116
Q6P2E9,LGLDGGPG,97.41,116
Q9UIU6,SSSDGITN,97.41,232
Q9Y2D5,SSRDGEFT,97.41,116
P13010,NAVDALID,97.42,194
Q92538,DHSDSASV,97.42,310
Q9UBC2,PGPDSSGS,97.42,310
Q9UIG0,DNKDSAAF,97.42,233
P55199,DALDGLLQ,97.44,313
Q13451,DCRDVAFT,97.44,312
Q96N64,GETDGQQS,97.44,78
Q96SB3,GEDDEETG,97.44,312
Q9P1Y5,DEGDGSPA,97.44,117
P49711,NQTDGGEV,97.45,235
Q8IZ21,MVLDSVEA,97.46,118
P29590,PHLDGPPS,97.47,79
Q9H2G2,HITDAQLE,97.47,79
Q16643,QKTDAAVE,97.49,199
Q9UNF0,SSTDANGD,97.49,239
P46527,DPSDSQTG,97.5,120
P49792,EEPDSITK,97.5,40
Q5VT06,LQLDSTAH,97.5,120
Q96B23,VQKDGVAD,97.5,200
Q9P1Y6,DEEDGASC,97.5,40
Q02447,NSIDSAGI,97.51,241
Q7Z422,IQDDSLPA,97.51,241
Q5JSH3,DSLDSKGK,97.52,121
Q5VYS8,NEQDGDLE,97.52,121
Q9BYW2,TMEDSDGV,97.52,121
Q9H0D6,FTSDGSPS,97.52,202
Q13009,IDSDAVSA,97.54,203
Q14145,TFLDSVEC,97.54,244
Q9BYD3,HIMDSLEL,97.54,244
P08670,IDVDVSKP,97.55,327
O94966,VDSDGRPD,97.56,328
Q12802,PETDGQFL,97.56,41
Q9Y2L5,EVKDGLPN,97.56,123
O60502,SVVDGTPL,97.58,248
Q14494,SALDSADL,97.58,207
Q16643,SPSDSSTA,97.58,124
Q1MSJ5,INTDDESS,97.58,124
Q9UBF8,VNGDGVDS,97.58,124
Q13362,MVVDAANS,97.59,249
Q13263,DGADSTGV,97.6,125
Q8NHV4,DGFDFLPQ,97.6,125
Q96HN2,VSPDGTVT,97.6,125
Q9UKA4,TCVDGLHV,97.6,125
P56524,LERDGGAA,97.62,210
Q04637,DRLDRART,97.62,126
Q6UWE0,LEQDGIEN,97.62,126
Q9Y6I9,TQVDGTGA,97.64,127
O75410,LEFDFTED,97.65,85
Q9NSI8,SCSDGTSN,97.65,213
P10636,DMVDSPQL,97.66,214
Q9BYW2,TSDDSVTG,97.66,128
Q9H4L5,TITDSSSG,97.66,128
P04626,DMGDLVDA,97.67,129
P19338,AMEDGEID,97.67,258
P27708,GTPDGTCY,97.67,129
Q92945,IRKDAFAD,97.67,43
Q9H2X6,VECDSLVP,97.67,86
Q92614,DRVDGVKS,97.69,260
P43146,LSVDRGFG,97.71,175
Q86UE8,YGLDGSAA,97.71,218
Q86UX7,DVLDSLTT,97.71,131
Q96PU5,SVTDAVAE,97.72,219
Q8NFC6,TNLDSSPS,97.73,44
Q99549,EVLDSVCQ,97.73,176
Q86TI0,VDLDSSLS,97.75,89
Q8NDI1,DDPDAAEL,97.75,178
Q9BX66,DDSDLYSP,97.75,178
O75122,DATDSSQT,97.76,223
P53990,VETDLIDV,97.76,223
Q3T8J9,VCMDSFQP,97.78,225
P40121,IVTDGEEP,97.8,182
O75909,DATDLPKV,97.83,46
P06400,DEADGSKH,97.83,230
P49023,NPQDSVGS,97.83,92
P55210,NDTDANPR,97.83,323
Q68CP9,VRVDSVPD,97.84,231
Q92558,DHMDGSYS,97.84,232
Q9UHB9,DANDAHQT,97.84,232
P52747,VSIDGSES,97.85,233
P08670,CEVDALKG,97.86,327
P62191,NQLDGFDS,97.86,327
Q6P1L5,DPRDKENG,97.86,234
Q99848,DKLDFLEG,97.86,140
Q9Y6E0,AETDGQAS,97.86,234
Q7Z460,VSRDGGAA,97.87,235
O43164,EELDSVPL,97.89,95
Q7Z6I8,DQFDIYSS,97.89,237
O60508,SNIDGFLG,97.91,287
P27448,SELDASDS,97.91,239
P45974,DDLDAEAA,97.92,240
Q6GYQ0,TVKDGLSL,97.92,192
Q8NDT2,FALDAAAA,97.92,96
Q9NRA8,DDLDVVLS,97.93,241
P42166,EERDSGSF,97.94,97
Q10567,DLFDLTSG,97.94,194
Q86UL8,SLDDGLAP,97.96,147
Q9BQQ3,SLLDNSNA,97.96,98
P46934,DQPDAACH,97.97,148
P61289,DGLDGPTY,97.97,246
Q14149,VRNDAVIL,97.98,99
Q6P1N0,LSPDGLMI,97.98,99
Q99959,TVFDSIPA,97.98,99
Q96PN7,DTRDGLGL,97.99,149
P18583,LESDSFLK,98,100
P06454,EEGDGEEE,98.02,101
Q12972,TELDNLTE,98.02,253
Q8NF50,DEEDAVEI,98.02,303
P25490,DDSDGLRA,98.05,205
P36507,PVVDGEEG,98.05,307
O75376,LRPDVARG,98.06,310
P52948,DEEDVDMA,98.06,155
Q99081,PLHDSAAL,98.06,206
P14625,IDPDAKVE,98.08,52
P20810,DAIDALSS,98.08,104
Q8TDD1,DSEDGEFE,98.08,104
Q92733,IAPDASFI,98.08,208
Q86VP1,SRPDGLED,98.1,211
Q02750,PAPDGSAV,98.11,159
O15117,DNQDGVTH,98.13,107
P20936,DTVDGKEI,98.13,321
Q8WYQ5,DEPDSMGA,98.13,107
Q9NTI5,EEVDVFQG,98.13,107
Q6ZVM7,ADLDALSP,98.14,322
Q9UBU8,DHPDAPMS,98.14,323
Q9UPY3,DHPDADKT,98.14,323
Q9UQ35,SESDSSPD,98.15,108
Q9Y613,DRGDGEPV,98.15,108
Q5TH69,LESDSASP,98.16,217
P09651,SREDSQRP,98.17,328
Q96AE4,HHGDGPGN,98.17,328
Q9BUF5,ELVDAVLD,98.17,327
Q14694,NSTDSVSD,98.18,55
Q8N4X5,SCPDAVVA,98.18,110
Q8TAP9,SPRDGYGS,98.18,55
Q0VF96,DLQDQLSE,98.19,277
Q96IZ7,IESDSFVQ,98.19,166
Q96RK0,IADDGFGT,98.2,222
P14635,ILVDTASP,98.21,56
P23528,VFNDMKVR,98.21,280
Q8IWB9,VLADGLSV,98.21,112
P18583,EIADSSMT,98.23,113
P28290,DSTDCLSL,98.24,227
O94988,DDADGFIS,98.25,228
P29374,IEVDSIAE,98.25,229
P53621,LDEDGFVE,98.25,171
Q9UQF2,DESDSATV,98.26,288
Q9P289,DESDSEGS,98.27,231
O60573,TQKDGEKE,98.28,233
P56524,STVDVATA,98.28,174
Q6P0Q8,KEQDVVTG,98.28,58
Q8IX21,DETDGSSA,98.28,116
Q9BQQ3,TLPDSLTS,98.28,116
P27708,VASDGVVA,98.29,293
Q13601,TVPDGWKE,98.29,292
O75150,PTCDGTPL,98.31,118
Q56P03,DEVDVLLH,98.31,236
Q9P258,NQTDAVPS,98.31,295
Q9P2D1,DDADAAGR,98.31,237
Q9BRS2,NVTDSVIN,98.32,297
P12931,ASADGHRG,98.33,120
P16144,DELDRSFT,98.33,120
Q96JQ2,DLIDFAST,98.33,60
Q9BRD0,NVEDAMKE,98.33,300
Q9UPN7,SSVDGQLE,98.33,120
Q12959,YMNDGYAP,98.34,302
P20700,VEVDSGRQ,98.35,303
Q8TD26,DKVDGLQK,98.35,121
Q96T37,DRSDGSAP,98.35,121
P26045,CSPDGVDQ,98.36,122
P46527,ESQDVSGS,98.36,122
Q13367,TLTDSTLV,98.36,122
Q92945,EDGDQPES,98.37,123
Q99590,MECDSFCS,98.37,123
Q9UBW7,IETDIIGS,98.37,123
Q9Y244,ELKDSIPV,98.37,123
Q08J23,LEVDGQKV,98.38,308
O00559,EEEDAAWQ,98.39,310
P36915,EEEDGPAV,98.39,124
P54577,LEKDFAAE,98.39,311
Q5T6F2,DYSDSTST,98.39,62
Q7Z7A1,DFIDGNVE,98.39,124
Q9NZJ0,TELDGQVE,98.39,124
Q5T200,TSRDSLAL,98.4,125
Q9H582,SCVDSFGS,98.4,187
Q9UEE9,DEVDGEEQ,98.4,125
P43243,ENADDPNK,98.41,126
Q9C0C9,TAPDASVP,98.41,126
Q86YS7,LCSDSLPS,98.43,127
Q8N302,DTCDGCEP,98.43,318
P46379,DEQDGASA,98.44,128
P55072,VAKDVDLE,98.44,320
P00558,FLKDCVGP,98.45,323
P07205,FLKDCVGA,98.45,323
Q9NVA2,VGFDSLPD,98.45,323
Q9Y3A4,VEVDTFME,98.45,129
P38606,MEVDGKVE,98.46,324
O60437,TVADSGTN,98.47,196
P27986,DDEDLPHH,98.47,326
P40306,VFQDGVIL,98.47,261
P68366,IQPDGQMP,98.47,327
Q12873,EEVDGYET,98.47,262
Q13509,ELVDSVLD,98.47,327
Q6PH85,EATDSFFQ,98.47,327
P12814,LEGDHQLI,98.48,328
Q14151,DHRDGQHY,98.48,198
Q6P4F7,LGIDGLCA,98.48,197
Q13043,LDEDSLTK,98.5,266
O14974,DRYDSLLG,98.51,201
O60566,DVCDEFTG,98.51,134
Q14686,SKKDGQPS,98.51,134
Q8WXI9,AMTDAANS,98.51,201
Q96I24,QERDGFGG,98.51,268
Q99436,VYKDGIVL,98.51,268
Q01105,GEEDDDDD,98.53,204
Q9BQP7,VEEDALLC,98.53,68
O15417,ADADGLAP,98.54,205
P02730,TATDYHTT,98.55,69
P67809,SAADTKPG,98.55,69
P00519,EHRDTTDV,98.56,209
Q12888,DGLDASSP,98.56,208
P05549,DRHDGTSN,98.58,211
Q14151,HAVDGEGF,98.59,71
Q8NAN2,ASTDSFAS,98.6,215
Q13438,EAADSASG,98.61,72
Q9H6T3,SEEDGIHV,98.61,216
Q02078,TLTDSSML,98.62,218
P48506,AVVDGCGK,98.63,293
Q5JTV8,MQNDSILK,98.63,73
Q15459,KTEDSLMP,98.64,220
Q3SXY8,DETDRPSL,98.65,74
Q96PU5,DSNDSASQ,98.67,225
Q9C0F1,VSEDYASC,98.67,75
Q9H981,AQGDGLMA,98.67,226
O60506,DYYDYYGY,98.68,227
Q9UEW8,DEMDEKSE,98.69,306
A3KMH1,AEKDAVPE,98.7,307
O60232,SDVDKDNP,98.7,231
P21333,DTRDAEMP,98.7,154
P45974,IARDGLGG,98.7,231
P49792,DVTDGRAK,98.7,308
Q6DCA0,QHVDSSSG,98.7,230
Q02156,SSPDGQLM,98.71,232
Q6ZNE5,SESDSAMT,98.71,311
Q9Y3S2,EEGDGASG,98.71,232
O96019,MEIDGDKG,98.72,313
Q13542,AISDAAQL,98.72,235
Q5H9R7,DEIDFKET,98.72,313
Q8N1F7,DALDFTQE,98.72,312
Q9NW75,HESDFAVD,98.72,235
Q8NCN2,GDVDSVTV,98.73,236
Q8TBC4,MAVDGGCG,98.73,314
Q9UL15,FEIDSVDT,98.74,238
Q15276,DESDFGPL,98.75,240
P26639,TLPDGKQV,98.76,322
Q96K76,TDKDGEQP,98.76,241
O15020,ERVDSANA,98.77,324
O60784,TDLDMLSP,98.77,244
P07900,IDEDDPTA,98.77,325
P20290,QSVDGKAP,98.77,326
P46531,DHMDRLPR,98.77,326
P62753,VAADALGE,98.77,325
O75030,NDPDMRWN,98.78,328
P12814,NELDYYDS,98.78,328
P31943,THEDAVAA,98.78,328
P51991,SREDSVKP,98.78,328
P62191,DGFDSRGD,98.78,328
Q96SI9,VDVDGTTY,98.78,328
Q9BQ87,MEIDGDVE,98.78,327
Q9BXJ9,HEADTANM,98.78,327
P49257,VQSDGTVP,98.81,253
P98095,IMADGVSC,98.81,253
O00273,DAVDTGIS,98.85,87
O15075,DENDGPGE,98.85,262
O60303,DEYDSIEE,98.85,87
Q12905,STWDGVIV,98.85,262
Q93009,ALSDGHNT,98.85,262
O14974,ANVDGLTA,98.88,267
O15020,VCTDGEPS,98.88,89
Q71RC2,VQKDGLNQ,98.88,89
Q9BRP8,DQPDSAAT,98.88,89
O15117,THSDGAGN,98.89,90
Q13009,DETDHSSK,98.89,180
Q14683,DLKDAQAE,98.89,180
O00750,VDYDGIND,98.9,91
Q13263,SSGDGGAA,98.9,91
O15085,VDMDAAAE,98.91,184
Q96C57,HEQDGNEL,98.91,184
Q9Y6T7,VTVDGQGL,98.91,276
O75400,NSMDVAAG,98.92,186
Q01130,DAEDAMDA,98.92,277
O96028,IKYDSLLE,98.94,188
Q04695,VEMDAAPG,98.94,284
P51813,DFPDWWQV,98.95,95
Q14151,DGTDGLLD,98.95,95
Q8N806,EHQDSTLK,98.95,95
Q7Z6K3,MEVDGLND,98.96,193
Q9ULV0,LESDSNYP,98.96,288
O15027,RPYDGAAS,98.98,98
P63241,ETGDAGAS,98.98,294
O14579,SRRDSIVA,98.99,297
O60499,DLLDASAV,98.99,99
Q16630,DQIDLYDD,98.99,298
Q8N1F8,DLSDSLSS,98.99,99
Q8WWM7,KEVDGLLT,98.99,99
Q9H3M7,DLVDVNTP,98.99,296
P35670,GGLDGLGP,99,100
P48147,EDPDSEQT,99,299
O95674,AKVDGETA,99.01,101
Q5PRF9,TAKDGAPG,99.02,102
O00139,QDVDATNP,99.03,309
P08621,DGPDGPEE,99.03,103
P14625,EESDDEAA,99.03,103
P39880,GTQDAAKP,99.03,310
Q14149,VQCDACLK,99.03,309
O00170,ADLDALQQ,99.04,312
P04818,DFLDSLGF,99.04,314
P29966,VNGDASPA,99.04,104
Q14240,MDPDGVIE,99.04,312
Q6ULP2,DDLDNVAD,99.04,208
Q96B97,VENDFLPV,99.04,209
P33992,ELPDAVPH,99.05,315
P50991,TDMDNQIV,99.05,315
Q09666,DVPDVNVQ,99.05,211
Q14141,VGFDSLPD,99.06,320
Q5T6F2,TTEDWTED,99.06,213
Q92888,LSLDSPDR,99.06,106
Q96AC1,DEVDAALS,99.06,318
Q9NX05,VSYDSSAS,99.06,106
Q9Y232,TAVDGFQS,99.06,213
O15265,PKMDGTLL,99.07,215
O15381,QEVDGEIE,99.07,107
O60832,EYVDYSES,99.07,107
O75717,DLFDGDDM,99.07,107
O94913,DQLDSKSK,99.07,107
P21333,DNADGTQT,99.07,322
Q8N6Y1,NQSDIFVI,99.07,321
O43707,DQWDALGS,99.08,327
P02686,IQEDSAAT,99.08,218
P23246,DDEDGLPE,99.08,325
P49585,TEEDGVPS,99.08,218
Q8TD55,DVPDSGPP,99.08,109
Q9ULV4,LYPDTAGP,99.08,325
P0DP24,ADIDGDGQ,99.09,328
P11142,TIEDGIFE,99.09,328
P24534,DDIDLFGS,99.09,110
P29692,DETDMAQL,99.09,328
Q14146,CPDDVGYL,99.09,110
Q16576,SHCDSDKG,99.09,328
Q5T5X7,HSVDSVLT,99.09,110
Q5TAX3,TCTDNTGD,99.09,110
Q15139,CQNDSGEM,99.1,222
Q9BWU0,DSLDAFMS,99.1,221
Q9NZM5,LEVDQFLE,99.1,111
Q9Y6X4,EEEDSTSE,99.1,111
P09651,SYNDFGNY,99.11,112
P55347,SEPDAEGV,99.11,224
Q15181,VPTDVDKW,99.11,112
Q9H1E3,QEKDSGSD,99.11,112
O43660,NATDSYVH,99.12,226
P20810,DLIDTLGG,99.12,113
P51116,LESDGPNM,99.12,114
Q99457,DKVDTLFL,99.12,113
Q99741,LVFDNQLT,99.12,113
Q9Y240,DTRDAVQA,99.12,114
O14530,EHLDSEIQ,99.13,230
P52294,VMSDGGFH,99.13,231
Q09666,SMPDVGLN,99.13,231
Q13114,ESVDKSAG,99.13,230
Q9P2B2,SRVDGVVL,99.13,229
A7XYQ1,LTPDSWNI,99.15,234
P43487,EDHDTSTE,99.15,117
Q7Z5J4,YCCDGRED,99.15,117
Q92576,EENDFFNS,99.15,117
Q9Y5V3,TSADGSQA,99.15,117
P78317,DHADSCVV,99.16,119
Q4V328,EERDCHLK,99.16,119
Q96A33,DKPDTSSS,99.16,237
Q96TA2,TGLDSAVD,99.16,237
Q9C0C9,ELSDSGQQ,99.16,119
Q9GZY8,DFLDLERP,99.16,239
Q9NZB2,NHVDSAYF,99.16,238
Q9Y2I7,DVFDGHLL,99.16,239
A1X283,SLLDGEGP,99.17,120
P49321,GSGDAVPS,99.17,121
P49768,AQRDSHLG,99.17,121
Q70EL1,LEVDSTAS,99.17,121
Q92628,IVLDGMEL,99.17,241
Q96AE4,PQNDSFGT,99.17,241
Q9BQQ3,SFLDSPGA,99.17,120
O15042,AHMDASGP,99.18,122
O60244,DMMDSLIS,99.18,244
O60506,GYEDYYDY,99.18,244
Q13596,LFADATVE,99.18,122
Q4AC94,HELDSMDC,99.18,122
Q9NZJ5,DVEDGTMD,99.18,122
P15170,SLGDGRPP,99.19,124
Q14980,EEPDSANS,99.19,124
Q86VB7,DSYDAAVA,99.19,123
Q8WY36,LFLDAIHP,99.19,124
P43243,ENADGQSD,99.2,125
Q9BYW2,PHVDGLHS,99.2,125
P46531,CLLDSSGM,99.21,252
Q86UX7,DDLDVALS,99.21,127
Q92547,DVKDALAA,99.21,254
Q96QC0,GALDAKPV,99.21,127
O95218,RVSDGDWI,99.22,255
P49768,ENDDGGFS,99.22,128
Q15149,ILRDKDNT,99.22,256
Q15365,SPLDLAKL,99.22,128
Q9Y2X7,LEDDAIYS,99.22,128
Q14149,TETDAVFL,99.23,130
Q8NI27,TVKDSLIE,99.23,130
P23588,PATDSFDD,99.24,132
P61978,LESDAVEC,99.24,131
P23193,NARDTYVS,99.25,133
P51532,SEVDARHI,99.25,267
Q01130,DAMDAMDG,99.27,275
O15265,FDPDIHCG,99.29,282
P98175,PTRDGLGS,99.29,281
Q5H9R7,TSQDAACK,99.29,141
Q8NDX1,NCLDAAAD,99.29,140
Q8WWY3,TQLDLSGD,99.29,140
Q14839,TAVDGYET,99.3,285
Q9H6E5,VEVDGWDC,99.3,142
Q9ULV0,DTEDALQQ,99.3,287
Q92870,DETDIWSD,99.31,291
Q9NR30,RLLDSVPP,99.31,291
Q9Y4X4,VTLDSVNE,99.31,291
O94992,GEEDGGSD,99.32,146
Q00013,VTEDMYTN,99.32,147
Q96RE7,QESDSVQC,99.32,147
O43491,PQIDGGAG,99.33,149
Q96JQ2,EVKDLFVD,99.33,297
Q9BYJ9,TVVDGQPG,99.33,298
O43707,DDWDRDLL,99.34,303
P19012,VEMDAAPG,99.34,301
P27708,IDVDAVAS,99.34,303
Q08211,EEVDLNAG,99.34,304
Q15751,ASPDSIQT,99.34,305
Q5T4S7,SAVDSVAG,99.34,305
O14497,GQSDSIMH,99.35,309
O94992,GGSDGMGG,99.35,153
P22102,SGVDIAAG,99.35,308
Q5T200,INYDYVHE,99.35,308
Q9UKE5,EEEDGESE,99.35,153
O60684,LLMDSYVS,99.36,313
Q05397,VSWDSGGS,99.36,312
Q5T447,ETTDALPE,99.36,313
O00299,KVLDNYLT,99.37,319
O14617,LDLDAWIN,99.37,316
P11831,EETDLTYQ,99.37,318
P31150,TCNDIKDI,99.37,316
P35251,DLVDSQIR,99.37,317
Q58A45,TEVDSYHS,99.37,319
Q96QZ7,FDPDDPNT,99.37,319
Q9NW64,SNSDGTRP,99.37,319
O14757,SNLDFSPV,99.38,160
O43169,AGVDASES,99.38,322
P04406,QERDPSKI,99.38,323
P04406,VIHDNFGI,99.38,324
P13639,FGPDGTGP,99.38,324
P31150,DENDPKTF,99.38,323
P35222,ADIDGQYA,99.38,325
P42574,IETDSGVD,99.38,324
P60484,NEPDHYRY,99.38,322
Q06455,LLLDASTT,99.38,325
Q14839,EYLDATGG,99.38,323
Q86VR2,EDLDGHSD,99.38,324
Q8WWQ0,DKVDSIQF,99.38,323
O75167,DSPDYDRR,99.39,327
O75369,DNGDGTHT,99.39,326
P04406,VSSDFNSD,99.39,326
P15153,VMVDSKPV,99.39,328
P17544,ARTDSVII,99.39,327
P31153,QSPDIAQG,99.39,327
P31942,THEDAVAA,99.39,328
Q15691,KFFDANYD,99.39,326
Q96AE4,IAPDSGGL,99.39,328
Q99439,SGVDIGVK,99.39,326
Q9UN86,GGVDASGK,99.39,326
O94973,VFSDSASV,99.4,168
Q04637,LVDDGGWN,99.4,166
Q53ET0,TSSDSALH,99.42,173
O75410,SNRDGHAT,99.43,176
Q9P0K8,GSVDGGAV,99.44,178
Q9Y2X7,HDYDSVAS,99.44,178
O15105,DCPDAVPS,99.45,181
P09211,ALVDMVND,99.45,182
Q15365,ASLDASTQ,99.45,182
P11274,CGVDGDYE,99.46,186
P37275,SVTDAADC,99.46,186
P08670,LLQDSVDF,99.47,187
P14136,QEADEATL,99.47,189
P08047,NSPDAQPQ,99.48,191
P56945,DVPDGPLL,99.48,191
Q9UNY4,DQLDSTGR,99.48,193
P05783,VEVDAPKS,99.49,197
Q7Z460,DDEDSVDG,99.5,201
Q96QC0,GFLDALNS,99.5,200
P31942,YGRDGMDN,99.51,204
Q14789,DVTDAQIK,99.51,204
O15014,TSNDAFDS,99.52,209
P06400,LENDTRII,99.52,209
P08047,VQQDGSGQ,99.52,207
P08670,SLADAINT,99.52,209
Q9UPP1,IEEDYTTD,99.52,210
P42261,VSHDFPKS,99.53,212
P46934,GQVDVPLY,99.53,214
Q14444,YQRDGYQQ,99.53,212
Q15366,WGLDASAQ,99.53,212
Q9BWW4,SPADSTNS,99.53,212
Q9NXR1,ERTDTAVQ,99.53,215
P12270,DGNDGYEA,99.54,219
P51693,VEVDPMLT,99.54,218
Q9UKG1,LSLDSLVA,99.54,219
O43390,DYYDDYYG,99.55,222
O43491,VDIDVLPQ,99.55,224
Q6UXV4,FGKDAYVY,99.55,222
Q96QZ7,DQTDSSGQ,99.55,221
Q9HBD1,DEPDGQSE,99.55,221
Q9NWQ8,VLKDSSSQ,99.55,224
Q9UJC3,DQLDGSFD,99.55,224
P42575,DQQDGKNH,99.56,227
P49023,SLLDELES,99.56,227
P63104,TQGDEAEA,99.56,226
Q07021,LVLDCHYP,99.56,229
Q53RE8,SQPDSAGY,99.56,227
Q66GS9,TEIDQLAQ,99.56,229
Q86VP1,DGADGAFY,99.56,229
Q9H9B1,LETDGLQE,99.56,229
P14314,DCKDGSDE,99.57,235
P17010,CKVDGTCP,99.57,235
P42575,EESDAGKE,99.57,233
Q14BN4,DTTDAQMD,99.57,233
Q8WWW0,SIYDAIKE,99.57,234
Q92997,TETDSLVS,99.57,232
Q9Y6Q9,SNTDATGL,99.57,234
Q02447,LSGDSTLN,99.58,240
Q06210,SRVDSTTC,99.58,238
Q12772,DEPDSPPV,99.58,236
Q13435,EAMDGSET,99.58,237
Q8NDV7,TTVDSISV,99.58,239
Q96JN0,SEQDGVLD,99.58,240
P11498,NNVDAVHP,99.59,244
Q15276,VGADSVSE,99.59,243
Q7Z6Z7,DMEDSVLA,99.59,245
Q9Y2X7,DLSDGAVT,99.59,246
Q13435,ARPDVVEM,99.6,249
Q15797,MTQDGSQP,99.6,250
Q8NCJ5,MMVDSYED,99.6,252
Q8WWY3,IEEDAYQE,99.6,251
Q9BXP5,SLDDSVDE,99.6,248
P08238,KYIDQEEL,99.61,257
P23588,DETDDLEG,99.61,255
Q13813,DETDSKTA,99.62,265
O95433,TERDASNW,99.63,272
P13612,IDNDGFED,99.63,273
Q16829,TNVDSSSS,99.63,273
Q9NVH2,QELDANSA,99.63,273
Q9NZZ3,SLTDCIGT,99.63,268
O60493,LEIDVSNP,99.64,279
P23769,DEVDVFFN,99.64,281
P63220,EFVDLYVP,99.64,278
Q9UJW0,HEVDSHYC,99.64,275
Q9UMY4,DLTDAYGP,99.64,277
Q9Y5S9,EDYDSVEQ,99.64,276
P14625,VEEDLGKS,99.65,288
P53667,DEIDLLIQ,99.65,282
Q14203,ETMDALQA,99.65,284
Q15545,STVDGDLY,99.65,285
Q6IS14,ETGDAGAS,99.65,288
O94921,QGMDSVIK,99.66,292
P20618,AGEDFAIV,99.66,292
Q5T4S7,TEEDSSQD,99.66,293
Q5T8P6,YDTDGYNP,99.66,295
Q9Y3A3,DEMDSTLA,99.66,296
P09234,DYCDTYLT,99.67,302
P12814,EDWDRDLL,99.67,302
P42229,KAVDGYVK,99.67,299
P55081,TSFDSAWG,99.67,304
Q13099,LENDAAFQ,99.67,299
Q504Q3,SEFDSFSQ,99.67,307
Q8TDI0,DDGDGYET,99.67,301
Q9H3P2,ATPDYAAG,99.67,306
O75592,SEVDGLNS,99.68,315
P09917,IQFDSEKG,99.68,313
P10109,LDIDGFGA,99.68,315
P23396,LAEDGYSG,99.68,312
P31939,EVSDGIIA,99.68,316
P35580,FAKDAASL,99.68,317
P46531,DCMDVNVR,99.68,313
P46531,EEEDAPAV,99.68,313
P52948,VTLDGVWP,99.68,310
Q03701,YSGDPLQD,99.68,314
Q06609,DVLDNVAY,99.68,317
Q13315,DIVDGMGI,99.68,315
Q7Z6E9,IMTDAVVI,99.68,316
Q92499,DEFDGKVT,99.68,314
Q96D71,ADPDTAIV,99.68,311
Q96N67,LERDSTEV,99.68,317
Q99496,LELDNNNA,99.68,316
Q9H8M2,SLTDSTAE,99.68,313
Q9H8V3,YEVDGCPA,99.68,316
Q9NRY2,DFRDHAEQ,99.68,313
Q9P2E9,ILRDALNQ,99.68,317
Q9UK45,LVLDGTIE,99.68,315
Q9ULH0,DLLDAGTY,99.68,315
O15014,SFTDNAPS,99.69,318
O60216,DFGDFGMD,99.69,318
O60256,DLVDGRHS,99.69,327
O60907,TVFDGRPI,99.69,326
O94804,FVVDGVEV,99.69,319
O95071,TCSDASSI,99.69,320
P07205,KLGDVYVN,99.69,323
P07237,AKMDSTAN,99.69,325
P07900,AEADKNDK,99.69,326
P09651,DDHDSVDK,99.69,327
P10515,IETDKATI,99.69,320
P11142,RFDDAVVQ,99.69,326
P14317,SQRDYAKG,99.69,324
P14625,IQLDGLNA,99.69,319
P14625,VDSDDLPL,99.69,327
P17980,NQLDGFQP,99.69,327
P18621,LDVDSLVI,99.69,321
P21333,YGGDPIPK,99.69,323
P23743,IDYDGSGS,99.69,325
P27824,EDMDGEWE,99.69,325
P29375,DKVDWVQC,99.69,326
P31040,DEYDYSKP,99.69,320
P35222,TQFDAAHP,99.69,327
P35749,DTLDSTAT,99.69,327
P36543,EEIDAKAE,99.69,324
P43250,AFLDGVAE,99.69,320
P48643,VDKDGDVT,99.69,322
P50570,DQVDTLEL,99.69,325
P55072,VAPDTVIH,99.69,323
P60842,EIVDSFDD,99.69,326
P61011,DSTDGAKV,99.69,320
P61011,QELDSTDG,99.69,320
P61247,LIPDSIGK,99.69,321
P62244,VLADALKS,99.69,323
P68104,KSGDAAIV,99.69,327
P68104,LPGDNVGF,99.69,327
P78371,VRVDSTAK,99.69,320
Q01105,VIKDDIWP,99.69,325
Q13242,VQKDGVGM,99.69,320
Q13813,DSLDSVEA,99.69,319
Q15459,VTWDGHSG,99.69,320
Q15796,LTVDGFTD,99.69,326
Q16181,DAVDNSNC,99.69,320
Q6IN85,DMEDGEAV,99.69,321
Q8WUA2,DLPDADIK,99.69,323
Q92945,ISPDSGGL,99.69,325
Q9NT62,EEDDGDGG,99.69,319
Q9P0J1,AHVDGVDL,99.69,326
Q9UQ26,DFLDGLGP,99.69,318
Q9Y478,EVFDALMV,99.69,325
Q9Y5K8,EGTDSYEL,99.69,324
Q9Y618,EIIDGLSE,99.69,323
O43707,NELDYYDS,99.7,328
O75131,IITDGVIT,99.7,328
P08134,IEVDGKQV,99.7,328
P09651,IKEDTEEH,99.7,328
P22626,VMRDPASK,99.7,328
P24534,DETDMAKL,99.7,328
P27540,TSTDGSYK,99.7,328
P35611,DIVDRGST,99.7,328
P43686,NQMDGFDQ,99.7,328
P62191,DEIDAIGT,99.7,328
P62195,DEIDSIGS,99.7,328
Q04917,AFDDAIAE,99.7,328
Q13151,EEADAAMA,99.7,328
Q16181,DYIDSKFE,99.7,328
A0JNW5,TSPDAIST,100,123
A1A4S6,SSLDSLSS,100,76
A5A3E0,ELPDGQVI,100,328
A5A3E0,LVIDNGSG,100,307
A6NFI3,GEADGEAE,100,4
A6QL64,DDKDSVSN,100,11
A6QL64,DKDDSVSN,100,9
B2RUZ4,GSRDGVSL,100,32
O00139,VLRDSFIG,100,327
O00148,DLLDYDEE,100,32
O00165,NDLDSQVS,100,128
O00165,TLRDSMLK,100,117
O00232,MEVDYSAT,100,230
O00273,DETDSGAG,100,129
O00273,EEVDAVDT,100,81
O00418,VTFDSLPS,100,227
O00429,DFADACGL,100,320
O00429,GVGDGVQE,100,128
O00512,ENPDGLSQ,100,218
O00562,DFIDAFAS,100,128
O14497,ELQDGAES,100,68
O14497,GSSDGVGA,100,77
O14497,LSQDSFGS,100,123
O14523,IMPDGTIV,100,128
O14578,VCLDTVHF,100,322
O14617,VQIDLSVP,100,310
O14686,TSADGFLK,100,125
O14727,LEKDIKTS,100,126
O14727,SVTDSVMG,100,265
O14795,SCNDSMQS,100,138
O14818,FSPDGHLF,100,271
O14828,ATLDVYNP,100,66
O15018,SMPDLDKL,100,130
O15027,NPHDGVVT,100,17
O15027,VHPDSVSS,100,20
O15042,DDLDGVPI,100,238
O15042,DDLDGVPL,100,240
O15042,EDVDGIPI,100,241
O15042,EELDGAPL,100,237
O15117,DDVDTSDF,100,71
O15117,DIADGCIY,100,114
O15117,DIYDGIEE,100,40
O15151,DVPDCRRT,100,125
O15164,DAPDSTGD,100,79
O15355,SVYDGHGG,100,298
O15400,DVIDSIEA,100,325
O15446,LEVDMALG,100,21
O15519,LEVDGPAM,100,106
O43166,LDVDSFDE,100,233
O43169,SGSDGKGQ,100,22
O43182,MSVDSITD,100,306
O43252,TGIDSEYE,100,326
O43312,SDYDYFSV,100,323
O43390,DYHDYRGG,100,221
O43390,KESDLSHV,100,323
O43399,LLSDSMTD,100,56
O43491,RSLDGAPI,100,205
O43491,VAKDGGDK,100,123
O43521,SECDREGR,100,113
O43524,TAADSMIP,100,85
O43524,TLSDSLSG,100,134
O43561,VLPDSTPA,100,14
O43665,DIHDSDGS,100,4
O43665,HDSDGSSS,100,4
O43670,ETIDAVPN,100,313
O43707,FESDLAAH,100,328
O43707,IDEDFRDG,100,325
O43707,TDTDTADQ,100,328
O43719,EEEDSSEK,100,24
O43719,QAWDGTTD,100,135
O43747,FLLDGLSS,100,235
O43776,KKEDGTFY,100,318
O43829,TFNDGMSE,100,248
O43865,SSTDSYSS,100,224
O43865,SYTDSSDD,100,226
O60216,DDIDVAQQ,100,320
O60216,DSPDSVDP,100,240
O60238,TSRDHSSQ,100,219
O60343,EEADGTDT,100,24
O60346,LEADAASA,100,9
O60493,NLNDAYGP,100,277
O60506,YPPDYYGY,100,236
O60508,VAVDSAPE,100,127
O60524,TTIDLSHL,100,111
O60551,TKSDSASD,100,177
O60610,LSGDATIP,100,2
O60664,AEADGSTQ,100,2
O60711,ASLDSMLG,100,126
O60711,TLQDSDEY,100,12
O60733,DVTDYKGE,100,196
O60749,VSLDSPER,100,248
O60784,DEFDMFAL,100,229
O60841,IDLDALAA,100,24
O60841,VTVDTGVI,100,30
O60885,DVPDSQQH,100,206
O60907,SLIDAVMP,100,326
O60927,DTVDNEHM,100,234
O75030,DLTDGTIT,100,116
O75052,TDIDAVEV,100,124
O75113,PETDGLSP,100,110
O75116,IGLDSSSI,100,255
O75116,SDIDSSNF,100,328
O75122,ESVDGNRP,100,160
O75164,SSRDSISS,100,17
O75363,DIVDGKEK,100,24
O75363,DPEDTGAE,100,83
O75367,ASADSTTE,100,257
O75369,VTYDGHPV,100,269
O75376,ALVDAAAS,100,123
O75376,EIIDGLSE,100,323
O75427,DFIDSHVP,100,65
O75427,VQIDFIDS,100,105
O75449,VQMDGVGG,100,324
O75592,VTPDASPN,100,314
O75676,VMTDGLEA,100,129
O75791,DINDGHCG,100,125
O75821,GDFDSKPS,100,84
O75822,DLADYGGY,100,132
O75822,DSWDADAF,100,42
O75822,DVKDNWDD,100,67
O75822,GDSDSWDA,100,43
O75822,WDADAFSV,100,43
O75907,EVRDAAAG,100,7
O75925,LTYDGHPA,100,223
O75934,VVVDALPY,100,134
O76003,DRLDGAHA,100,292
O76094,SELDASKT,100,96
O94776,SLADSNAR,100,282
O94876,AEIDGVPT,100,203
O94888,MFLDGGGI,100,262
O94888,SIFDGFRD,100,310
O94901,SVRDAVGQ,100,24
O94906,QVSDSVSG,100,311
O94913,SQTDSATT,100,98
O94915,VHLDIYSG,100,153
O94925,GETDAFGN,100,38
O94966,ETVDSDGR,100,328
O94972,LMEDAAAA,100,118
O94979,AQSDGEES,100,122
O95155,MDIDGVSC,100,230
O95155,VDVDSGIE,100,248
O95208,DLMDALPS,100,207
O95218,DDADLSKY,100,169
O95347,DEVDAALD,100,318
O95365,PDVDGLAA,100,89
O95391,TVVDAVNA,100,3
O95433,ERADATNV,100,270
O95466,PGTDGPVP,100,7
O95613,DTPDGAGG,100,15
O95926,VLVDSAEE,100,15
P00441,SIEDSVIS,100,324
P00519,REMDGQPE,100,60
P00519,SLVDAVNS,100,32
P00558,GRPDGVPM,100,322
P00558,KLGDVYVN,100,324
P00558,LPVDFVTA,100,320
P01111,VVIDGETC,100,328
P02549,LENDFAVH,100,118
P04049,MIEDAIRS,100,229
P04233,DQRDLISN,100,19
P04350,ELVDAVLD,100,327
P04626,DLVDAEEY,100,125
P04626,SETDGYVA,100,124
P04637,TFSDLWKL,100,26
P05067,VEVDAAVT,100,325
P05198,AEVDGDDD,100,311
P05198,DGDDDAEE,100,164
P06454,AAVDTSSE,100,75
P06454,DDEDDDVD,100,20
P06454,EEEDGDED,100,100
P06733,VEVDLFTS,100,328
P06733,YGKDATNV,100,328
P06744,TSHDASTN,100,206
P06748,VEEDAESE,100,128
P07437,ELVDSVLD,100,327
P07737,LMADGTCQ,100,137
P07737,TCQDAAIV,100,141
P07814,PIVDSIEG,100,321
P07900,KERDKEVS,100,116
P07900,VGSDEEEE,100,97
P07900,VRTDTGEP,100,326
P07900,VSDDEAEE,100,117
P07910,NKTDPRSM,100,170
P07948,DGVDLKTQ,100,155
P07949,DYLDLAAS,100,315
P08134,DSPDSLEN,100,328
P08195,TEVDMKEV,100,17
P08238,DEEDDSGK,100,115
P08238,GVVDSEDL,100,326
P08240,EVLDYSTP,100,129
P08514,LDRDGYND,100,134
P08581,ESVDYRAT,100,233
P08670,DSVDFSLA,100,193
P08758,SEIDLFNI,100,328
P08758,VEQDAQAL,100,236
P08865,VMPDLYFY,100,320
P09086,MSVDSSLP,100,281
P09651,EEVDAAMN,100,328
P09651,FGNDGGYG,100,118
P09661,DQFDAIDF,100,311
P09874,DEVDGVDE,100,66
P09884,VQVDSSHL,100,135
P0C7T5,CVVDGQLF,100,127
P0CG38,LVIDNGSG,100,307
P0CG39,LVIDNGSG,100,247
P0DP24,VDADGNGT,100,326
P0DPH7,LEKDYEEV,100,323
P0DPH7,VFVDLEPT,100,327
P0DPH7,VGVDSVEA,100,141
P0DPH7,VKCDPRHG,100,326
P0DPH7,VPKDVNAA,100,327
P10275,DEDDSAAP,100,106
P10515,VETDKATV,100,319
P10636,GSSDPLIQ,100,96
P10644,TVADALEP,100,325
P10809,EAGDGTTT,100,325
P10809,VGYDAMAG,100,319
P10909,DRIDSLLE,100,124
P11086,AAPDSAPG,100,34
P11142,IEIDSLYE,100,326
P11142,TAGDTHLG,100,328
P11277,DIVDGNHR,100,325
P11277,DLRDGRML,100,324
P11387,EEEDGKLK,100,67
P11387,LHNDSQIE,100,97
P11387,PEDDGYFV,100,208
P11498,VAADSMSG,100,238
P11586,KDVDGLTS,100,321
P12270,DDEDRTVP,100,318
P12270,DDGDEVFV,100,221
P12270,DESDLPST,100,222
P12270,DGTDPGTE,100,228
P12270,DSQDSIGE,100,222
P12270,HRTDGFAE,100,318
P12270,LEIDSQQE,100,223
P12814,DQWDNLGA,100,328
P12814,FESDLAAH,100,328
P12814,IEEDFRDG,100,325
P12830,DTRDNVYY,100,223
P13010,DFLDALIV,100,276
P13010,IFQDNHED,100,123
P13639,LEEDHACI,100,322
P13674,DEPDAFKE,100,326
P13796,DLIDAIQP,100,326
P13929,YGKDATNV,100,328
P14136,VERDNLAQ,100,177
P14209,DLSDALPD,100,6
P14314,DCCDGTDE,100,234
P14314,DDMDGTVS,100,121
P14314,EEEDSEEA,100,3
P14314,LDTDGDGA,100,123
P14314,TCLDGSAT,100,235
P14314,TDGDGALS,100,123
P14317,SQTDAAKG,100,324
P14618,AVLDGADC,100,321
P14625,DEDDKTVL,100,326
P14625,EEMDVGTD,100,6
P14625,PEFDGKRF,100,326
P14625,TEQDEDEE,100,18
P14625,VGTDEEEE,100,3
P14625,VIADPRGN,100,326
P14625,VIEDHSNR,100,326
P14625,WESDSNEF,100,326
P14866,DTWDYTNP,100,298
P14868,QLDDAVRP,100,319
P15498,DLYDCVEN,100,138
P15498,DQIDDTVE,100,174
P16220,ESVDSVTD,100,323
P16220,QTTDGQQI,100,327
P16383,SDSDGAEE,100,20
P16499,DFVDILTE,100,235
P16520,IVWDSYTT,100,327
P16989,SVGDGETV,100,325
P16989,VEFDVVEG,100,325
P17028,SELDAVEN,100,120
P17405,SKCDLPLR,100,219
P17542,SSLDGAAS,100,121
P17980,AEQDGIGE,100,132
P17980,DELDAIGT,100,328
P17980,DILDPALL,100,328
P17980,QEEDGANI,100,322
P18583,KILDSFAA,100,75
P18583,TEHDMVIS,100,126
P18846,DSSDSIGS,100,108
P19113,DPVDDCFS,100,122
P19174,AEPDYGAL,100,323
P19338,DDDDDEDD,100,7
P19338,DDDDDEED,100,13
P19338,DDDDEDDE,100,7
P19338,DDEDEDED,100,4
P19338,EDDDDDEE,100,13
P19338,EEDDSSGE,100,21
P19338,GEIDGNKV,100,221
P19338,SEEDEEDD,100,4
P19623,PGPDGPAA,100,47
P19878,VDQDSFSG,100,307
P20339,YADDNSLL,100,328
P20810,ALDDLIDT,100,101
P20810,LSSDFTCG,100,98
P20936,DEGDSLDG,100,161
P20963,DTYDALHM,100,81
P20963,GLLDPKLC,100,123
P20963,YLLDGILF,100,126
P21333,ALVDSCAP,100,325
P21333,TEKDLAED,100,289
P21333,VFVDSLTK,100,131
P21333,VTYDGVPV,100,187
P21399,NLGDSVTT,100,324
P22102,CFTDGKTV,100,297
P22102,LEGDGGPN,100,319
P22234,YEGDGIPT,100,323
P22314,LYFDALEC,100,272
P22626,AEVDAAMA,100,328
P22626,DDHDPVDK,100,327
P22626,GGYDNYGG,100,222
P22626,KLTDCVVM,100,328
P23142,SDVDGVTC,100,324
P23378,RSRDSSSG,100,21
P23381,AEEDFVDP,100,171
P23443,TPVDSPDD,100,326
P23588,LAEDGGTG,100,123
P23634,DEIDHAEM,100,324
P24534,DVEDTTGS,100,122
P24666,WRVDSAAT,100,320
P24752,IVKDGLTD,100,317
P24928,LETDGVSL,100,262
P25054,DNIDNLSP,100,268
P25098,NAADAFDI,100,319
P25205,DYLDFLDD,100,185
P25705,NAIDGKGP,100,324
P25963,DRHDSGLD,100,113
P26374,EVLDSALP,100,22
P26599,IVPDIAVG,100,3
P26599,LKTDSSPN,100,303
P26641,EEMDECEQ,100,130
P27348,EECDAAEG,100,224
P27695,VAEDGDEL,100,15
P27797,QFLDGDGW,100,200
P27797,TIFDNFLI,100,299
P27816,KTTDMAPS,100,26
P27816,SLADALTE,100,18
P27816,TETDVSSA,100,25
P27987,TQEDGALE,100,45
P28066,VEIDAHIG,100,313
P28331,DVMDAVGS,100,322
P28331,VFVDGQSV,100,316
P28340,LEIDHYVG,100,111
P29372,SSSDAAQA,100,5
P30153,DEQDSVRL,100,255
P30260,ISPDTVPL,100,262
P30260,SYIDSAVI,100,260
P30305,EEDDGFVD,100,120
P31146,SLKDGYVP,100,134
P31150,EEYDVIVL,100,7
P31153,QISDAVLD,100,324
P31749,ECVDSERR,100,309
P31942,DGYDGGYG,100,136
P31943,VEMDWVLK,100,322
P31948,KELDPTNM,100,258
P32519,VTLDGIPE,100,129
P33991,LDFDVSSP,100,184
P33991,VLSDNGIC,100,328
P33992,FYSDSFGG,100,189
P33992,VLADGGVV,100,327
P34897,DLPDGGHL,100,327
P34931,ATKDAGVI,100,328
P34932,DGEDQPKQ,100,327
P35222,SYLDSGIH,100,324
P35249,DEADSMTS,100,321
P35251,DEVDGMAG,100,316
P35251,IETDAMIK,100,30
P35251,SVLDYFGT,100,130
P35269,QEVDYMSD,100,110
P35269,SDIDSEAS,100,70
P35579,DTLDSTAA,100,327
P35579,EEVDGKAD,100,21
P35580,DTLDTTAA,100,326
P35637,DWFDGKEF,100,280
P35637,GNQDQSGG,100,3
P36508,TLSDGTTA,100,151
P36915,DTSDGESV,100,118
P36915,EQTDTSDG,100,117
P36915,QQTDSAME,100,127
P36954,MEPDGTYE,100,132
P38159,DTRDYAPP,100,237
P38159,SDRDGYGR,100,236
P38159,SSRDGYGG,100,124
P38159,STKDSYSS,100,236
P38159,SYRDSYES,100,234
P38398,SELDAQYL,100,84
P38936,SMTDFYHS,100,80
P39687,GYNDGEVD,100,61
P39880,DSCDGVEA,100,51
P40692,QKLDAFLQ,100,96
P41250,SSMDGAGA,100,69
P41567,PFADASKG,100,319
P41743,TQRDSSTM,100,28
P42025,DSGDGVTH,100,328
P42336,EIYDAAID,100,321
P42345,TRTDSYSA,100,312
P42574,NSVDSKSI,100,5
P42575,DNKDGPVC,100,127
P42858,DLLDDTAK,100,319
P42892,DLVDSLSE,100,111
P43004,DTIDSQHR,100,317
P43007,GYLDSAQA,100,33
P43243,DETDLANL,100,91
P43243,FRRDSFDD,100,227
P43403,LNSDGYTP,100,119
P45379,VDFDDIHR,100,324
P46013,LQTDYATE,100,20
P46063,EELDSITS,100,19
P46087,EEADGGLQ,100,8
P46531,ACVDGVNT,100,321
P46531,CEWDGLDC,100,323
P46531,DQTDHRQW,100,305
P46777,ESIDGQPG,100,326
P46777,GAVDGGLS,100,327
P46937,ASTDAGTA,100,210
P46940,DEVDGLGV,100,4
P47736,QSMDAMGL,100,168
P47756,GCWDSIHV,100,314
P48147,HEKDVLEW,100,274
P48147,VFLDPNIL,100,316
P48147,VYRDETAV,100,93
P48553,IENDSLSV,100,226
P48634,TWRDGGGR,100,126
P48643,VTNDGATI,100,325
P49006,ATGDAIEP,100,116
P49023,SELDRLLL,100,242
P49023,SQLDSMLG,100,227
P49069,DKLDSFIK,100,123
P49069,VATDGGER,100,17
P49257,HQNDGASQ,100,317
P49321,KPTDGASS,100,122
P49327,TNTDGFKE,100,310
P49354,VSLDSPSY,100,102
P49411,DAVDTYIP,100,241
P49427,AERDGVKV,100,325
P49736,PELDAYEA,100,133
P49747,TDLDGFPD,100,327
P49792,EERDGQYF,100,318
P49810,DSYDSFGE,100,117
P49810,MEEDSYDS,100,118
P50542,NETDWSQE,100,227
P50548,DCSDGTSE,100,123
P50548,DEEDGEVF,100,90
P50990,VTNDAATI,100,316
P50991,VVSDYAQM,100,318
P51114,TESDTASV,100,219
P51114,VLMDGMTE,100,244
P51116,ISGDRQPV,100,124
P51116,NRTDGSIS,100,124
P51116,TVMDGGLE,100,116
P51531,DYSDALTE,100,303
P51531,LGPDGEPI,100,217
P51532,IGPDGEPL,100,261
P51572,AAVDGPMD,100,20
P51991,DDHDTVDK,100,327
P51991,EEVDAAMC,100,328
P52566,DELDSKLN,100,177
P52594,AELDSVFS,100,185
P52597,GLSDGYGF,100,123
P52735,DIYDCVPC,100,280
P52746,GEMDGLCP,100,38
P52888,DMADAASP,100,20
P52907,VFNDVRLL,100,327
P52948,DMVDITQE,100,150
P53367,IEYDAYRT,100,327
P53621,TGVDLFGT,100,307
P53990,DLIDVGFT,100,202
P54132,LQIDGVTE,100,310
P54132,YDTDFVPP,100,39
P54259,DPRDIDQD,100,211
P54259,DSLDGRSL,100,211
P54259,IDQDNRST,100,210
P54259,VENDSDSS,100,180
P54284,LERDSLMP,100,162
P54619,ISSDSSPA,100,33
P55011,AAGDGLGR,100,17
P55072,DDVDLEQV,100,324
P55072,DELDAIAP,100,321
P55072,DELDSIAK,100,324
P55072,EDNDDDLY,100,103
P55072,EEDDPVPE,100,320
P55072,REVDIGIP,100,324
P55072,TEMDGMST,100,322
P55072,VETDPSPY,100,323
P55072,VGADLAAL,100,324
P55072,VGYDDIGG,100,323
P55072,VLSDDTCS,100,318
P55072,VTMDDFRW,100,323
P55209,ERLDGLVE,100,318
P55210,DSVDAKPD,100,30
P55210,IQADSGPI,100,324
P55211,DQLDAISS,100,128
P55211,PEPDATPF,100,124
P55212,DVVDNQTE,100,302
P55212,TETDAFYK,100,78
P55212,TEVDAASV,100,303
P55265,CLADGYDL,100,297
P55265,VRPDSHSQ,100,19
P55735,NTVDTSHE,100,285
P55735,SHEDMIHD,100,285
P55789,GRRDAAAS,100,48
P55795,GYNDGYGF,100,133
P55795,VEMDWVLK,100,322
P55884,DGIDSVIV,100,254
P55884,IVVDNVPQ,100,254
P55957,IEADSESQ,100,24
P55957,LQTDGNRS,100,23
P56524,SHPDGLSG,100,41
P56962,EKIDSIAD,100,292
P57071,TTIDASSI,100,221
P57764,DAMDGQIQ,100,36
P57764,FLTDGVPA,100,17
P60484,DTTDSDPE,100,322
P60484,DVSDNEPD,100,322
P60709,DSGDGVTH,100,328
P60709,ELPDGQVI,100,328
P60709,GQKDSYVG,100,328
P60709,IVMDSGDG,100,328
P60709,LVVDNGSG,100,328
P60709,QEYDESGP,100,328
P60709,VALDFEQE,100,328
P60900,AEIDAHLV,100,231
P60953,DLRDDPST,100,328
P60953,TQIDLRDD,100,328
P61129,TEEDFANQ,100,108
P61158,DDLDFFIG,100,327
P61160,DSGDGVTH,100,328
P61221,IFLDGYVP,100,317
P61224,VEVDAQQC,100,328
P61244,SAFDGGSD,100,132
P61586,DSPDSLEN,100,328
P61923,EIVDGGVI,100,250
P61978,ETWDSAID,100,129
P61978,SAIDTWSP,100,129
P61978,SGYDYSYA,100,131
P62258,AELDTLSE,100,328
P62269,DVKDGKYS,100,252
P62306,EYIDGALS,100,283
P62310,DDVDQQQT,100,117
P62328,DKPDMAEI,100,6
P62736,ELPDGQVI,100,328
P62736,GQKDSYVG,100,328
P62805,VIRDAVTY,100,323
P62805,VLRDNIQG,100,318
P62877,MDVDTPSG,100,255
P62937,VFFDIAVD,100,107
P63000,DLRDDKDT,100,328
P63027,DRADALQA,100,328
P63104,AELDTLSE,100,328
P63167,MQQDSVEC,100,328
P63220,MQNDAGEF,100,129
P63241,DDLDFETG,100,162
P63261,DSGDGVTH,100,328
P63261,ELPDGQVI,100,328
P63261,GQKDSYVG,100,328
P63261,LVIDNGSG,100,328
P63267,ELPDGQVI,100,328
P63267,GQKDSYVG,100,328
P63313,DKPDMGEI,100,99
P67809,TKEDVFVH,100,321
P67809,VEFDVVEG,100,325
P68032,ELPDGQVI,100,328
P68032,GQKDSYVG,100,328
P68104,EALDCILP,100,327
P68104,WNGDNMLE,100,327
P68133,ELPDGQVI,100,328
P68133,GQKDSYVG,100,328
P68363,EHSDCAFM,100,326
P68363,GGDDSFNT,100,327
P68363,LRFDGALN,100,327
P68363,VFVDLEPT,100,327
P68363,VGVDSVEG,100,275
P68371,ELVDSVLD,100,327
P78316,DLNDGFVL,100,193
P78317,THNDSVVI,100,141
P78356,CENDGVGG,100,247
P80108,FNVDGVPD,100,227
P80303,EEDDMVEM,100,320
P80303,EETDGLDP,100,325
P80303,VNSDGFLD,100,324
P80723,PASDSKPG,100,44
P82094,ERIDSFSV,100,308
P84022,MTVDGFTD,100,326
P85037,VSGDSAVA,100,2
P98175,SAEDSYEA,100,119
Q00403,TSVDLITT,100,319
Q00653,PGLDGIIE,100,49
Q00653,VKEDSAYG,100,121
Q00839,SALDGDQM,100,49
Q00987,DVPDCKKT,100,108
Q01082,DEVDSKRL,100,264
Q01105,EDIDEEGD,100,209
Q01105,EEGDEDEG,100,184
Q01105,GEEDEEAL,100,325
Q01105,NEIDRLNE,100,322
Q01804,GVPDGGDQ,100,22
Q01814,EEIDHAER,100,325
Q02078,SSYDGSDR,100,93
Q02447,INADGHLI,100,233
Q02447,VDLDSLGL,100,258
Q02818,INSDGVLD,100,324
Q02880,NEEDSASV,100,208
Q02952,SEYDAVER,100,80
Q03001,DELDSMAP,100,276
Q03164,SQLDGVDD,100,230
Q03701,DDFDFAGS,100,93
Q03701,VDEDGGTF,100,25
Q04206,DDEDLGAL,100,123
Q04206,VFTDLASV,100,121
Q04637,DLLDAFKE,100,129
Q04637,PAVDLSPV,100,117
Q04695,EVQDGKVI,100,109
Q04721,VCVDGVNT,100,322
Q04726,SRYDSDGD,100,316
Q04726,VSADGQMQ,100,326
Q05193,LSVDNLKL,100,326
Q06323,SELDAFLK,100,129
Q06413,DADDSVGH,100,320
Q06455,TMPDSPVD,100,157
Q06546,IEIDGTEK,100,47
Q06547,TMPDGQQV,100,256
Q06587,AIMDGTEI,100,319
Q06587,SAPDSAPG,100,106
Q06587,VSSDSAPD,100,104
Q06609,AQVDGAAM,100,314
Q07157,DLSDSIHS,100,316
Q07666,TGPDATVG,100,101
Q07812,FIQDRAGR,100,122
Q07820,EELDGYEP,100,92
Q07864,DMEDFGLV,100,76
Q07955,CYADVYRD,100,320
Q07955,DLKDHMRE,100,301
Q07955,RKLDNTKF,100,319
Q07955,VYRDGTGV,100,320
Q08211,PPLDAVIE,100,305
Q08378,SEVDGNDS,100,17
Q08945,DQHDAYLE,100,250
Q08AD1,SYVDGFIG,100,214
Q08AF3,CVVDAGKV,100,21
Q08J23,DAEDGAEG,100,30
Q09666,SMPDIDLN,100,277
Q0VF96,DELDSAKR,100,264
Q0ZGT2,DDVDVRPA,100,236
Q12789,IVVDSSMV,100,166
Q12802,EEMDSITE,100,123
Q12802,GGFDSHQM,100,259
Q12802,LALDSVLT,100,21
Q12873,LPYDQSTW,100,324
Q12874,DDKDGLRK,100,311
Q12888,CEEDGDAG,100,128
Q12912,SSTDGTIT,100,18
Q12959,YEVDGRDY,100,323
Q12996,DEVDRKPE,100,322
Q13043,DEMDSGTM,100,143
Q13057,VERDGLSE,100,214
Q13077,LEVDCYRA,100,124
Q13098,NAPDAIPE,100,236
Q13111,DEDDGFFV,100,71
Q13111,EQPDSLVD,100,25
Q13111,PEEDSVLS,100,2
Q13123,DIGDYVPS,100,122
Q13123,ERRDGVNK,100,317
Q13148,DETDASSA,100,321
Q13148,DVMDVFIP,100,322
Q13148,HMIDGRWC,100,322
Q13151,HAVDGNTV,100,328
Q13153,VGFDAVTG,100,327
Q13177,PEKDGFPS,100,135
Q13177,VGFDAVTG,100,327
Q13188,DELDSHTM,100,156
Q13188,LSEDSLTK,100,279
Q13242,GWADERGG,100,4
Q13243,DADDAVYE,100,327
Q13263,KEEDGSLS,100,125
Q13263,LSLDGADS,100,125
Q13263,SCEDNAPA,100,194
Q13342,DTVDIANN,100,18
Q13342,EMCDGEEP,100,17
Q13422,SAQDSAVE,100,216
Q13426,DVTDIAPS,100,82
Q13428,DDPDGKQE,100,24
Q13428,DSSDGEVP,100,4
Q13428,DSSDSSSG,100,5
Q13428,ESSDSADS,100,3
Q13435,DFSDMVAE,100,245
Q13435,METDARSS,100,120
Q13435,TEEDTVSV,100,61
Q13442,EEIDAQLQ,100,98
Q13464,DETDGNLP,100,310
Q13469,DELDFSIL,100,81
Q13469,DVLDYGLK,100,110
Q13492,AVDDAIPS,100,203
Q13547,HHGDGVEE,100,327
Q13547,IPEDAIPE,100,326
Q13555,NATDGIKG,100,208
Q13586,THSDSESS,100,126
Q13614,VSSDSIST,100,136
Q13615,VEFDSSLS,100,226
Q13620,SATDGNTS,100,75
Q13765,EEQDSTQA,100,269
Q13813,DKGDSLDS,100,318
Q13885,ELVDSVLD,100,327
Q14004,VSNDGLGS,100,130
Q14008,IENDNGTV,100,236
Q14103,AKIDASKN,100,100
Q14116,DMTDSDCR,100,102
Q14139,DEFDYSVA,100,201
Q14160,LALDGETL,100,9
Q14161,DQPDYDSV,100,245
Q14161,PDYDSVAS,100,259
Q14161,VCADCSGP,100,224
Q14166,VTRDFAYG,100,310
Q14202,TLGDGINS,100,118
Q14203,DTADAIEM,100,288
Q14204,VLFDAADA,100,322
Q14207,AEIDASNI,100,109
Q14207,LCFDSTTA,100,95
Q14257,KNGDGFVS,100,235
Q14289,IESDIYAE,100,133
Q14318,EVLDGVED,100,23
Q14320,AHYDAVEA,100,235
Q14457,EASDGGTM,100,311
Q14493,SRCDGDAS,100,14
Q14498,ERTDASSA,100,318
Q14511,DDYDYVHL,100,229
Q14511,DLVDGINR,100,80
Q14558,TELDMDDG,100,328
Q14562,AEMDSIPM,100,313
Q14566,MLADNGVC,100,328
Q14657,GGVDTAAA,100,2
Q14676,EEVDFLSE,100,69
Q14676,TERDSDTD,100,21
Q14692,DDKDAAKV,100,310
Q14692,SEDDGLEN,100,5
Q14693,SQLDSLKR,100,36
Q14694,LENDGVSG,100,98
Q14761,HVADGGLQ,100,21
Q14790,TISDSPRE,100,35
Q14839,NQSDYSVA,100,319
Q14839,TFADGVPR,100,324
Q14839,VESDFDDA,100,222
Q14980,LSIDSLDL,100,126
Q14980,TQPDGTSV,100,126
Q14C86,CSADSVAF,100,316
Q14C86,DILDKYRN,100,221
Q14C86,DLPDSASQ,100,271
Q14CW9,LQWDGSSD,100,126
Q15003,VRVDAVHA,100,264
Q15032,INPDGSPV,100,239
Q15042,PDIDALVG,100,304
Q15046,VKVDGSEP,100,2
Q15054,TYLDGEGC,100,121
Q15056,LTYDGALL,100,316
Q15075,AKPDGLVT,100,149
Q15149,DALDGPAA,100,93
Q15149,RDKDNTQR,100,255
Q15181,GETDWKVI,100,323
Q15181,TDVDKWFH,100,105
Q15185,PEVDGADD,100,139
Q15233,MMPDGTLG,100,122
Q15276,HSLDAGLL,100,216
Q15283,VIEDSVTT,100,230
Q15361,TLFDSVEG,100,15
Q15365,PPLDAYSI,100,123
Q15365,RCSDAAGY,100,122
Q15424,SVADCVED,100,154
Q15427,RNQDATVY,100,246
Q15542,GEVDSAGA,100,37
Q15637,DQNDLRKM,100,266
Q15637,PPMDQYLG,100,120
Q15648,SSDDGIRP,100,218
Q15650,DESDYFAS,100,304
Q15836,DRADALQA,100,328
Q15907,NVVDISVP,100,310
Q15942,LEIDSLSS,100,113
Q16204,SDTDGAGG,100,55
Q16512,DFLDNERH,100,324
Q16512,LGTDSDSS,100,20
Q16512,TDSDSSPQ,100,16
Q16543,SVWDHIEV,100,136
Q16630,DYMDTLPP,100,299
Q16643,PEIDITCW,100,141
Q16643,SLIDLWPG,100,49
Q16667,SEFDSSDE,100,110
Q1KMD3,AEPDASEK,100,1
Q27J81,DLVDAVTP,100,29
Q2NKX8,TLQDGKGT,100,21
Q2NL68,TSSDGLSP,100,4
Q2TAL8,LTVDSAHL,100,322
Q2VPK5,DAADSATA,100,32
Q2VPK5,LDVDAADS,100,51
Q32MZ4,VLADGDTL,100,16
Q32P28,VVMDGVIS,100,276
Q3B7T1,DFIDSVGN,100,296
Q3KQU3,TPTDAAVL,100,15
Q3T8J9,YEFDGFEE,100,227
Q3V6T2,DSQDSSSV,100,237
Q49A26,QAADSTAV,100,311
Q4V328,DTVDGQRI,100,196
Q53TQ3,AQSDGVPV,100,231
Q562R1,ELPDGQVI,100,328
Q562R1,GQKDCYVG,100,328
Q5H9R7,EEEDGAKQ,100,197
Q5JPH6,VVDDHHMG,100,322
Q5JRA6,DSLDEEFF,100,20
Q5JRA6,EESDSVFS,100,18
Q5JSZ5,LYLDGHVF,100,260
Q5JTH9,LTVDAVKL,100,147
Q5JTV8,DDQDSSHS,100,40
Q5SW79,GEIDSVTS,100,315
Q5SW79,SDVDTAST,100,242
Q5T0F9,VEEDAVAA,100,5
Q5T3J3,SSVDATTV,100,72
Q5T4S7,TMIDAVKI,100,316
Q5T5U3,DELDNVFF,100,130
Q5T5X7,DCYDSSSL,100,231
Q5T8I9,SVVDGNFE,100,21
Q5U5Q3,AELDGDLL,100,19
Q5VSL9,DNLDAFNE,100,301
Q5VT25,RTVDSTPL,100,117
Q5VTB9,TEADVIPC,100,253
Q5VWN6,VEVDSSSA,100,16
Q5VZL5,TQTDALKL,100,235
Q5W0B1,SELDSMMS,100,220
Q63HN8,MAVDAVAE,100,17
Q641Q2,DGCDLFAD,100,11
Q641Q2,DSGDIFST,100,29
Q66K74,DRVDAVLV,100,327
Q69YI7,TEEDGAGG,100,117
Q6AWC2,IDLDAVSA,100,91
Q6DD87,VAADGEIA,100,49
Q6DD88,TVRDAVVG,100,42
Q6DN90,DFADAITE,100,253
Q6FI81,DLIDSDEL,100,134
Q6IBW4,SRKDFRMN,100,177
Q6IS14,DDLDFETG,100,156
Q6JBY9,EEVDGQHP,100,21
Q6KC79,VELDALAE,100,157
Q6NWY9,SSLDSVES,100,28
Q6NZY4,MELDSDME,100,5
Q6P1L5,DIPDGHRA,100,285
Q6P2E9,CSGDSTSA,100,121
Q6P2E9,DSQDASAE,100,218
Q6P2E9,LQLDGSLT,100,93
Q6P4R8,DSLDHMLT,100,108
Q6P996,DNVDAAEL,100,233
Q6PJT7,VTLDGVPS,100,209
Q6PKG0,DFGDAINW,100,202
Q6PKG0,EELDFLFD,100,129
Q6PKG0,LQIDMKPE,100,189
Q6PKG0,SQTDFSQL,100,244
Q6QNY0,AETDSEPE,100,96
Q6RI45,DYVDGDHD,100,123
Q6S8J3,ELPDGQVI,100,328
Q6S8J3,LVIDNGSG,100,307
Q6UUV9,TNSDSALH,100,302
Q6UXH1,EECDSSCV,100,109
Q6VMQ6,ENTDSMET,100,125
Q6WKZ4,LSSDGAVS,100,20
Q6Y7W6,YLQDSALD,100,232
Q6ZN04,ASTDSYFG,100,75
Q6ZN18,DSEDSISS,100,185
Q6ZNE5,DLVDSVDD,100,126
Q6ZUJ8,SGCDSVTD,100,121
Q6ZUT1,ITADSSSE,100,18
Q712K3,AEKDGVKV,100,325
Q71U36,VGVDSVEG,100,275
Q76FK4,ANLDGHPE,100,122
Q76N32,VDLDSFSV,100,122
Q7KZ85,DSTDSYIE,100,320
Q7KZF4,HFVDSHHQ,100,278
Q7L014,DDEDAAVD,100,317
Q7L014,EEVDLQTA,100,316
Q7L014,ESQDVMQQ,100,321
Q7L5N1,MEVDAAVV,100,94
Q7RTV0,VICDSYVR,100,322
Q7Z2K8,ESMDSAST,100,21
Q7Z2T5,SALDSAPT,100,20
Q7Z2W4,LVNDSLSD,100,20
Q7Z2W4,NNADGVAT,100,21
Q7Z3K3,VIEDSVVE,100,147
Q7Z3T8,AELDAFLT,100,121
Q7Z3T8,SSVDGGTS,100,134
Q7Z4S6,DESDSESD,100,92
Q7Z4V5,ADSDGAKP,100,12
Q7Z591,EEPDGTLG,100,22
Q7Z591,LEVDGVAA,100,3
Q7Z5L9,SLPDSSLA,100,249
Q7Z5W3,TELDGGSV,100,6
Q7Z6E9,ESLDTAAV,100,13
Q7Z6E9,SRDDATPV,100,127
Q7Z6E9,TLVDYTST,100,234
Q7Z6E9,VSPDALIA,100,313
Q7Z6I6,AQEDQVAE,100,16
Q7Z6J0,SSLDSAVP,100,152
Q7Z6L1,SDTDASSE,100,27
Q7Z6Z7,AEADAIIQ,100,168
Q7Z6Z7,DYPDMNAS,100,150
Q7Z6Z7,FAADGAST,100,223
Q7Z6Z7,LERDGGSG,100,243
Q7Z6Z7,STRDSAVA,100,116
Q7Z739,AITDGQAG,100,313
Q86TB9,EEIDQFND,100,205
Q86TI2,DRGDAAAT,100,20
Q86TL0,DEVDKFKA,100,99
Q86U42,DPGDGAIE,100,82
Q86U42,VEGDPGDG,100,82
Q86U86,DFDDGHHS,100,232
Q86UE4,SRHDGKEV,100,108
Q86UR5,DFLDGLGP,100,259
Q86VM9,DLRDEASS,100,78
Q86VS8,NQSDSIED,100,313
Q86X53,DGVDTIEE,100,3
Q86XL3,VEFDKLNL,100,21
Q86XP1,VEEDAVES,100,23
Q86Y82,DLIDSIEA,100,325
Q86YI8,IDSDGWDA,100,133
Q8IUD2,TNTDTALT,100,317
Q8IUI8,DRRDSIGV,100,309
Q8IUX7,DDMDYYFG,100,27
Q8IV04,LQDDSSSL,100,39
Q8IVD9,IEIDSTTE,100,20
Q8IVH2,SFPDGLVH,100,115
Q8IW35,ARVDAALP,100,27
Q8IW35,TLSDGASV,100,47
Q8IWC1,MSMDASPE,100,14
Q8IWI9,HAVDGTTE,100,168
Q8IWR0,DLLDSAPE,100,122
Q8IWU2,ISPDAVTV,100,21
Q8IWU2,SYRDSAYF,100,104
Q8IX01,DDEDGGEE,100,16
Q8IX01,TPADGLPG,100,18
Q8IX03,ASTDAVSA,100,116
Q8IXX5,TVADYANS,100,251
Q8IY18,DEIDALLT,100,124
Q8IY37,DLGDGGQD,100,32
Q8IY81,DEEDSTAG,100,19
Q8IY81,EEKDGISD,100,6
Q8IY81,SAADTFLS,100,123
Q8IYD1,DQVDMESP,100,43
Q8IZ40,AEQDGAPG,100,123
Q8N163,LKEDGLLP,100,97
Q8N163,QAPDALEQ,100,44
Q8N163,TDTDLPEA,100,27
Q8N1G0,EEPDSTTP,100,55
Q8N3D4,DRADGAAP,100,15
Q8N3P4,DTIDSHSY,100,241
Q8N3X1,AEIDAITA,100,77
Q8N3X1,EEGDGSVS,100,129
Q8N3X1,SSVDSTIS,100,108
Q8N3X6,QQGDGVLD,100,139
Q8N4C8,GDTDSVST,100,118
Q8N5A5,VEGDGILP,100,105
Q8N5H7,TMTDGLTA,100,194
Q8N5W9,LEPDAAAA,100,1
Q8N684,DLIDIYAD,100,117
Q8N684,DQIDLYDD,100,192
Q8N684,DSADGRAT,100,130
Q8N684,LYDDVLTA,100,190
Q8N6M0,NKIDSVAV,100,127
Q8N806,DEYDTVLA,100,233
Q8N8A6,PGPDAAAA,100,3
Q8N999,EKVDGTCC,100,300
Q8NAV1,TVKDAHSI,100,278
Q8NC51,DGFDSRGK,100,191
Q8NCA5,GWTDGGSG,100,92
Q8NCB2,PATDGSIT,100,128
Q8NCB2,PATDGSVT,100,126
Q8NCF5,VSVDLVTD,100,5
Q8NCP5,TSRDGSIS,100,237
Q8ND25,SLADALPL,100,257
Q8NDC0,SLADALPE,100,69
Q8NDX1,VQPDIHLT,100,13
Q8NE71,AENDFSVS,100,216
Q8NE71,ESIDALGE,100,245
Q8NEB9,AEIDSSQI,100,47
Q8NEZ4,EQLDGILS,100,237
Q8NF91,ASVDSIPL,100,282
Q8NFC6,SEVDTSAG,100,29
Q8NFC6,VESDGAVT,100,84
Q8NFD5,PQQDMSQE,100,68
Q8NFD5,TESDEKSS,100,19
Q8NHP6,IESDGKET,100,124
Q8NI22,KNNDGYID,100,115
Q8TAQ2,EKSDGDPI,100,119
Q8TB03,DQRDGCEC,100,123
Q8TBB5,VAEDGTVV,100,8
Q8TBF4,PALDSLSQ,100,71
Q8TC07,AEWDMVNT,100,225
Q8TCG2,ASADGGSP,100,6
Q8TCU4,ITLDGLNE,100,20
Q8TDG4,SEVDMFGD,100,29
Q8TEU7,CSVDSMSA,100,58
Q8TEW8,EYTDGGIL,100,261
Q8TF50,VGDDAVGG,100,13
Q8WU90,VYIDARDE,100,316
Q8WUD4,EEVDLANL,100,306
Q8WUF5,SSLDGLGG,100,116
Q8WUI4,LETDGGGP,100,89
Q8WV07,DIFDAIVM,100,45
Q8WV28,DEADYVVP,100,117
Q8WVD3,TEDDFYCP,100,107
Q8WW33,TYTDSLDP,100,123
Q8WW35,SVGDGVPE,100,10
Q8WWM7,LESDMSNG,100,322
Q8WWM7,TTYDSSLS,100,324
Q8WXD2,DDYDSTKS,100,224
Q8WXF1,NMGDAFSP,100,226
Q8WYQ5,NDVDALLE,100,249
Q92499,DEADGLLS,100,311
Q92499,KGEDSVPD,100,321
Q92541,EFHDGYGE,100,220
Q92551,QMLDGNSG,100,310
Q92569,DMPDGTFL,100,328
Q92574,CCNDGCSD,100,57
Q92576,EQNDSISG,100,48
Q92576,SIADALSS,100,205
Q92581,TYGDSTVN,100,238
Q92597,QDVDLAEV,100,69
Q92613,QENDGYCP,100,133
Q92620,DGEDKKKS,100,124
Q92620,TSEDASIH,100,5
Q92688,AEVDGVDE,100,23
Q92734,DSSDLSFA,100,322
Q92769,HHGDGVEE,100,327
Q92785,ISQDGSSL,100,201
Q92794,EEEDAAAE,100,19
Q92797,PGIDGMTT,100,137
Q92804,QQHDSYSQ,100,127
Q92830,LSLDSAGA,100,121
Q92841,DECDRRLR,100,129
Q92851,IEADALNP,100,116
Q92900,GQLDAQVG,100,37
Q92918,DDVDIPTP,100,5
Q92934,EQEDSSSA,100,18
Q92945,AFADAVQR,100,47
Q92945,IGGDAATT,100,97
Q92945,QLEDGDQP,100,126
Q92993,DSSDGIPS,100,242
Q92995,ITPDGADV,100,325
Q93052,MLYDMENP,100,300
Q93063,TAIDGLSL,100,320
Q93073,ETSDGLEA,100,229
Q969K3,DEDDDDEE,100,5
Q969S3,VDKDAMNA,100,180
Q969S9,TVTDFMAQ,100,320
Q969V6,DSSDALSP,100,236
Q96A33,DFEDEEDI,100,126
Q96AG3,DGFDGLGY,100,83
Q96AQ6,GTMDGEGT,100,30
Q96AT9,IEVDGGVG,100,322
Q96B01,TSVDSAPA,100,4
Q96B97,DIFDSPSP,100,119
Q96B97,EGFDSVVS,100,210
Q96B97,SESDGGDS,100,108
Q96BK5,TDLDCIFG,100,120
Q96BY7,TAYDMVSP,100,310
Q96C57,TVSDSESS,100,3
Q96CA5,DHVDGQIL,100,18
Q96CF2,TQIDGTLS,100,326
Q96D71,SSSDSFTS,100,186
Q96D71,TQFDSNIA,100,311
Q96D71,TVADGYSS,100,222
Q96DF8,VGPDGKEL,100,322
Q96G28,DGSDVVSD,100,308
Q96GA3,DDYDSAGL,100,18
Q96GD3,DSMDSASN,100,121
Q96GM8,VCGDSIKP,100,22
Q96HN2,SSTDSYSS,100,269
Q96II8,DYIDSCTA,100,228
Q96IZ0,EEPDGVPE,100,32
Q96JH7,LCVDAAGH,100,318
Q96MF2,DDLDFPPG,100,299
Q96MG2,EELDGGLG,100,8
Q96MG7,VLRDGFAE,100,6
Q96MX6,NAIDGIGG,100,315
Q96N21,DELDSGPS,100,15
Q96N21,LLTDAVPL,100,21
Q96NL8,DDLDSLIN,100,100
Q96P50,DELDSLFS,100,234
Q96P70,EEEDGLAG,100,73
Q96PN7,NSIDGSNV,100,130
Q96PZ0,EDNDSGVP,100,31
Q96PZ0,EEEDGLSE,100,15
Q96PZ0,LQNDFLSI,100,21
Q96QB1,SDLDSTGN,100,240
Q96QC0,ELMDTASL,100,126
Q96QV1,EEMDGLSD,100,312
Q96RD7,DVVDGKTP,100,98
Q96RF0,PDLDGSSS,100,69
Q96RU3,ESPDGSYT,100,196
Q96S44,TPADGEEP,100,3
Q96S55,WDADAAEA,100,15
Q96SB3,EDVDPMAA,100,320
Q96SB3,EDYDRRNE,100,319
Q96SB3,ENVDHSAL,100,103
Q96SB3,SEADLVDV,100,110
Q96SB3,SRFDSKPA,100,112
Q96SB3,VEVDGTSL,100,324
Q96SB4,QETDSCTP,100,113
Q96SW2,DQQDAAHN,100,20
Q99081,DLLDFSAM,100,285
Q99439,TVADGAPS,100,99
Q99459,HESDFSGV,100,317
Q99460,MEVDEAEK,100,212
Q99496,AITDGLEI,100,320
Q99496,DNGDSSHC,100,318
Q99497,VEKDGLIL,100,318
Q99549,DETDTWAY,100,133
Q99549,SAADSTEE,100,4
Q99569,DQWDGVGP,100,315
Q99614,CFHDCSAS,100,94
Q99683,VIEDAVAT,100,210
Q99700,SAKDSFIE,100,65
Q99700,STYDSSLS,100,324
Q99733,SFSDGVPS,100,17
Q99829,LDADGGPL,100,328
Q99986,TSIDAHNG,100,326
Q99996,GVIDGYAD,100,219
Q9BQ52,TLEDGLEE,100,305
Q9BQ61,FANDGSFL,100,99
Q9BQG0,EERDGDVD,100,10
Q9BQG0,PAEDGTPA,100,22
Q9BRD0,DSPDPSPP,100,24
Q9BRQ0,PMVDHLVA,100,198
Q9BRT9,EEVDFLGQ,100,3
Q9BRT9,QDSDGGSE,100,119
Q9BSJ8,SSVDAPPR,100,123
Q9BTC0,CSADAAVS,100,3
Q9BTV7,ISLDGRPP,100,17
Q9BUJ2,SGPDGHYA,100,104
Q9BV44,SEQDGERG,100,17
Q9BVA1,ELVDSVLD,100,327
Q9BVC5,IVFDGSST,100,218
Q9BVV6,TLHDAVEM,100,114
Q9BVV6,VDIDSISN,100,110
Q9BW27,EELDGEPT,100,3
Q9BWD1,ILCDGLTD,100,318
Q9BWT1,DSCDSFAS,100,24
Q9BWU0,DDPDYCVW,100,181
Q9BXW9,EEIDGLLD,100,220
Q9BY43,AQTDGTLS,100,323
Q9BY77,VQNDAYTA,100,216
Q9BYT8,TEADKRLS,100,320
Q9BYT8,VETDFVEV,100,327
Q9BYW2,DGVDSTSH,100,120
Q9BZE4,GEYDSVSE,100,21
Q9BZF1,DIQDSSGS,100,129
Q9BZK7,MEVDGDVE,100,327
Q9BZK7,SLIDAVMP,100,326
Q9C0C2,EDVDGTWG,100,21
Q9C0C9,PASDSASG,100,12
Q9C0E8,QTDDKIPA,100,11
Q9C0J8,DSWDGNRE,100,145
Q9GZR1,TDKDGTNL,100,114
Q9GZV4,DEIDFTTG,100,179
Q9H009,EEQDSTQT,100,26
Q9H098,AEPDYIED,100,117
Q9H0C8,SSTDSGSG,100,136
Q9H0E2,VQLDAQAA,100,194
Q9H0G5,YEYDSIYD,100,272
Q9H0U9,LELDTVNA,100,121
Q9H175,DSCDSLNP,100,169
Q9H1B7,NHVDGSSK,100,51
Q9H1I8,DTYDGNQV,100,182
Q9H223,CDCDGMLD,100,328
Q9H2F5,DLPDLHEY,100,275
Q9H2J4,TYEDMTLE,100,9
Q9H3P7,VSVDGLTL,100,58
Q9H3R0,DEVDGAEV,100,17
Q9H444,AQIDGTLS,100,326
Q9H4A3,SSVDSAHS,100,203
Q9H4A3,VLSDGTVD,100,215
Q9H4L7,SEYDSGSD,100,130
Q9H4M9,VDKDGLLD,100,328
Q9H4X1,CEFDAVLA,100,103
Q9H5J8,DSLDHVTS,100,5
Q9H6Q4,IEDDGSYF,100,314
Q9H6T3,DELDKDDS,100,219
Q9H6W3,DLGDALPG,100,60
Q9H6Z4,DREDGNYC,100,204
Q9H714,DTTDSVGS,100,13
Q9H714,PETDSAFF,100,20
Q9H7N4,QTVDSSCK,100,65
Q9H814,ESVDSSEE,100,44
Q9H8Y5,EDSDSASE,100,98
Q9H9B1,EEDDGHGA,100,18
Q9H9J4,EEPDAAAG,100,14
Q9HAW4,DEYDGEEI,100,136
Q9HB07,EEVDAVDN,100,211
Q9HB58,EIIDGTSE,100,17
Q9HBD1,DATDTKPD,100,221
Q9HCD5,DSFDGRGP,100,124
Q9HCE5,ESADSIGA,100,251
Q9NPG3,DESDSFID,100,325
Q9NQ55,AEPDGDHN,100,255
Q9NQC1,TETDGYFS,100,123
Q9NR30,EEIDAPKP,100,18
Q9NR30,SEVDMNSP,100,7
Q9NT62,DDGDGGWV,100,319
Q9NTJ3,PSPDGASS,100,42
Q9NTM9,VCVDSVES,100,130
Q9NTX7,TSVDGQLT,100,157
Q9NV96,DEVDGGPP,100,88
Q9NVM9,DSPDSPEP,100,242
Q9NVU0,LNVDGACA,100,318
Q9NW13,DEEDGVFD,100,4
Q9NWB7,SMTDGAPL,100,308
Q9NWQ4,HESDSFTE,100,244
Q9NWZ8,VECDLSNM,100,33
Q9NX24,ADPDGPEA,100,56
Q9NYF8,YQGDGIVE,100,222
Q9NZ52,HHLDALDQ,100,56
Q9NZM5,EESDGEGE,100,38
Q9NZN5,DTLDGTPR,100,105
Q9P0L0,SKQDGPMP,100,230
Q9P107,GPEDSLLG,100,120
Q9P1Y5,VSSDSLGP,100,114
Q9P246,SECDSLNS,100,233
Q9P266,SDVDGVVT,100,28
Q9P275,DSRDVVLS,100,21
Q9P275,SCGDGVPA,100,138
Q9P2D1,ETRDGFYM,100,258
Q9P2E9,HVEDGDIA,100,118
Q9P2I0,DDVDAAFD,100,323
Q9P2M7,SSVDSLIN,100,71
Q9P2N5,YEPDGYNP,100,130
Q9UBF8,FSVDSITS,100,297
Q9UBL0,VNPDGTPA,100,223
Q9UBP0,IEFDGVQS,100,325
Q9UBU8,DDWDLITR,100,324
Q9UER7,DDPDSAYL,100,172
Q9UEW8,SVHDSQGP,100,126
Q9UG63,TEVDLLTK,100,166
Q9UGN5,LQMDYATN,100,126
Q9UGP4,ECLDGVPF,100,327
Q9UGP4,LTVDGAAK,100,51
Q9UGR2,APRDCYVD,100,44
Q9UGU0,HETDGHGL,100,129
Q9UHR5,PESDGEAG,100,125
Q9UHY8,DWQDFYEF,100,1
Q9UI08,RPEDASGG,100,29
Q9UI10,VQTDAFVS,100,304
Q9UI12,GAVDAAVP,100,188
Q9UIF9,GEVDATAS,100,116
Q9UIQ6,DVVDLAKE,100,315
Q9UJD0,DFLDGLGP,100,327
Q9UK73,DNIDVSHP,100,324
Q9UK96,DSSDGGLS,100,121
Q9UKE5,ETHDGTVA,100,135
Q9UKJ3,MELDYAED,100,306
Q9UKS7,EAIDGYIT,100,65
Q9UKV3,DELDYHRG,100,143
Q9UKV3,VSRDSSTS,100,44
Q9UKV3,VTLDGKPL,100,119
Q9UKY7,DPGDNWEE,100,153
Q9UL40,QAADGGAA,100,11
Q9UL45,SSPDGALT,100,17
Q9ULH0,DVIDYSSS,100,222
Q9ULH7,DSSDALSP,100,213
Q9ULI0,VEVDGSLS,100,100
Q9ULM3,SESDSLSQ,100,218
Q9ULR0,DEDDGVIV,100,297
Q9ULX6,QRLDMVPH,100,139
Q9UM82,DDVDLYTD,100,122
Q9UMN6,EQLDGVDD,100,118
Q9UMR2,DEADVMIA,100,326
Q9UMX0,GSQDSAAG,100,24
Q9UN37,DEVDSLCG,100,328
Q9UNH7,DGPDFLSE,100,83
Q9UNZ2,SFRDLIHD,100,216
Q9UPN3,DETDRDII,100,321
Q9UPN3,DTTDGYMG,100,95
Q9UPN3,DWLDNTVI,100,322
Q9UPT8,LEDDGAEE,100,66
Q9UPT8,LEPDSFSE,100,126
Q9UQ35,PTVDSNSL,100,22
Q9UQ35,PVLDAVPR,100,25
Q9UQ35,SMMDGPGP,100,121
Q9UQ35,SYVDGSSF,100,144
Q9UQ80,EKGDAMIM,100,290
Q9UQ80,HVIDGEKT,100,304
Q9UQF2,DLIDATGD,100,14
Q9Y223,VDNDGNCA,100,318
Q9Y224,DTGDAVLN,100,318
Q9Y262,SDYDMHTG,100,229
Q9Y2D5,EELDSGLD,100,234
Q9Y2L5,MTVDGIGA,100,230
Q9Y2W1,VRMDSFDE,100,234
Q9Y2X9,SLIDSSAL,100,240
Q9Y2Z0,SFSDALID,100,90
Q9Y3T6,IHLDTSSF,100,124
Q9Y3T9,EEEDGAEE,100,3
Q9Y490,QNVDSRDP,100,323
Q9Y4B5,TINDGLSS,100,313
Q9Y4B6,DDTDDLDE,100,197
Q9Y4C8,TVPDGETP,100,17
Q9Y4E1,DGCDLFAD,100,10
Q9Y4E1,DSGDIFST,100,27
Q9Y4K1,VQTDAGCL,100,29
Q9Y4L1,DDVDFKAK,100,315
Q9Y4R8,EIVDGGVP,100,22
Q9Y508,TFVDYDVD,100,299
Q9Y520,MEVDYTEQ,100,224
Q9Y520,SVTDYTTP,100,209
Q9Y520,TDTDSEIH,100,131
Q9Y572,TSSDSMAQ,100,25
Q9Y5A9,AMIDGQSA,100,249
Q9Y5B6,EIPDAAFI,100,240
Q9Y5V3,DALDAAAA,100,119
Q9Y613,DVTDALEQ,100,315
Q9Y613,SVPDSSAL,100,11
Q9Y6A5,AEVDYLEQ,100,190
Q9Y6G9,VEKDAVFI,100,322
Q9Y6H5,DEVDQDGN,100,314
Q9Y6I3,VDLDSLVS,100,101
Q9Y6K9,RIEDMRKR,100,74
Q9Y6W5,ENVDASSY,100,38
Q9Y6W5,PQSDSASS,100,49
Q9Y6W5,TGADGQPA,100,20
