uni,pname,count,after_d4,elution,expect
P60709,ACTB,260,GVTH,55.865,3.3e-6
P35579,MYH9,259,STAA,17.365,0.0022
Q9NPG3,UBN1,259,SFID,66.784,1e-5
P21333,FLNA,255,GTQT,26.817,2.1e-4
P62736,ACTA2,254,GQVI,32.133,0.0014
P17544,ATF7,251,SVII,36.08,0.0019
P55209,NAP1L1,248,GLVE,62.567,6e-6
Q3KQV9,UAP1L1,248,GVPQ,57.259,2.9e-5
Q3B7T1,EDRF1,247,SVGN,40.689,2.8e-5
Q96D71,REPS1,247,SNIA,46.692,1.6e-6
Q96N67,DOCK7,247,STEV,28.066,3.4e-4
P04350,TUBB4A,246,AVLD,39.758,0.062
Q13885,TUBB2A,246,SVLD,45.416,0.026
Q7KZ85,SUPT6H,242,SYIE,49.699,1.7e-4
P10809,HSPD1,241,GTTT,26.159,0.0054
Q14C86,GAPVD1,240,SASQ,28.038,3.5e-6
Q9Y2I7,PIKFYVE,239,GHLL,18.459,0.0018
P51991,HNRNPA3,238,SVKP,16.241,0.024
Q8N1F7,NUP93,232,FTQE,46.196,3.9e-7
Q9UBF8,PI4KB,232,SITS,44.129,1.4e-5
Q5T8P6,RBM26,231,GYNP,37.386,1.4e-6
Q9NT62,ATG3,230,GGWV,52.588,3.5e-4
Q7L014,DDX46,229,VMQQ,43.193,1.9e-4
Q7Z5L9,IRF2BP2,226,SSLA,38.53,1.2e-7
P09496,CLTA,221,SYAA,33.011,5.6e-6
P61158,ACTR3,218,FFIG,50.205,2.1e-4
Q8TBC4,UBA3,217,GGCG,23.917,2.3e-6
Q6DN90,IQSEC1,216,AITE,61.172,5.5e-5
P30260,CDC27,210,SAVI,58.667,8e-4
P82094,TMF1,210,SFSV,42.95,3.4e-4
Q14157,UBAP2L,210,GSLA,34.394,0.0031
O15042,U2SURP,208,GVPL,24.189,7e-7
P47712,PLA2G4A,203,AAVA,35.123,1.4e-5
P33991,MCM4,202,GAAA,42.532,3.2e-6
P23588,EIF4B,196,VSTT,27.966,3.3e-4
Q9NZB2,FAM120A,196,SAYF,31.406,4e-7
Q7Z460,CLASP1,195,GGAA,16.133,3.9e-7
Q9H9B1,EHMT1,195,GLQE,40.108,5.7e-4
Q9BWU0,SLC4A1AP,194,AFMS,37.086,7.8e-4
Q6P2E9,EDC4,192,SLGA,49.852,1.3e-5
P10244,MYBL2,191,SCNS,17.505,0.064
Q8WXG6,MADD,190,SVIG,55.602,6.1e-4
O15042,U2SURP,189,GVPI,58.566,2.3e-5
Q13136,PPFIA1,186,GVLD,28.832,1.3e-7
Q9Y5A9,YTHDF2,186,GQSA,25.842,2.3e-5
Q96D71,REPS1,185,GYSS,44.993,2.5e-7
Q9Y520,PRRC2C,185,YTTP,34.351,1.3e-5
Q96RU3,FNBP1,183,GSYT,14.747,2.2e-7
Q9H4A3,WNK1,182,SAHS,23.353,2.8e-8
Q6PKG0,LARP1,179,AINW,46.95,2.5e-4
Q14498,RBM39,177,ASSA,49.189,3.1e-5
Q9BY77,POLDIP3,177,AYTA,44.178,1.3e-4
Q13435,SF3B2,173,GSET,54.508,3.4e-5
P08670,VIM,168,AINT,25.388,5.8e-4
O94973,AP2A2,166,SASV,48.688,1.7e-5
P08047,SP1,166,GSGQ,50.743,1.6e-4
Q92945,KHSRP,164,SISS,41.539,2e-5
Q9P0K8,FOXJ2,164,GGAV,13.452,2.2e-4
Q9H0H5,RACGAP1,162,SVGT,14.314,9.5e-7
Q7Z6Z7,HUWE1,160,GLPE,24.314,4.3e-4
P68104,EEF1A1,157,MVPG,55.809,4.1e-6
Q8NCG7,DAGLB,156,GGDQ,65.471,7.9e-6
Q06547,GABPB1,154,GQQV,63.708,3.1e-6
P08670,VIM,153,FSLA,64.338,4.3e-7
Q00403,GTF2B,153,LITT,50.134,0.0012
Q86V81,ALYREF,153,SGFG,24.199,1.6e-6
P33992,MCM5,151,SFGG,19.362,3.2e-6
P63241,EIF5A,151,FETG,44.681,5.5e-7
Q9Y5A9,YTHDF2,151,GNGV,32.561,9.1e-7
Q96IZ7,RSRC1,148,SFVQ,40.334,3.8e-4
P63167,DYNLL1,142,SVEC,31.84,3.1e-4
Q9UKE5,TNIK,140,GTVA,33.878,0.0032
Q9BRT8,CBWD1,139,GLIN,28.864,0.029
Q7Z6Z7,HUWE1,136,MNAS,22.39,1e-4
Q8WYQ5,DGCR8,135,SMGA,45.17,1.6e-5
P78316,NOP14,131,GFVL,31.084,0.017
Q09666,AHNAK,131,VNIE,24.35,0.0028
Q9UKS7,IKZF2,130,GYIT,37.747,7.4e-5
Q9NUM4,TMEM106B,128,GVTS,17.376,0.002
P09234,SNRPC,127,TYLT,21.763,9.4e-5
P53621,COPA,125,GFVE,53.018,8.9e-4
Q8N684,CPSF7,122,LYDD,50.017,1.4e-4
Q02750,MAP2K1,121,GSAV,37.114,0.0064
Q96ED9,HOOK2,120,SLSP,41.76,1.2e-6
Q9UPN9,TRIM33,118,ALAS,28.238,0.02
P49792,RANBP2,117,GGSA,54.799,3.3e-6
P26368,U2AF2,116,GLAV,49.397,6.1e-8
Q9P1Z2,CALCOCO1,116,GGSD,55.102,0.013
O60784,TOM1,114,GLAG,36.001,0.053
Q08J23,NSUN2,114,GVCG,15.699,0.0094
Q14980,NUMA1,113,GTSV,30.135,0.003
Q14004,CDK13,112,GLGS,28.611,0.0041
Q9UQ35,SRRM2,111,GSSF,20.157,0.0086
Q14980,NUMA1,109,SANS,24.317,1.2e-5
Q96GD3,SCMH1,108,SASN,29.934,1.4e-5
Q2NL82,TSR1,107,AVDD,36.231,1.8e-6
Q92598,HSPH1,107,AQQT,34.241,8.2e-7
Q99590,SCAF11,107,SFCS,42.652,1.9e-5
Q86XP1,DGKH,106,SVPG,47.561,5.3e-10
Q9UPN3,MACF1,106,GYMG,29.368,7.6e-6
Q14157,UBAP2L,105,SSNL,55.425,3.7e-5
Q9H4L5,OSBPL3,105,SSSG,39.545,6.5e-6
Q01082,SPTBN1,104,TSEM,20.82,1.5e-4
P32519,ELF1,103,GIPE,34.669,4.8e-6
P45974,USP5,103,SISE,34.549,3.5e-5
Q7Z6Z7,HUWE1,103,SAVA,22.375,3.9e-4
Q86UX7,FERMT3,103,SLTT,46.232,8.4e-5
P36915,GNL1,101,SAME,15.964,1.7e-6
Q14202,ZMYM3,101,GINS,34.511,8.9e-6
Q15633,TARBP2,101,GNEV,41.623,3.1e-6
Q96N16,JAKMIP1,101,AVQM,32.77,0.0015
Q8IWR0,ZC3H7A,100,SAPE,46.801,0.0021
Q9P1Y5,CAMSAP3,100,GSPA,39.338,1.5e-5
P98171,ARHGAP4,99,SFQT,29.685,2.9e-5
Q14566,MCM6,99,GYET,24.436,0.012
O75113,N4BP1,98,GLSP,44.07,3.6e-7
Q15942,ZYX,97,SLSS,54.985,7.8e-4
Q8IWI9,MGA,96,SALS,44.276,0.0078
Q86WB0,ZC3HC1,95,ASFG,53.301,6.1e-5
Q86VX9,MON1A,94,GTLT,25.873,0.0026
Q8IWB9,TEX2,94,GLSV,51.759,0.0012
O75410,TACC1,89,GSTV,59.82,0.009
P16989,YBX3,89,GVPE,28.577,1.6e-6
Q99614,TTC1,87,CSAS,23.708,3.6e-7
O43719,HTATSF1,85,AGGE,48.886,9.4e-6
P09496,CLTA,85,GVMN,51.542,1.1e-6
P17028,ZNF24,85,SILI,65.665,1.7e-7
P20810,CAST,85,ALSS,36.147,1.5e-7
Q14694,USP10,85,GVSG,19.147,0.01
Q13177,PAK2,84,GFPS,38.787,6.2e-6
Q71RC2,LARP4,84,GLNQ,37.958,1.4e-7
Q9BUJ2,HNRNPUL1,84,GHYA,21.835,0.0034
A2RRP1,NBAS,83,SISY,45.643,1.1e-4
Q8WUI4,HDAC7,81,GGGP,34.026,1.8e-6
Q8WWM7,ATXN2L,80,GLLT,42.177,2.2e-5
O14686,KMT2D,79,ALYV,30.079,4.7e-4
Q92619,ARHGAP45,79,AVFP,50.658,4.9e-6
Q99767,APBA2,75,GQLP,48.735,6.8e-5
Q92619,ARHGAP45,74,AGCL,66.578,3.4e-4
Q9NV96,TMEM30A,73,GGPP,15.918,2e-4
O43719,HTATSF1,72,SLGQ,44.931,2.9e-6
O95801,TTC4,72,GLST,10.182,4e-4
O75934,BCAS2,71,ALPY,53.412,4.1e-6
Q13123,IK,71,YVPS,19.516,2.5e-4
Q15544,TAF11,70,GIPE,40.382,7.5e-6
Q9H6T3,RPAP3,70,STTA,64.445,4.1e-7
O43399,TPD52L2,69,SMTD,39.872,5e-4
P36954,POLR2I,66,GTYE,45.78,9.7e-6
Q15003,NCAPH,66,HTAV,13.475,6.3e-6
Q7Z6I6,ARHGAP30,66,SIEA,40.464,8.5e-7
Q96ST2,IWS1,65,SFHS,14.836,7.6e-4
P41250,GARS,63,GAGA,61.504,2.1e-4
Q8N1G4,LRRC47,62,AVSG,55.537,7.5e-7
P49023,PXN,61,ALLA,55.932,0.0019
Q9BSI4,TINF2,59,SVNL,39.684,1.1e-4
Q9P107,GMIP,58,GGGE,39.784,9.9e-6
P43243,MATR3,57,LANL,37.484,1.2e-5
Q07666,KHDRBS1,55,ATVG,49.301,2.8e-5
Q14694,USP10,55,SVSD,63.414,1.9e-4
P52888,THOP1,51,AASP,67.256,1.7e-4
Q15424,SAFB,51,SAHP,30.034,8.1e-10
Q99733,NAP1L4,49,GVPS,24.564,1.7e-8
P61978,HNRNPK,48,AVEC,42.841,4.7e-8
P27816,MAP4,47,ALTE,41.129,6.6e-6
Q8TEU7,RAPGEF6,45,SMSA,30.885,9.9e-5
Q9BWT1,CDCA7,44,SFAS,35.33,9.9e-6
Q9H1B7,IRF2BPL,44,GSSK,35.473,3.6e-5
Q9UBN7,HDAC6,44,SMLM,28.026,0.038
P06454,PTMA,43,AAVD,23.856,3.4e-5
Q13428,TCOF1,40,SAVG,33.909,6.8e-6
Q96RS0,TGS1,39,GHQQ,9.899,0.0015
Q9H2L5,RASSF4,39,SSGP,54.754,1.8e-6
Q15365,PCBP1,37,AYSI,48.473,1.4e-5
P50851,LRBA,36,SAQA,12.855,2e-8
Q9BRD0,BUD13,36,LAPN,46.727,0.0012
Q27J81,INF2,34,AVTP,53.7,1.2e-7
O43865,AHCYL1,32,AMPL,56.678,1.7e-6
Q8N9B5,JMY,31,SLPS,57.761,1e-8
P51957,NEK4,30,GFVQ,24.041,0.0018
Q8NEF9,SRFBP1,29,SVVS,24.717,0.0082
O60343,TBC1D4,27,GTDT,40.439,1.4e-6
O60664,PLIN3,27,GFDV,36.683,1.4e-4
P00519,ABL1,27,AVNS,19.253,6.1e-5
P62310,LSM3,27,QQQT,58.258,7.8e-5
Q96HA7,TONSL,27,GLTP,48.367,2.7e-7
Q9H6R7,WDCP,27,GSIA,49.911,5.3e-5
Q5T8I9,HENMT1,24,GNFE,54.137,0.0026
Q9BU89,DOHH,23,AIGQ,41.961,2.2e-6
Q12888,TP53BP1,22,SSQP,42.124,4.7e-4
Q7Z2W4,ZC3HAV1,22,GVAT,27.374,1.3e-4
Q8IWU2,LMTK2,22,SVLA,53.794,8.4e-4
O15027,SEC16A,21,SVSS,15.736,7.9e-5
O43296,ZNF264,21,GLGT,24.794,6.9e-5
Q6JBY9,RCSD1,21,GQHP,25.145,2.3e-8
Q7Z2W4,ZC3HAV1,21,SLSD,30.112,1.6e-5
O95391,SLU7,20,AVNA,40.282,6.7e-6
O95685,PPP1R3D,20,GGVA,25.693,0.023
O95644,NFATC1,19,GAPA,25.004,0.026
Q5SXM2,SNAPC4,19,GSVA,42.101,2.9e-4
Q9UQ35,SRRM2,19,SNSL,24.972,0.018
O60343,TBC1D4,18,THLG,38.171,5.3e-5
Q8NCD3,HJURP,18,GSVQ,38.692,1.6e-6
O60664,PLIN3,13,GSTQ,38.696,2e-6
O15015,ZNF646,11,SVLE,72.325,4.3e-6
Q96MG7,NSMCE3,8,GFAE,27.093,7.6e-6
Q9H5J8,TAF1D,7,HVTS,24.453,0.0027
Q9NUU7,DDX19A,6,SWAL,53.099,0.015
Q5T0D9,TPRG1L,3,SAGT,50.302,3.3e-7
Q8N5W9,RFLNB,2,AAAA,55.259,1.2e-5
P23025,XPA,1,GALP,57.662,3.9e-6
