aa_from_to,count
G -> S,4115
A -> S,3854
A -> T,3440
S -> N,3153
S -> G,3131
S -> T,2964
S -> A,2344
A -> V,2075
G -> A,1655
S -> P,1622
G -> D,1154
A -> P,1083
G -> E,1059
V -> I,964
G -> V,951
T -> A,928
G -> N,837
N -> S,800
G -> R,761
A -> G,737
T -> S,699
S -> C,643
A -> E,592
S -> L,586
D -> E,534
I -> V,532
S -> R,527
F -> Y,495
S -> K,483
G -> C,442
G -> T,430
V -> A,424
V -> M,408
G -> Q,402
A -> D,350
C -> S,317
S -> -,296
V -> L,293
M -> V,292
G -> -,271
S -> F,242
T -> N,241
G -> P,236
S -> I,230
Y -> F,227
N -> T,222
E -> D,218
A -> N,212
F -> L,208
S -> D,208
L -> M,206
S -> E,205
S -> Q,204
G -> H,203
T -> P,201
A -> C,200
A -> I,192
A -> L,190
L -> I,188
I -> L,172
K -> R,169
F -> S,168
Y -> C,164
S -> Y,163
I -> T,162
C -> L,159
Y -> H,155
N -> H,151
D -> G,144
G -> I,144
M -> T,134
N -> E,133
M -> L,132
S -> V,131
Q -> H,126
A -> -,125
K -> Q,118
N -> G,117
P -> S,117
A -> M,113
G -> L,113
Y -> N,113
I -> A,110
T -> I,107
H -> S,104
N -> D,104
A -> Q,102
C -> R,102
A -> K,97
S -> H,97
P -> T,95
C -> A,92
T -> D,91
M -> I,86
I -> F,83
P -> A,80
L -> S,79
I -> E,78
L -> V,78
R -> Q,78
P -> H,77
N -> A,76
Q -> R,76
Q -> A,75
L -> -,73
F -> D,72
V -> G,69
R -> A,68
A -> F,67
M -> A,67
G -> M,66
R -> K,62
H -> K,59
H -> R,59
T -> V,58
C -> G,57
G -> Y,57
H -> N,57
T -> M,57
Y -> R,57
C -> Y,55
V -> T,53
G -> K,52
G -> W,48
L -> G,46
K -> S,44
H -> Q,43
L -> F,41
N -> I,41
S -> M,41
P -> L,40
V -> F,38
L -> A,35
A -> R,32
A -> H,31
E -> Q,30
E -> N,29
I -> N,28
E -> A,24
H -> L,23
I -> M,23
T -> K,22
G -> F,21
T -> H,21
F -> C,20
I -> S,20
Q -> P,20
N -> R,19
C -> T,18
F -> V,18
H -> P,18
N -> K,18
P -> V,18
T -> E,18
I -> G,17
Y -> S,17
F -> I,15
K -> N,15
N -> -,15
R -> L,15
T -> G,15
I -> D,14
Y -> K,14
A -> Y,13
H -> Y,12
T -> L,12
E -> K,11
P -> Q,11
G -> X,10
R -> G,10
Y -> G,10
Y -> V,10
C -> P,9
E -> G,9
M -> S,9
T -> R,9
Y -> D,9
D -> -,8
D -> F,8
N -> V,8
N -> Y,8
R -> W,8
V -> S,8
E -> -,7
F -> A,7
K -> E,7
P -> M,7
Q -> V,7
T -> C,7
C -> D,6
C -> F,6
D -> N,6
F -> H,6
F -> P,6
I -> K,6
I -> P,6
I -> Q,6
P -> I,6
P -> N,6
R -> P,6
T -> F,6
V -> E,6
C -> -,5
E -> S,5
K -> T,5
Q -> E,5
Q -> K,5
S -> X,5
T -> Y,5
Y -> A,5
C -> K,4
H -> C,4
M -> H,4
M -> P,4
S -> W,4
V -> P,4
A -> X,3
H -> A,3
K -> A,3
L -> C,3
L -> D,3
L -> P,3
L -> R,3
N -> C,3
N -> Q,3
Q -> T,3
V -> -,3
Y -> L,3
C -> H,2
C -> I,2
C -> Q,2
D -> A,2
E -> V,2
F -> G,2
F -> M,2
F -> Q,2
F -> T,2
H -> D,2
H -> W,2
K -> I,2
K -> M,2
K -> V,2
L -> Q,2
M -> Q,2
N -> M,2
P -> R,2
Q -> L,2
T -> Q,2
V -> K,2
Y -> E,2
A -> W,1
C -> E,1
C -> N,1
C -> V,1
D -> I,1
D -> K,1
D -> S,1
D -> T,1
D -> X,1
E -> I,1
E -> M,1
E -> R,1
E -> T,1
F -> E,1
F -> N,1
F -> X,1
H -> F,1
H -> G,1
H -> T,1
I -> C,1
I -> H,1
I -> R,1
K -> G,1
L -> K,1
L -> W,1
L -> X,1
M -> -,1
M -> E,1
M -> G,1
M -> Y,1
P -> D,1
P -> Y,1
Q -> G,1
Q -> N,1
Q -> Y,1
R -> C,1
R -> H,1
R -> S,1
R -> T,1
T -> X,1
V -> C,1
V -> D,1
W -> -,1
W -> R,1
Y -> I,1
Y -> P,1
Y -> X,1
