uniprot,human_site,gname,pname,count
P22102,LEGDGGPN,GART,PUR2,294
P04350,ELVDAVLD,TUBB4A,TBB4A,288
Q9BUF5,ELVDAVLD,TUBB6,TBB6,286
P15170,VETDTVAP,GSPT1,ERF3A,280
Q6PH85,EATDSFFQ,DCUN1D2,DCNL2,272
P55212,DVVDNQTE,CASP6,CASP6,264
P12268,EEHDCFLE,IMPDH2,IMDH2,261
P35251,DLVDSQIR,RFC1,RFC1,259
Q8IYD1,TETDFVAP,GSPT2,ERF3B,249
Q13099,LENDAAFQ,IFT88,IFT88,247
Q96I24,NDIDSNST,FUBP3,FUBP3,241
O14579,SRRDSIVA,COPE,COPE,232
Q6P996,DNVDAAEL,PDXDC1,PDXD1,228
Q9Y3A2,EQFDVATH,UTP11,UTP11,227
Q562R1,GQKDCYVG,ACTBL2,ACTBL,220
O15020,ERVDSANA,SPTBN2,SPTN2,217
Q03001,DIIDDLVK,DST,DYST,216
O75880,DEIDSITT,SCO1,SCO1,211
P07814,DQVDIAVQ,EPRS,SYEP,210
P55199,DALDGLLQ,ELL,ELL,210
P04818,DFLDSLGF,TYMS,TYSY,208
Q8IWX8,NQPDAAWN,CHERP,CHERP,208
P16499,DFVDILTE,PDE6A,PDE6A,205
P52597,NSADSAND,HNRNPF,HNRPF,205
P07949,VSVDAFKI,RET,RET,204
Q14149,VQCDACLK,MORC3,MORC3,204
O60499,IMLDAFAQ,STX10,STX10,203
Q99829,LDADGGPL,CPNE1,CPNE1,202
Q9H981,AQGDGLMA,ACTR8,ARP8,202
Q08J23,YEPDSANP,NSUN2,NSUN2,201
Q66K74,DRVDAVLV,MAP1S,MAP1S,200
P07900,VRTDTGEP,HSP90AA1,HS90A,199
P43250,AFLDGVAE,GRK6,GRK6,194
Q9UHB9,DANDAHQT,SRP68,SRP68,194
P00519,EHRDTTDV,ABL1,ABL1,192
O60733,DVTDYKGE,PLA2G6,PLPL9,191
P16520,IVWDSYTT,GNB3,GBB3,190
Q13177,SHVDGAAK,PAK2,PAK2,190
P62753,VAADALGE,RPS6,RS6,189
Q7L014,DDEDAAVD,DDX46,DDX46,185
Q9Y613,DVTDALEQ,FHOD1,FHOD1,185
Q14839,EYLDATGG,CHD4,CHD4,184
P10809,PALDSLTP,HSPD1,CH60,183
Q12982,IDLDGLDT,BNIP2,BNIP2,183
O00170,ADLDALQQ,AIP,AIP,182
P07900,DEDDPTAD,HSP90AA1,HS90A,182
Q92574,TEEDGVPS,TSC1,TSC1,182
O43707,DQWDALGS,ACTN4,ACTN4,181
P07858,FTEDLKLP,CTSB,CATB,181
Q6ZNE5,SESDSAMT,ATG14,BAKOR,178
Q9UI10,VQTDAFVS,EIF2B4,EI2BD,178
P19878,VDQDSFSG,NCF2,NCF2,176
Q09666,SMPDIDLN,AHNAK,AHNK,176
P26599,LKTDSSPN,PTBP1,PTBP1,175
P28066,VEIDAHIG,PSMA5,PSA5,175
Q96T58,STTDSIQE,SPEN,MINT,175
P23743,IDYDGSGS,DGKA,DGKA,173
Q8WWM7,LESDMSNG,ATXN2L,ATX2L,173
Q16630,DYMDTLPP,CPSF6,CPSF6,171
O00299,KVLDNYLT,CLIC1,CLIC1,170
Q9Y5M8,STLDSSST,SRPRB,SRPRB,169
P06396,SEPDGFWE,GSN,GELS,168
Q12959,YMNDGYAP,DLG1,DLG1,168
Q14166,VTRDFAYG,TTLL12,TTL12,167
P34932,DHLDAADM,HSPA4,HSP74,166
Q5T4S7,TMIDAVKI,UBR4,UBR4,166
Q86VM9,DVRDTVLE,ZC3H18,ZCH18,166
O43390,KLCDSYEI,HNRNPR,HNRPR,165
P06744,TSHDASTN,GPI,G6PI,165
Q6DCA0,QHVDSSSG,AMMECR1L,AMERL,164
P08670,VQIDVDVS,VIM,VIME,163
Q96A49,GKIDGIID,SYAP1,SYAP1,163
Q9UP83,DELDGIIK,COG5,COG5,163
P11142,RFDDAVVQ,HSPA8,HSP7C,162
P55265,CLADGYDL,ADAR,DSRAD,162
P08047,NSPDAQPQ,SP1,SP1,161
Q9UQC2,HHFDSLGY,GAB2,GAB2,161
P35749,DTLDSTAT,MYH11,MYH11,159
P00441,SIEDSVIS,SOD1,SODC,158
P00533,DMDDVVDA,EGFR,EGFR,158
O75083,GENDSFAG,WDR1,WDR1,156
Q9NXR5,QSLDSAVP,ANKRD10,ANR10,156
Q8IZ21,ENSDSFSE,PHACTR4,PHAR4,154
Q8NDI1,DDPDAAEL,EHBP1,EHBP1,147
Q9H0H5,TETDSVGT,RACGAP1,RGAP1,147
Q6ULP2,DDLDNVAD,AFTPH,AFTIN,145
P48147,PEADDIQY,PREP,PPCE,140
O75695,VVQDYVPI,RP2,XRP2,139
P06400,LQTDSIDS,RB1,RB,139
P30260,ISPDTVPL,CDC27,CDC27,139
P54578,IEDDSVKE,USP14,UBP14,139
Q16643,EDIDAGAI,DBN1,DREB,139
P42858,DLLDDTAK,HTT,HD,133
P52566,DELDSKLN,ARHGDIB,GDIR2,132
O43303,LDIDGLQK,CCP110,CP110,131
O43707,VENDRQGE,ACTN4,ACTN4,131
P63167,MQQDSVEC,DYNLL1,DYL1,131
Q01082,DEVDSKRL,SPTBN1,SPTB2,131
Q9ULV0,DTEDALQQ,MYO5B,MYO5B,130
P60484,QEIDSICS,PTEN,PTEN,129
Q86UL8,SLDDGLAP,MAGI2,MAGI2,129
Q53EL6,TYIDSYKG,PDCD4,PDCD4,128
O75676,VMTDGLEA,RPS6KA4,KS6A4,126
Q9NW75,HESDFAVD,GPATCH2,GPTC2,126
Q7Z2E3,TSIDSVVI,APTX,APTX,124
Q86UX7,DDLDVALS,FERMT3,URP2,122
Q8N3P4,DTIDSHSY,VPS8,VPS8,121
P48553,IENDSLSV,TRAPPC10,TPC10,120
Q7Z6I8,DQFDIYSS,C5orf24,CE024,120
P31749,TVADGLKK,AKT1,AKT1,119
P55036,ADIDASSA,PSMD4,PSMD4,119
Q13439,LDLDSSTA,GOLGA4,GOGA4,119
P14136,VELDVAKP,GFAP,GFAP,118
P21333,YGGDPIPK,FLNA,FLNA,118
P31749,ECVDSERR,AKT1,AKT1,117
Q02750,VEGDAAET,MAP2K1,MP2K1,117
O14530,EHLDSEIQ,TXNDC9,TXND9,116
O95155,MDIDGVSC,UBE4B,UBE4B,115
P60900,AEIDAHLV,PSMA6,PSA6,115
Q15054,TYLDGEGC,POLD3,DPOD3,115
Q8NEZ2,EESDNIAE,VPS37A,VP37A,115
Q504Q3,SEFDSFSQ,PAN2,PAN2,114
Q5T5Y3,VSLDGSAD,CAMSAP1,CAMP1,114
Q9BSJ2,MKLDGELG,TUBGCP2,GCP2,113
O60502,SVVDGTPL,OGA,OGA,112
P14314,DCCDGTDE,PRKCSH,GLU2B,112
Q09666,DTPDINIE,AHNAK,AHNK,112
Q8IWV8,LELDASTS,UBR2,UBR2,112
P09496,GPTDSYAA,CLTA,CLCA,111
P22234,ELLDSPGK,PAICS,PUR6,110
P68104,EALDCILP,EEF1A1,EF1A1,110
Q0VF96,DELDSAKR,CGNL1,CGNL1,110
Q8IX21,DETDGSSA,SLF2,SLF2,110
P14625,DEDDKTVL,HSP90B1,ENPL,109
P39880,GTQDAAKP,CUX1,CUX1,109
P61224,VEVDAQQC,RAP1B,RAP1B,109
Q02078,TLTDSSML,MEF2A,MEF2A,109
P60842,EIVDSFDD,EIF4A1,IF4A1,108
Q6P2E9,CSGDSTSA,EDC4,EDC4,108
Q9Y4G8,DSVDSGSK,RAPGEF2,RPGF2,108
P18848,LAVDGLVS,ATF4,ATF4,107
Q15139,CQNDSGEM,PRKD1,KPCD1,107
Q15334,EHADSLAQ,LLGL1,L2GL1,107
Q96A33,DKPDTSSS,CCDC47,CCD47,107
Q9Y4L1,LVEDSAEE,HYOU1,HYOU1,107
P78527,DEVDNKVK,PRKDC,PRKDC,106
P82673,IEIDSTDY,MRPS35,RT35,106
A6NKT7,DVADAASE,RGPD3,RGPD3,105
P09497,GPADGYAA,CLTB,CLCB,105
P0DJD0,DVADAASE,RGPD1,RGPD1,105
P0DJD1,DVADAASE,RGPD2,RGPD2,105
P49792,DVADATSE,RANBP2,RBP2,105
P52292,VVIDAGAL,KPNA2,IMA1,105
Q7Z3J3,DVADAASE,RGPD4,RGPD4,105
P43487,ENTDESNH,RANBP1,RANG,104
P46531,CLLDSSGM,NOTCH1,NOTC1,104
Q96RE7,EEEDGGEE,NACC1,NACC1,104
Q99666,DVADAASE,RGPD5,RGPD5,104
Q9Y6B6,EELDSLMT,SAR1B,SAR1B,104
O14715,DVADAASE,RGPD8,RGPD8,103
P35579,KMEDSVGC,MYH9,MYH9,103
P53621,PELDISPG,COPA,COPA,103
Q02156,SSPDGQLM,PRKCE,KPCE,103
Q12888,ERGDGNSG,TP53BP1,TP53B,103
Q66GS9,TEIDQLAQ,CEP135,CP135,103
Q96RD7,DMRDGACS,PANX1,PANX1,103
Q9Y6Q9,SNTDATGL,NCOA3,NCOA3,103
P49736,PELDAYEA,MCM2,MCM2,102
P78527,GDSDGPSY,PRKDC,PRKDC,102
Q16829,TNVDSSSS,DUSP7,DUS7,102
O75116,SDIDSSNF,ROCK2,ROCK2,101
P43004,DTIDSQHR,SLC1A2,EAA2,101
P08238,KYIDQEEL,HSP90AB1,HS90B,100
P10275,VSVDFPEM,AR,ANDR,99
P17947,HVLDTPMV,SPI1,SPI1,99
P56962,EKIDSIAD,STX17,STX17,99
Q8NDI1,LYADSSKT,EHBP1,EHBP1,98
O75717,EEEDGQEG,WDHD1,WDHD1,97
O75995,TSPDYSLD,SASH3,SASH3,97
P09661,DQFDAIDF,SNRPA1,RU2A,97
P33991,LDFDVSSP,MCM4,MCM4,97
Q12888,DGLDASSP,TP53BP1,TP53B,97
Q13542,AISDAAQL,EIF4EBP2,4EBP2,97
Q15797,MTQDGSQP,SMAD1,SMAD1,97
Q96S94,QVLDGTSG,CCNL2,CCNL2,97
Q9BWU0,DSLDAFMS,SLC4A1AP,NADAP,97
O75122,DATDSSQT,CLASP2,CLAP2,96
P54105,MEVDTTPT,CLNS1A,ICLN,96
Q8TEK3,TALDALHA,DOT1L,DOT1L,96
Q92598,VQTDAQQT,HSPH1,HS105,96
P42345,EILDGVEL,MTOR,MTOR,95
Q96SB3,LEKDSEGL,PPP1R9B,NEB2,95
O43660,NATDSYVH,PLRG1,PLRG1,94
O75475,DAQDGNQP,PSIP1,PSIP1,94
P12814,DQWDNLGA,ACTN1,ACTN1,94
P42336,EIYDAAID,PIK3CA,PK3CA,94
O14727,SVTDSVMG,APAF1,APAF,93
Q5T4S7,GDSDSAAP,UBR4,UBR4,93
Q96D46,IYRDSAIP,NMD3,NMD3,93
Q96PU5,SVTDAVAE,NEDD4L,NED4L,93
Q96RK0,IADDGFGT,CIC,CIC,93
P49411,DAVDTYIP,TUFM,EFTU,92
Q14494,SALDSADL,NFE2L1,NF2L1,92
Q86VR2,EDLDGHSD,RETREG3,RETR3,92
Q9BY77,EDDDGIAS,POLDIP3,PDIP3,92
Q96EY5,LSLDAASQ,MVB12A,MB12A,91
Q9UN86,GGVDASGK,G3BP2,G3BP2,91
Q9Y2L9,DRADGLHS,LRCH1,LRCH1,91
O60238,TSRDHSSQ,BNIP3L,BNI3L,90
P25098,TVFDTINA,GRK2,ARBK1,90
P42858,DGTDNQYL,HTT,HD,90
P49023,SQLDSMLG,PXN,PAXI,90
Q09666,SMPDVGLN,AHNAK,AHNK,90
Q8IXS8,LSVDSVEL,FAM126B,F126B,90
Q9Y4E6,TAPDASGP,WDR7,WDR7,90
Q9Y520,HHTDANNQ,PRRC2C,PRC2C,90
O15014,TSNDAFDS,ZNF609,ZN609,89
Q13435,METDARSS,SF3B2,SF3B2,89
Q9BQQ3,SLLDNSNA,GORASP1,GORS1,89
Q9P2E9,EDGDIAGA,RRBP1,RRBP1,88
Q14151,DGTDGLLD,SAFB2,SAFB2,87
O75116,IGLDSSSI,ROCK2,ROCK2,86
O75312,VKTDSAAT,ZPR1,ZPR1,86
P31749,DQDDSMEC,AKT1,AKT1,86
P98170,SESDAVSS,XIAP,XIAP,86
Q13136,SETDNSSQ,PPFIA1,LIPA1,86
Q8WU90,VYIDARDE,ZC3H15,ZC3HF,86
Q9H8W4,VTIDSIKD,PLEKHF2,PKHF2,86
P13010,NAVDALID,XRCC5,XRCC5,85
P18858,VRIDGAVI,LIG1,DNLI1,85
P22626,DDHDPVDK,HNRNPA2B1,ROA2,85
Q96N67,LERDSTEV,DOCK7,DOCK7,85
Q9BY77,VQNDAYTA,POLDIP3,PDIP3,85
O15027,RPYDGAAS,SEC16A,SC16A,84
P09651,DDHDSVDK,HNRNPA1,ROA1,84
P38159,STKDSYSS,RBMX,RBMX,84
Q15477,EEPDMTGQ,SKIV2L,SKIV2,84
Q5VYS8,EHTDSAAG,TUT7,TUT7,84
O60784,VGTDSSQQ,TOM1,TOM1,83
P08047,VQQDGSGQ,SP1,SP1,83
Q8WX93,LGADSATV,PALLD,PALLD,83
O43670,ETIDAVPN,ZNF207,ZN207,82
P09917,IQFDSEKG,ALOX5,LOX5,82
Q96A49,DAFDACNL,SYAP1,SYAP1,82
Q9NPG3,DESDSFID,UBN1,UBN1,82
Q9P2I0,DDVDAAFD,CPSF2,CPSF2,82
Q9UJC3,DQLDGSFD,HOOK1,HOOK1,82
Q9Y5S9,EDYDSVEQ,RBM8A,RBM8A,82
O75150,PTCDGTPL,RNF40,BRE1B,81
P38398,SELDAQYL,BRCA1,BRCA1,81
Q06455,LLLDASTT,RUNX1T1,MTG8,81
Q14790,LEMDLSSP,CASP8,CASP8,81
O60573,TQKDGEKE,EIF4E2,IF4E2,80
P21333,DNADGTQT,FLNA,FLNA,80
Q09666,PDVDVHGP,AHNAK,AHNK,80
Q6P2E9,EENDSLGA,EDC4,EDC4,80
Q7Z6Z7,LERDGGSG,HUWE1,HUWE1,80
Q05513,DSEDLKPV,PRKCZ,KPCZ,79
Q6P4F7,LGIDGLCA,ARHGAP11A,RHGBA,79
Q8N5A5,VEGDGILP,ZGPAT,ZGPAT,79
Q92551,QMLDGNSG,IP6K1,IP6K1,79
Q92608,DQPDYAMY,DOCK2,DOCK2,79
Q96QZ7,DQTDSSGQ,MAGI1,MAGI1,79
Q9BQ67,ESGDTSSE,GRWD1,GRWD1,79
Q9HCN4,VALDAGTA,GPN1,GPN1,79
O95071,TCSDASSI,UBR5,UBR5,78
Q9BTE3,DERDASAL,MCMBP,MCMBP,78
Q9UBU8,DHPDAPMS,MORF4L1,MO4L1,77
Q14847,DSQDGSSY,LASP1,LASP1,76
Q5VT06,SVKDFEQT,CEP350,CE350,76
Q99457,DKVDTLFL,NAP1L3,NP1L3,76
Q9UPT8,ASTDSSTQ,ZC3H4,ZC3H4,76
O43719,TQTDAGGE,HTATSF1,HTSF1,75
P35580,FAKDAASL,MYH10,MYH10,75
Q14789,DVTDAQIK,GOLGB1,GOGB1,75
Q92733,IAPDASFI,PRCC,PRCC,75
P27540,TELDMVPG,ARNT,ARNT,74
P41250,VDVDKAVA,GARS,GARS,74
P42858,DEEDILSH,HTT,HD,74
Q53F19,VELDTLSQ,NCBP3,NCBP3,74
Q96B23,VQKDGVAD,C18orf25,CR025,74
P30154,LELDSVKS,PPP2R1B,2AAB,73
Q13439,MNVDVLKP,GOLGA4,GOGA4,73
Q96JH7,ETTDGCVA,VCPIP1,VCIP1,73
A2RRP1,IDIDSISY,NBAS,NBAS,72
Q8N4X5,SCPDAVVA,AFAP1L2,AF1L2,72
Q9BXW9,EEIDGLLD,FANCD2,FACD2,72
O00139,QDVDATNP,KIF2A,KIF2A,71
P46934,GQVDVPLY,NEDD4,NEDD4,71
P49792,DVTDGRAK,RANBP2,RBP2,71
P51531,DYSDALTE,SMARCA2,SMCA2,71
Q13464,DETDGNLP,ROCK1,ROCK1,71
Q5VTB9,TEADVIPC,RNF220,RN220,71
Q9H875,DYMDAMAE,PRKRIP1,PKRI1,71
P02545,VEIDNGKQ,LMNA,LMNA,70
P08758,SEIDLFNI,ANXA5,ANXA5,70
P51991,DDHDTVDK,HNRNPA3,ROA3,70
P55347,SEPDAEGV,PKNOX1,PKNX1,70
Q6ICG6,TEEDSSPA,KIAA0930,K0930,70
Q8ND25,SLADALPL,ZNRF1,ZNRF1,70
Q96F24,TDKDAAAH,NRBF2,NRBF2,70
Q5JSZ5,IHVDSVLP,PRRC2B,PRC2B,69
Q99549,EVLDSVCQ,MPHOSPH8,MPP8,69
O15020,VCTDGEPS,SPTBN2,SPTN2,68
O75400,NSMDVAAG,PRPF40A,PR40A,68
P25490,DDSDGLRA,YY1,TYY1,68
P49023,NPQDSVGS,PXN,PAXI,68
Q13492,ATVDAVDD,PICALM,PICAL,68
Q71RC2,VQKDGLNQ,LARP4,LARP4,68
Q96II8,DSTDSITG,LRCH3,LRCH3,68
Q9P0K8,GSVDGGAV,FOXJ2,FOXJ2,68
P08670,IDVDVSKP,VIM,VIME,67
P29083,IDMDAFQE,GTF2E1,T2EA,67
Q08945,TQEDGVDP,SSRP1,SSRP1,67
Q53RE8,SQPDSAGY,ANKRD39,ANR39,67
Q8TBA6,EGLDSSTA,GOLGA5,GOGA5,67
O14497,GQSDSIMH,ARID1A,ARI1A,66
O60315,EERDGHAV,ZEB2,ZEB2,66
P16333,SVPDSASP,NCK1,NCK1,66
P45974,ESGDGERV,USP5,UBP5,66
P52292,SFPDDATS,KPNA2,IMA1,66
Q8NCG7,TELDGGDQ,DAGLB,DGLB,66
Q7Z6E9,VSPDALIA,RBBP6,RBBP6,65
Q8NC51,HAEDSVMD,SERBP1,PAIRB,65
Q9NZJ0,TELDGQVE,DTL,DTL,65
Q9Y6E0,AETDGQAS,STK24,STK24,65
O95721,MSTDAYPK,SNAP29,SNP29,64
P33991,LQSDGAAA,MCM4,MCM4,64
Q16512,ATHDGPQS,PKN1,PKN1,64
Q96I25,TEKDASKK,RBM17,SPF45,64
Q96SB3,DKLDADAV,PPP1R9B,NEB2,64
Q13009,DETDHSSK,TIAM1,TIAM1,62
Q2TAZ0,CLRDGLPE,ATG2A,ATG2A,62
Q5T8P6,YDTDGYNP,RBM26,RBM26,62
Q92945,STPDFGFG,KHSRP,FUBP2,62
Q9BX66,DDSDLYSP,SORBS1,SRBS1,62
Q1MSJ5,LDIDSSRP,CSPP1,CSPP1,61
Q9GZR1,TDKDGTNL,SENP6,SENP6,61
Q9H582,SCVDSFGS,ZNF644,ZN644,61
O75376,LRPDVARG,NCOR1,NCOR1,60
P00441,ADKDGVAD,SOD1,SODC,60
Q14149,VRNDAVIL,MORC3,MORC3,60
Q7Z2Z1,FQTDGVPW,TICRR,TICRR,60
Q99959,TVFDSIPA,PKP2,PKP2,60
Q9P2E9,DAQDVQAS,RRBP1,RRBP1,60
O75496,ESLDNQEF,GMNN,GEMI,59
P09211,ALVDMVND,GSTP1,GSTP1,59
P21333,VTYDGSPV,FLNA,FLNA,59
P35579,DTLDSTAA,MYH9,MYH9,59
P43146,SCQDLTPV,DCC,DCC,59
Q3B7T1,DFIDSVGN,EDRF1,EDRF1,59
Q8N573,TSADGHIE,OXR1,OXR1,59
Q99733,ERLDNVPH,NAP1L4,NP1L4,59
A2VDJ0,ICTDAMRE,TMEM131L,T131L,58
O15105,DCPDAVPS,SMAD7,SMAD7,58
O43310,EDGDGINL,CTIF,CTIF,58
O94913,DKTDGKDD,PCF11,PCF11,58
Q53QZ3,SHYDSDIK,ARHGAP15,RHG15,58
Q86V81,DLFDSGFG,ALYREF,THOC4,58
Q9BRT6,LKLDGDVL,LLPH,LLPH,58
Q9NRY2,DFRDHAEQ,INIP,SOSSC,58
Q9UBU9,EEDDGDVA,NXF1,NXF1,58
P51532,SEVDARHI,SMARCA4,SMCA4,57
Q3SXY8,DETDRPSL,ARL13B,AR13B,57
Q92925,AEGDSAGT,SMARCD2,SMRD2,57
Q96F63,VALDSDTS,CCDC97,CCD97,57
A1L170,SGTDAAPE,C1orf226,CA226,56
Q01826,VEMDSLSE,SATB1,SATB1,56
Q6ULP2,YNLDSVPS,AFTPH,AFTIN,56
P47712,DELDAAVA,PLA2G4A,PA24A,55
Q9BQ87,MEIDGDVE,TBL1Y,TBL1Y,55
Q9Y5U2,APTDCVSS,TSSC4,TSSC4,55
Q9Y6Q9,SWPDGMLS,NCOA3,NCOA3,55
P14136,QEADEATL,GFAP,GFAP,54
Q8N163,AAPDAGAE,CCAR2,CCAR2,54
Q8TAP6,FVTDSVEQ,CEP76,CEP76,54
P21127,TEGDYVPD,CDK11B,CD11B,53
Q7Z7B0,VQTDAVSG,FILIP1,FLIP1,53
Q9UQ88,TEGDYVPD,CDK11A,CD11A,53
O60237,DETDGSEE,PPP1R12B,MYPT2,52
Q7Z6Z7,LSPDGLPE,HUWE1,HUWE1,52
Q9C0C9,ELSDSGQQ,UBE2O,UBE2O,52
O75475,GEGDSVIT,PSIP1,PSIP1,51
Q6P4F7,VSCDGALS,ARHGAP11A,RHGBA,51
Q6PIF6,EDVDGLAE,MYO7B,MYO7B,51
Q969S3,VDKDAMNA,ZNF622,ZN622,51
Q9NPR2,VVEDGVAD,SEMA4B,SEM4B,51
O95819,FSCDGMRP,MAP4K4,M4K4,50
P06241,EERDGSLN,FYN,FYN,50
P49792,ALDDSVSS,RANBP2,RBP2,50
Q14676,EEVDFLSE,MDC1,MDC1,50
Q96T88,AETDSRPA,UHRF1,UHRF1,50
Q9H6W3,DLGDALPG,RIOX1,RIOX1,50
Q9UHR6,EELDNAPG,ZNHIT2,ZNHI2,50
O00429,GVGDGVQE,DNM1L,DNM1L,49
O14576,DSGDLGPL,DYNC1I1,DC1I1,49
O43524,TLSDSLSG,FOXO3,FOXO3,49
O75369,DNGDGTHT,FLNB,FLNB,49
P35222,TQFDAAHP,CTNNB1,CTNB1,49
P40692,DKTDISSG,MLH1,MLH1,49
Q00013,VTEDMYTN,MPP1,EM55,49
Q13438,EAADSASG,OS9,OS9,49
Q9UIF9,GEVDATAS,BAZ2A,BAZ2A,49
Q9ULE0,MGIDSILG,WWC3,WWC3,49
P54578,KETDSSSA,USP14,UBP14,48
Q0ZGT2,DDVDVRPA,NEXN,NEXN,48
Q9UHB6,ENTDASGK,LIMA1,LIMA1,48
Q9Y262,SDYDMHTG,EIF3L,EIF3L,48
O94776,SLADSNAR,MTA2,MTA2,47
P27708,EAVDGECP,CAD,PYR1,47
P29590,VRTDGFDE,PML,PML,47
Q9NSE4,VFTDVAGP,IARS2,SYIM,47
O15117,DDVDTSDF,FYB1,FYB1,46
O43707,IEYDKLRK,ACTN4,ACTN4,46
Q8IWI9,HAVDGTTE,MGA,MGAP,46
Q92667,DSVDSCCS,AKAP1,AKAP1,46
O60260,LHTDSRKD,PRKN,PRKN,45
P10415,DAGDVGAA,BCL2,BCL2,45
P31944,VGGDEIVM,CASP14,CASPE,45
Q14153,EESDSCAL,FAM53B,FA53B,45
Q13402,EDLDAALP,MYO7A,MYO7A,44
Q14498,ERTDASSA,RBM39,RBM39,44
Q9H2G2,HITDAQLE,SLK,SLK,44
P04406,VIHDNFGI,GAPDH,G3P,43
P42331,SDSDTTSP,ARHGAP25,RHG25,43
Q659A1,SEMDMSCE,ICE2,ICE2,43
Q99614,CFHDCSAS,TTC1,TTC1,43
Q9UNY4,DQLDSTGR,TTF2,TTF2,43
Q4G0J3,METDSGVP,LARP7,LARP7,42
Q96G28,DGSDVVSD,CFAP36,CFA36,42
O75717,VEEDAEDS,WDHD1,WDHD1,41
P78344,DETDSSSA,EIF4G2,IF4G2,41
Q12912,ASGDSVVS,LRMP,LRMP,41
Q86WB0,TDLDASFG,ZC3HC1,NIPA,41
Q8N9T8,EEPDSASV,KRI1,KRI1,41
Q9ULX6,LETDMMQG,AKAP8L,AKP8L,41
O75592,SLTDSTCD,MYCBP2,MYCB2,40
P42166,KRIDQSKF,TMPO,LAP2A,40
Q14160,MQPDGEGP,SCRIB,SCRIB,40
Q5T8P6,DQVDHNSY,RBM26,RBM26,40
Q9H0G5,YEYDSIYD,NSRP1,NSRP1,40
Q9UG63,TEVDLLTK,ABCF2,ABCF2,40
Q9UIU6,SSSDGITN,SIX4,SIX4,40
Q9Y4I1,TMTDSTIL,MYO5A,MYO5A,40
O15234,AAPDAAPP,CASC3,CASC3,39
O15355,DDVDNEEA,PPM1G,PPM1G,39
O60508,SNIDGFLG,CDC40,PRP17,39
O95817,LEADQPLQ,BAG3,BAG3,39
P14317,SQTDAAKG,HCLS1,HCLS1,39
P61011,QELDSTDG,SRP54,SRP54,39
Q86U86,DFDDGHHS,PBRM1,PB1,39
Q9H3P7,THTDSSEK,ACBD3,GCP60,39
Q9NWQ4,VHMDAVEP,GPATCH2L,GPT2L,39
Q15042,PDIDALVG,RAB3GAP1,RB3GP,38
Q4V328,EERDCHLK,GRIPAP1,GRAP1,38
Q6P2E9,DSQDASAE,EDC4,EDC4,38
Q96BU1,DETDSSKD,S100PBP,S1PBP,38
Q9H553,TSFDSVVP,ALG2,ALG2,38
P00519,DTTDVPEM,ABL1,ABL1,37
P35670,GGLDGLGP,ATP7B,ATP7B,37
Q04637,LVDDGGWN,EIF4G1,IF4G1,37
Q15003,DEPDHTAV,NCAPH,CND2,37
Q8TEQ6,QQLDTAST,GEMIN5,GEMI5,37
Q92619,EDCDAGCL,ARHGAP45,HMHA1,37
Q96ED9,DTPDSLSP,HOOK2,HOOK2,37
Q96TA2,TGLDSAVD,YME1L1,YMEL1,37
Q9Y282,LDKDGIPV,ERGIC3,ERGI3,37
Q9Y6X8,VAKDSWAA,ZHX2,ZHX2,37
P31150,DENDPKTF,GDI1,GDIA,36
P42224,MELDGPKG,STAT1,STAT1,36
Q5JTH9,EEADGNKM,RRP12,RRP12,36
Q5T5P2,NHTDSAGT,KIAA1217,SKT,36
Q96N16,METDAVQM,JAKMIP1,JKIP1,36
Q9BSJ8,SSVDAPPR,ESYT1,ESYT1,36
O76024,ERADGTGP,WFS1,WFS1,35
O76024,GVRDAAAP,WFS1,WFS1,35
P49454,CDKDAQQD,CENPF,CENPF,35
Q9UM47,VDEDSSHY,NOTCH3,NOTC3,35
Q5T5U3,DELDNVFF,ARHGAP21,RHG21,34
Q8IZW8,DSTDSPAS,TNS4,TENS4,34
Q969S3,LGVDSVDK,ZNF622,ZN622,34
Q96PN7,DTRDGLGL,TRERF1,TREF1,34
Q96SB3,GEDDEETG,PPP1R9B,NEB2,34
Q9HAW4,TTYDSAEE,CLSPN,CLSPN,34
O75940,ASSDSFAS,SMNDC1,SPF30,33
P15153,VMVDSKPV,RAC2,RAC2,33
P46531,EEEDAPAV,NOTCH1,NOTC1,33
P52948,DEEDVDMA,NUP98,NUP98,33
Q6SZW1,CLVDASDT,SARM1,SARM1,33
Q9NR30,PEPDCNPS,DDX21,DDX21,33
Q9UBC2,PGPDSSGS,EPS15L1,EP15R,33
Q9UH99,EARDSSPH,SUN2,SUN2,33
P56524,LERDGGAA,HDAC4,HDAC4,32
Q04695,VEMDAAPG,KRT17,K1C17,32
Q14160,CQPDSGSP,SCRIB,SCRIB,32
Q2VPK5,LDVDAADS,CTU2,CTU2,32
O15117,DNQDGVTH,FYB1,FYB1,31
O75822,WDADAFSV,EIF3J,EIF3J,31
P42695,INIDSSGE,NCAPD3,CNDD3,31
P46527,DPSDSQTG,CDKN1B,CDN1B,31
Q2NKX8,DEDDSFKD,ERCC6L,ERC6L,31
Q2NL82,CATDAVDD,TSR1,TSR1,31
Q7Z3T8,SSVDGGTS,ZFYVE16,ZFY16,31
Q8IYD1,PSGDGVSS,GSPT2,ERF3B,31
Q9ULT8,EGHDSLSV,HECTD1,HECD1,31
P16144,DELDRSFT,ITGB4,ITB4,30
P78527,VDQDGDPS,PRKDC,PRKDC,30
Q03001,DELDSMAP,DST,DYST,30
Q53SF7,SAADSVES,COBLL1,COBL1,30
Q86X95,VPTDGSGP,CIR1,CIR1,30
Q9BSE4,VNNDGQNA,HERPUD2,HERP2,30
Q9NQC3,NAPDGAGS,RTN4,RTN4,30
Q9UPN9,SELDALAS,TRIM33,TRI33,30
Q9Y3A4,VEVDTFME,RRP7A,RRP7A,30
P07205,KLGDVYVN,PGK2,PGK2,29
P52566,LLGDGPVV,ARHGDIB,GDIR2,29
Q13422,SAQDSAVE,IKZF1,IKZF1,29
Q14008,DEPDDGSN,CKAP5,CKAP5,29
Q14694,NSTDSVSD,USP10,UBP10,29
Q5JSZ5,SQVDGGLS,PRRC2B,PRC2B,29
Q5SY16,AFADALEF,NOL9,NOL9,29
Q96PU5,DSNDSASQ,NEDD4L,NED4L,29
Q9BRT9,QDSDGGSE,GINS4,SLD5,29
Q9H3M7,DLVDVNTP,TXNIP,TXNIP,29
Q9UPN6,EGQDGVEE,SCAF8,SCAF8,29
P02686,IQEDSAAT,MBP,MBP,28
P27816,DLADLVFP,MAP4,MAP4,28
Q08211,DTPDTTAN,DHX9,DHX9,28
Q6PCB5,TSSDSTSS,RSBN1L,RSBNL,28
Q6UWI4,VQHDSVPM,SHISA2,SHSA2,28
Q86VQ1,SSLDTITG,GLCCI1,GLCI1,28
Q8N163,EGLDGGLP,CCAR2,CCAR2,28
Q96I24,AKIDSIPH,FUBP3,FUBP3,28
Q9C0F1,VSEDYASC,CEP44,CEP44,28
Q9H0E9,VEADVAIG,BRD8,BRD8,28
Q9UBF8,VNGDGVDS,PI4KB,PI4KB,28
O43290,SESDGEEN,SART1,SNUT1,27
O95433,TERDASNW,AHSA1,AHSA1,27
P14625,KESDDPMA,HSP90B1,ENPL,27
P19022,VEPDAIKP,CDH2,CADH2,27
P61758,EDVDSFMK,VBP1,PFD3,27
Q6AI08,AEKDGVSS,HEATR6,HEAT6,27
Q9P107,GPEDSLLG,GMIP,GMIP,27
Q9P2D1,DDADAAGR,CHD7,CHD7,27
Q9UPN3,DWLDNTVI,MACF1,MACF1,27
O60508,DEKDVAKP,CDC40,PRP17,26
P62195,DEIDSIGS,PSMC5,PRS8,26
Q5VT25,RTVDSTPL,CDC42BPA,MRCKA,26
Q8NF50,DEEDAVEI,DOCK8,DOCK8,26
Q96JH7,LCVDAAGH,VCPIP1,VCIP1,26
Q9BXP5,SLDDSVDE,SRRT,SRRT,26
Q9H501,SAKDGTSP,ESF1,ESF1,26
Q9P2E9,SQLDAAKS,RRBP1,RRBP1,26
Q9Y6G9,VEKDAVFI,DYNC1LI1,DC1L1,26
O75362,VKNDGKNQ,ZNF217,ZN217,25
P08670,LLQDSVDF,VIM,VIME,25
P11498,VAADSMSG,PC,PYC,25
P14314,TQTDATSF,PRKCSH,GLU2B,25
P14625,DEVDVDGT,HSP90B1,ENPL,25
P49327,PKEDGLAQ,FASN,FAS,25
P56945,DSPDGQYE,BCAR1,BCAR1,25
Q02880,NEEDSASV,TOP2B,TOP2B,25
Q14146,CPDDVGYL,URB2,URB2,25
Q16236,TEVDNYHF,NFE2L2,NF2L2,25
Q5JTV8,MQNDSILK,TOR1AIP1,TOIP1,25
Q66GS9,VALDGGRS,CEP135,CP135,25
Q6PIZ9,TLVDSFSP,TRAT1,TRAT1,25
Q8N3X1,SSVDSTIS,FNBP4,FNBP4,25
Q8TBC4,MAVDGGCG,UBA3,UBA3,25
Q8WUI4,VVDDGLEH,HDAC7,HDAC7,25
Q92538,DHSDSASV,GBF1,GBF1,25
Q92888,AEVDAEKP,ARHGEF1,ARHG1,25
Q9BYT8,VSSDKEVR,NLN,NEUL,25
Q9NXR1,ERTDTAVQ,NDE1,NDE1,25
Q9UJU6,EHIDHHIQ,DBNL,DBNL,25
O00273,DETDSGAG,DFFA,DFFA,24
P05067,VKMDAEFR,APP,A4,24
P42704,DRLDSSAV,LRPPRC,LPPRC,24
Q15424,DSRDGWGG,SAFB,SAFB1,24
Q2KHR3,IELDGLPS,QSER1,QSER1,24
Q5T3U5,QESDSATA,ABCC10,MRP7,24
Q8IW35,LEDDGVAD,CEP97,CEP97,24
Q8N9N2,DEEDFYQG,ASCC1,ASCC1,24
Q8NFH3,LDSDGGFE,NUP43,NUP43,24
Q92785,DKEDSQPP,DPF2,REQU,24
Q96L73,PELDSVMN,NSD1,NSD1,24
Q9BQP7,VEEDALLC,MGME1,MGME1,24
Q9BYD3,HIMDSLEL,MRPL4,RM04,24
Q9BZ72,DTQDGLYR,PITPNM2,PITM2,24
Q9UPP1,TDEDMVEG,PHF8,PHF8,24
Q9UQ80,EKGDAMIM,PA2G4,PA2G4,24
Q9Y2W7,DSSDSELE,KCNIP3,CSEN,24
P05455,DEHDENGA,SSB,LA,23
P09086,MSVDSSLP,POU2F2,PO2F2,23
P78527,SVIDSAEL,PRKDC,PRKDC,23
Q68CP9,SVPDVSPA,ARID2,ARID2,23
Q6UXH1,EECDSSCV,CRELD2,CREL2,23
Q7Z6E9,NKTDSLFV,RBBP6,RBBP6,23
Q8IXX5,TVADYANS,TMEM183A,T183A,23
Q9BXJ9,HEADTANM,NAA15,NAA15,23
P05549,DRHDGTSN,TFAP2A,AP2A,22
P07900,IDEDDPTA,HSP90AA1,HS90A,22
P21333,ALVDSCAP,FLNA,FLNA,22
P48643,KISDSVLV,CCT5,TCPE,22
P78559,DMGDGILP,MAP1A,MAP1A,22
Q03468,AIMDGASP,ERCC6,ERCC6,22
Q09666,EAPDVSLE,AHNAK,AHNK,22
Q13098,NAPDAIPE,GPS1,CSN1,22
Q15542,GEVDSAGA,TAF5,TAF5,22
Q15650,TEPDTTAE,TRIP4,TRIP4,22
Q53SF7,AERDMLPS,COBLL1,COBL1,22
Q5T5Y3,AEHDFMGE,CAMSAP1,CAMP1,22
Q6UXV4,FGKDAYVY,APOOL,MIC27,22
Q70CQ2,HTVDSCIS,USP34,UBP34,22
Q86UX7,DVLDSLTT,FERMT3,URP2,22
Q8N5S9,EEADGGPE,CAMKK1,KKCC1,22
Q8N806,EHQDSTLK,UBR7,UBR7,22
Q8NEZ4,TQTDLFVT,KMT2C,KMT2C,22
Q8NFC6,TNLDSSPS,BOD1L1,BD1L1,22
Q92870,DETDIWSD,APBB2,APBB2,22
Q9BUT9,QQLDGGPA,MCRIP2,MCRI2,22
Q9P107,DTKDGGGE,GMIP,GMIP,22
O75794,SEVDAQEQ,CDC123,CD123,21
P20700,VEVDSGRQ,LMNB1,LMNB1,21
P52907,EEADGGLK,CAPZA1,CAZA1,21
Q00613,YAPDAVAS,HSF1,HSF1,21
Q03701,ENTDSVVM,CEBPZ,CEBPZ,21
Q13233,GVEDTLDG,MAP3K1,M3K1,21
Q9C0C9,TAPDASVP,UBE2O,UBE2O,21
Q9H8H2,DKLDSFAI,DDX31,DDX31,21
Q9NZN5,DTLDGTPR,ARHGEF12,ARHGC,21
Q9P2E9,QARDAQDV,RRBP1,RRBP1,21
O43815,NEADSLTY,STRN,STRN,20
O60437,TVADSGTN,PPL,PEPL,20
P00558,KLGDVYVN,PGK1,PGK1,20
P05783,DALDSSNS,KRT18,K1C18,20
P46087,MEQDAQAP,NOP2,NOP2,20
P46527,ESQDVSGS,CDKN1B,CDN1B,20
P82094,TVLDKVAE,TMF1,TMF1,20
Q09666,EVPDVNIE,AHNAK,AHNK,20
Q13546,SLLDSTNT,RIPK1,RIPK1,20
Q5T200,TSRDSLAL,ZC3H13,ZC3HD,20
Q6NZY4,DGTDGETE,ZCCHC8,ZCHC8,20
Q7Z4H7,ELIDSLGS,HAUS6,HAUS6,20
Q92619,DGADAVFP,ARHGAP45,HMHA1,20
Q96QC0,GALDAKPV,PPP1R10,PP1RA,20
Q96SB3,DDEDDEED,PPP1R9B,NEB2,20
Q99708,CLADSFSQ,RBBP8,CTIP,20
Q99767,DYPDGQLP,APBA2,APBA2,20
Q9HAV4,IQKDSLDQ,XPO5,XPO5,20
Q9P2F8,VVGDAVAE,SIPA1L2,SI1L2,20
Q9UIG0,DNKDSAAF,BAZ1B,BAZ1B,20
Q9UKV3,DELDYHRG,ACIN1,ACINU,20
Q9UMZ2,DKYDALKE,SYNRG,SYNRG,20
Q9Y240,DTRDAVQA,CLEC11A,CLC11,20
O15540,QEGDKVVI,FABP7,FABP7,19
O75995,PEDDSGVP,SASH3,SASH3,19
O94972,LMEDAAAA,TRIM37,TRI37,19
O94986,DGTDGQPH,CEP152,CE152,19
P00533,DEEDMDDV,EGFR,EGFR,19
P23634,DEIDHAEM,ATP2B4,AT2B4,19
P26599,AAVDAGMA,PTBP1,PTBP1,19
P27816,EGSDTTGS,MAP4,MAP4,19
P49790,DITDFQAK,NUP153,NU153,19
P53985,TSIDVAGK,SLC16A1,MOT1,19
P78527,DWVDGEPT,PRKDC,PRKDC,19
Q14008,IENDNGTV,CKAP5,CKAP5,19
Q14151,DSRDGWGG,SAFB2,SAFB2,19
Q15003,VRVDAVHA,NCAPH,CND2,19
Q5T5X7,HSVDSVLT,BEND3,BEND3,19
Q8IW35,TLSDGASV,CEP97,CEP97,19
Q92917,DSGDGAGP,GPKOW,GPKOW,19
Q969S9,TVTDFMAQ,GFM2,RRF2M,19
Q96LT9,TEVDASNI,RNPC3,RNPC3,19
Q96QC0,ELMDTASL,PPP1R10,PP1RA,19
Q9BQ52,TLEDGLEE,ELAC2,RNZ2,19
Q9H9L4,VVGDGMQC,KANSL2,KANL2,19
Q9NU22,VDTDSHAE,MDN1,MDN1,19
Q9UEW8,SVHDSQGP,STK39,STK39,19
O00273,DAVDTGIS,DFFA,DFFA,18
O15540,LDGDKLVH,FABP7,FABP7,18
O43829,TFNDGMSE,ZBTB14,ZBT14,18
P07237,AKMDSTAN,P4HB,PDIA1,18
P07437,ELVDSVLD,TUBB,TBB5,18
P07602,AKSDVYCE,PSAP,SAP,18
P46939,VTIDAIRE,UTRN,UTRO,18
P55265,VRPDSHSQ,ADAR,DSRAD,18
P68371,ELVDSVLD,TUBB4B,TBB4B,18
Q86YI8,IDSDGWDA,PHF13,PHF13,18
Q8NBA8,DSADGLWE,DTWD2,DTWD2,18
Q8TEQ0,WSVDGEVT,SNX29,SNX29,18
Q96FS4,CLQDGGSP,SIPA1,SIPA1,18
Q9BV68,LFHDGCIV,RNF126,RN126,18
Q9BWU0,DYQDCSKT,SLC4A1AP,NADAP,18
Q9P2W9,TWGDGKGE,STX18,STX18,18
Q9ULX6,QRLDMVPH,AKAP8L,AKP8L,18
Q9UPN4,DQLDSQQE,CEP131,CP131,18
Q9Y6J0,DAGDSADQ,CABIN1,CABIN,18
O15027,SHSDSLAS,SEC16A,SC16A,17
O75113,DLSDSSAD,N4BP1,N4BP1,17
O95260,TMDDAVAG,ATE1,ATE1,17
P07686,VWKDSAYP,HEXB,HEXB,17
P20963,DVLDKRRG,CD247,CD3Z,17
P28290,DSTDCLSL,ITPRID2,ITPI2,17
P28290,VEEDLFPA,ITPRID2,ITPI2,17
P35606,QELDGKPA,COPB2,COPB2,17
P36507,PVVDGEEG,MAP2K2,MP2K2,17
P82970,ENIDTSAQ,HMGN5,HMGN5,17
Q02818,INSDGVLD,NUCB1,NUCB1,17
Q14149,TETDAVFL,MORC3,MORC3,17
Q14789,SEKDSLSE,GOLGB1,GOGB1,17
Q86WB0,TEPDASAP,ZC3HC1,NIPA,17
Q8N1G4,TEADAVSG,LRRC47,LRC47,17
Q8WW33,TYTDSLDP,GTSF1,GTSF1,17
Q92917,DRQDGPAA,GPKOW,GPKOW,17
Q92974,LEPDSGGN,ARHGEF2,ARHG2,17
Q96T37,LVTDAFGH,RBM15,RBM15,17
Q96T58,VKPDSVTA,SPEN,MINT,17
Q9HCE5,ESADSIGA,METTL14,MET14,17
Q9Y2W7,QGSDSSDS,KCNIP3,CSEN,17
Q9Y608,IIPDGTPN,LRRFIP2,LRRF2,17
A0MZ66,TDTDGAAE,SHTN1,SHOT1,16
O75563,EEEDSAPV,SKAP2,SKAP2,16
P06744,PELDGSAQ,GPI,G6PI,16
P22626,AEVDAAMA,HNRNPA2B1,ROA2,16
P23381,AEEDFVDP,WARS,SYWC,16
P33992,VLADGGVV,MCM5,MCM5,16
P51957,SVSDGFVQ,NEK4,NEK4,16
P62191,DGFDSRGD,PSMC1,PRS4,16
Q13428,SGVDSAVG,TCOF1,TCOF,16
Q14C86,DHTDPEDN,GAPVD1,GAPD1,16
Q15750,TSLDAVAQ,TAB1,TAB1,16
Q56P03,DEVDVLLH,EAPP,EAPP,16
Q5VZL5,TQTDALKL,ZMYM4,ZMYM4,16
Q6ZVH7,LQLDGLPS,ESPNL,ESPNL,16
Q7Z417,NRVDGSKP,NUFIP2,NUFP2,16
Q7Z6Z7,FAADGAST,HUWE1,HUWE1,16
Q8N4C8,SKPDSSPV,MINK1,MINK1,16
Q8TDJ6,EEDDAVGL,DMXL2,DMXL2,16
Q99081,PLHDSAAL,TCF12,HTF4,16
Q9NRY5,ILEDGNCE,FAM114A2,F1142,16
Q9NZ52,AELDTTNS,GGA3,GGA3,16
Q9UGR2,TRLDALDS,ZC3H7B,Z3H7B,16
Q9ULZ2,DYVDVLNP,STAP1,STAP1,16
Q9Y483,SDVDFTGA,MTF2,MTF2,16
O00165,NDLDSQVS,HAX1,HAX1,15
O14975,DGIDSFLD,SLC27A2,S27A2,15
O43683,TVTDSMFA,BUB1,BUB1,15
O94964,AEADGLAE,SOGA1,SOGA1,15
P08514,LQMDAANE,ITGA2B,ITA2B,15
P08670,CEVDALKG,VIM,VIME,15
P10809,LAVDAVIA,HSPD1,CH60,15
P11388,PQEDGVEL,TOP2A,TOP2A,15
P13010,IFQDNHED,XRCC5,XRCC5,15
P13796,DLIDAIQP,LCP1,PLSL,15
P46013,NFGDSINE,MKI67,KI67,15
P49747,TDLDGFPD,COMP,COMP,15
P51572,AAVDGGKL,BCAP31,BAP31,15
Q02880,SDVDIFPS,TOP2B,TOP2B,15
Q12912,SSTDGTIT,LRMP,LRMP,15
Q13813,DETDSKTA,SPTAN1,SPTN1,15
Q6IBW4,ADLDAVPM,NCAPH2,CNDH2,15
Q6PD74,AQVDSIVD,AAGAB,AAGAB,15
Q8IY81,SAADTFLS,FTSJ3,SPB1,15
Q8IZ21,MVLDSVEA,PHACTR4,PHAR4,15
Q92797,PGIDGMTT,SYMPK,SYMPK,15
Q92974,AEEDGGSG,ARHGEF2,ARHG2,15
Q96P50,DELDSLFS,ACAP3,ACAP3,15
Q9BVT8,AATDSMRG,TMUB1,TMUB1,15
Q9NR50,VGVDSLIG,EIF2B3,EI2BG,15
Q9UHQ1,SVRDAAVD,NARF,NARF,15
Q9Y6I9,TQVDGTGA,TEX264,TX264,15
O15519,LEVDGPAM,CFLAR,CFLAR,14
O43312,SDYDYFSV,MTSS1,MTSS1,14
O60493,LEIDVSNP,SNX3,SNX3,14
O60684,LLMDSYVS,KPNA6,IMA7,14
P05067,VEVDAAVT,APP,A4,14
P46531,DQTDHRQW,NOTCH1,NOTC1,14
P48506,AVVDGCGK,GCLC,GSH1,14
P49321,GSGDAVPS,NASP,NASP,14
P49792,EEPDSITK,RANBP2,RBP2,14
P98171,DVLDSFQT,ARHGAP4,RHG04,14
Q09666,SAPDISLG,AHNAK,AHNK,14
Q14157,TGRDGSLA,UBAP2L,UBP2L,14
Q709C8,DWTDSKLS,VPS13C,VP13C,14
Q8IY81,SDDDGFEI,FTSJ3,SPB1,14
Q8IZ73,VETDVMNQ,RPUSD2,RUSD2,14
Q8TD16,FSDDAAEP,BICD2,BICD2,14
Q92620,DQKDAEEE,DHX38,PRP16,14
Q96B01,TEPDFAPG,RAD51AP1,R51A1,14
Q96RK0,TDLDSAPE,CIC,CIC,14
Q99741,LVFDNQLT,CDC6,CDC6,14
Q9BVS4,IKEDSLSE,RIOK2,RIOK2,14
Q9BZK7,MEVDGDVE,TBL1XR1,TBL1R,14
Q9H5V7,IQTDSYES,IKZF5,IKZF5,14
Q9NX31,DSSDATQV,OSER1,OSER1,14
Q9NZN5,PQTDSVIQ,ARHGEF12,ARHGC,14
Q9Y3B9,NENDGESS,RRP15,RRP15,14
Q9Y6H5,DEVDQDGN,SNCAIP,SNCAP,14
Q9Y6K9,RIEDMRKR,IKBKG,NEMO,14
O95817,KEVDSKPV,BAG3,BAG3,13
P09651,EEVDAAMN,HNRNPA1,ROA1,13
P19338,AMEDGEID,NCL,NUCL,13
P26641,ADSDIVPP,EEF1G,EF1G,13
P29590,PHLDGPPS,PML,PML,13
P31040,DEYDYSKP,SDHA,SDHA,13
P33991,VLSDNGIC,MCM4,MCM4,13
P46937,ASTDAGTA,YAP1,YAP1,13
P49768,AQRDSHLG,PSEN1,PSN1,13
P49792,DVADSFKK,RANBP2,RBP2,13
P51991,EEVDAAMC,HNRNPA3,ROA3,13
Q03164,QHTDSTQS,KMT2A,KMT2A,13
Q08209,DGFDGATA,PPP3CA,PP2BA,13
Q09666,DVPDVNLE,AHNAK,AHNK,13
Q09666,DVPDVNVQ,AHNAK,AHNK,13
Q13233,DTLDGQQD,MAP3K1,M3K1,13
Q13439,DQTDKMKQ,GOLGA4,GOGA4,13
Q13885,ELVDSVLD,TUBB2A,TBB2A,13
Q16625,ERVDSPMA,OCLN,OCLN,13
Q4ADV7,VQPDAFQP,RIC1,RIC1,13
Q53GL0,VEEDSYLA,PLEKHO1,PKHO1,13
Q5SXM2,AEADGSVA,SNAPC4,SNPC4,13
Q6GYQ0,TVKDGLSL,RALGAPA1,RGPA1,13
Q6ULP2,TSIDGMER,AFTPH,AFTIN,13
Q8IXQ4,DDDDGFFG,GPALPP1,GPAM1,13
Q8N4X5,SSVDGHPE,AFAP1L2,AF1L2,13
Q8NDX1,NCLDAAAD,PSD4,PSD4,13
Q8WXF1,NMGDAFSP,PSPC1,PSPC1,13
Q92734,DTVDGREE,TFG,TFG,13
Q9BVA1,ELVDSVLD,TUBB2B,TBB2B,13
Q9UHX1,QGTDSIKM,PUF60,PUF60,13
O14617,LDLDAWIN,AP3D1,AP3D1,12
O60508,VAVDSAPE,CDC40,PRP17,12
O94966,ETVDSDGR,USP19,UBP19,12
P14635,ILVDTASP,CCNB1,CCNB1,12
P15924,DVLDGHLR,DSP,DESP,12
P42166,DKIDASEL,TMPO,LAP2A,12
P49792,EERDGQYF,RANBP2,RBP2,12
Q00987,DVPDCKKT,MDM2,MDM2,12
Q01543,SLFDSAYG,FLI1,FLI1,12
Q05084,ESTDAAVQ,ICA1,ICA69,12
Q08378,CSTDSPLP,GOLGA3,GOGA3,12
Q09666,DAPDVDVH,AHNAK,AHNK,12
Q12802,GGFDSHQM,AKAP13,AKP13,12
Q12982,DDLDESGE,BNIP2,BNIP2,12
Q14204,TRTDSTSD,DYNC1H1,DYHC1,12
Q14207,AEIDASNI,NPAT,NPAT,12
Q15043,SELDGKAP,SLC39A14,S39AE,12
Q15154,EDGDGAGA,PCM1,PCM1,12
Q5TZA2,DKTDGAMQ,CROCC,CROCC,12
Q6IQ23,AEEDALFM,PLEKHA7,PKHA7,12
Q6NYC8,ATVDAAVP,PPP1R18,PPR18,12
Q76FK4,ANLDGHPE,NOL8,NOL8,12
Q7Z2Z2,ELQDGCSE,EFL1,EFL1,12
Q7Z460,VSRDGGAA,CLASP1,CLAP1,12
Q7Z6I6,CSLDSAGP,ARHGAP30,RHG30,12
Q8IY37,DLGDGGQD,DHX37,DHX37,12
Q8ND30,DLSDGTCE,PPFIBP2,LIPB2,12
Q92830,LSLDSAGA,KAT2A,KAT2A,12
Q92851,SQTDVKTF,CASP10,CASPA,12
Q93073,ETSDGLEA,SECISBP2L,SBP2L,12
Q96G46,QTADGQTE,DUS3L,DUS3L,12
Q9BQQ3,TLPDSLTS,GORASP1,GORS1,12
Q9BYT8,FEYDGKIN,NLN,NEUL,12
Q9H6R7,SICDGSIA,WDCP,WDCP,12
Q9HB58,EIIDGTSE,SP110,SP110,12
Q9NWH9,VEDDAFIK,SLTM,SLTM,12
Q9UEW8,DEMDEKSE,STK39,STK39,12
Q9UPN3,DTTDGYMG,MACF1,MACF1,12
Q9Y3T6,IHLDTSSF,R3HCC1,R3HC1,12
Q9Y613,DRGDGEPV,FHOD1,FHOD1,12
B2RUZ4,GSRDGVSL,SMIM1,SMIM1,11
O43516,SKPDSIPP,WIPF1,WIPF1,11
O60784,TDLDMLSP,TOM1,TOM1,11
O94973,VFSDSASV,AP2A2,AP2A2,11
P04637,SDSDGLAP,TP53,P53,11
P07737,LLQDGEFS,PFN1,PROF1,11
P07948,DGVDLKTQ,LYN,LYN,11
P12931,ASADGHRG,SRC,SRC,11
P14625,PEFDGKRF,HSP90B1,ENPL,11
P28370,DDIDNIAR,SMARCA1,SMCA1,11
P31749,TPPDQDDS,AKT1,AKT1,11
P36551,DDLDSPSK,CPOX,HEM6,11
P49327,PGLDGAQI,FASN,FAS,11
P53396,MPQDSVPS,ACLY,ACLY,11
P55212,TEVDAASV,CASP6,CASP6,11
P55789,GRRDAAAS,GFER,ALR,11
P61289,DGLDGPTY,PSME3,PSME3,11
Q12888,VSSDGCST,TP53BP1,TP53B,11
Q13151,EEADAAMA,HNRNPA0,ROA0,11
Q13263,DGADSTGV,TRIM28,TIF1B,11
Q14116,DMTDSDCR,IL18,IL18,11
Q14566,MLADNGVC,MCM6,MCM6,11
Q16181,DYIDSKFE,SEPTIN7,SEPT7,11
Q7Z6J0,SSLDSAVP,SH3RF1,SH3R1,11
Q8TCU4,ALLDSHLP,ALMS1,ALMS1,11
Q8WV07,DIFDAIVM,LTO1,LTO1,11
Q92673,DCGDSHIL,SORL1,SORL,11
Q96MF2,DDLDFPPG,STAC3,STAC3,11
Q9BSJ8,TTPDSQFG,ESYT1,ESYT1,11
Q9BYW2,TMEDSDGV,SETD2,SETD2,11
Q9H6K1,SEFDSISK,ILRUN,ILRUN,11
Q9HBD1,DATDTKPD,RC3H2,RC3H2,11
Q9HCD5,SSTDSLPG,NCOA5,NCOA5,11
Q9P265,QETDSAVQ,DIP2B,DIP2B,11
Q9UBW7,IETDIIGS,ZMYM2,ZMYM2,11
Q9ULX6,ERYDSYES,AKAP8L,AKP8L,11
Q9UNS1,LSMDSVVP,TIMELESS,TIM,11
Q9Y2W2,DKSDGESD,WBP11,WBP11,11
Q9Y2X7,LEDDAIYS,GIT1,GIT1,11
A6H8Y1,QNIDGIVG,BDP1,BDP1,10
O00273,EEVDAVDT,DFFA,DFFA,10
O60293,DTTDSSQG,ZFC3H1,ZC3H1,10
P22681,LSLDGDPT,CBL,CBL,10
P23142,SDVDGVTC,FBLN1,FBLN1,10
P23508,ECADAASP,MCC,CRCM,10
P41214,VQMDSTLQ,EIF2D,EIF2D,10
P49790,VSSDSGSI,NUP153,NU153,10
P54132,DSLDGPME,BLM,BLM,10
P55210,NDTDANPR,CASP7,CASP7,10
P80303,VNSDGFLD,NUCB2,NUCB2,10
P98095,IMADGVSC,FBLN2,FBLN2,10
Q06587,AIMDGTEI,RING1,RING1,10
Q12888,LEDDSGSH,TP53BP1,TP53B,10
Q12959,YEVDGRDY,DLG1,DLG1,10
Q13263,LSLDGADS,TRIM28,TIF1B,10
Q14126,ISVDSVTS,DSG2,DSG2,10
Q14207,LCFDSTTA,NPAT,NPAT,10
Q14690,VGLDSLTP,PDCD11,RRP5,10
Q15149,RDKDNTQR,PLEC,PLEC,10
Q5H9R7,TSQDAACK,PPP6R3,PP6R3,10
Q6P1X6,CSGDGGVS,C8orf82,CH082,10
Q8N302,DKKDESFV,AGGF1,AGGF1,10
Q8N6M0,NKIDSVAV,OTUD6B,OTU6B,10
Q8NFC6,EEVDGSQG,BOD1L1,BD1L1,10
Q8NI27,TVKDSLIE,THOC2,THOC2,10
Q8WYQ5,DEPDSMGA,DGCR8,DGCR8,10
Q92581,TYGDSTVN,SLC9A6,SL9A6,10
Q92945,IGGDAATT,KHSRP,FUBP2,10
Q93073,EDEDGFQE,SECISBP2L,SBP2L,10
Q96A49,LEEDSADW,SYAP1,SYAP1,10
Q96G21,LEFDDAGG,IMP4,IMP4,10
Q96SB3,DEEDGEPP,PPP1R9B,NEB2,10
Q9BVX2,DDRDGLLA,TMEM106C,T106C,10
Q9H6Y2,EDPDSMEA,WDR55,WDR55,10
Q9NSC2,DQVDCSDL,SALL1,SALL1,10
Q9P1Z2,EEADGGSD,CALCOCO1,CACO1,10
Q9UBE0,DGPDTKRA,SAE1,SAE1,10
Q9UK73,DNIDVSHP,FEM1B,FEM1B,10
Q9UNF0,SSTDANGD,PACSIN2,PACN2,10
O15042,AHMDASGP,U2SURP,SR140,9
O75410,MEEDGSTV,TACC1,TACC1,9
P14625,VEEDLGKS,HSP90B1,ENPL,9
P14625,VRADDEVD,HSP90B1,ENPL,9
P17947,GEADGLEP,SPI1,SPI1,9
P20290,QSVDGKAP,BTF3,BTF3,9
P22102,SGVDIAAG,GART,PUR2,9
P23193,NARDTYVS,TCEA1,TCEA1,9
P27708,GTPDGTCY,CAD,PYR1,9
P30419,SETDSAQD,NMT1,NMT1,9
P30622,LARDGHDQ,CLIP1,CLIP1,9
P35611,DIVDRGST,ADD1,ADDA,9
P42575,EESDAGKE,CASP2,CASP2,9
Q05655,DMQDNSGT,PRKCD,KPCD,9
Q14444,GGYDGYRP,CAPRIN1,CAPR1,9
Q15276,HSLDAGLL,RABEP1,RABE1,9
Q15306,SWRDYVPD,IRF4,IRF4,9
Q15424,SVADCVED,SAFB,SAFB1,9
Q16512,TDSDSSPQ,PKN1,PKN1,9
Q5M775,EGTDALGP,SPECC1,CYTSB,9
Q5TH69,LESDSASP,ARFGEF3,BIG3,9
Q63HN8,VTMDGVRE,RNF213,RN213,9
Q68CP9,VRVDSVPD,ARID2,ARID2,9
Q86TI0,VDLDSSLS,TBC1D1,TBCD1,9
Q86UP2,DNADSSPV,KTN1,KTN1,9
Q86XP1,SQTDSVPG,DGKH,DGKH,9
Q86YS7,LCSDSLPS,C2CD5,C2CD5,9
Q8NEZ4,EQLDGILS,KMT2C,KMT2C,9
Q8TCU4,GLPDSHLT,ALMS1,ALMS1,9
Q8TEW8,SGVDSAVY,PARD3B,PAR3L,9
Q8WU90,EVDDSVSV,ZC3H15,ZC3HF,9
Q8WUI4,LETDGGGP,HDAC7,HDAC7,9
Q92945,SQGDSISS,KHSRP,FUBP2,9
Q96SI9,VDVDGTTY,STRBP,STRBP,9
Q9BYW2,PHVDGLHS,SETD2,SETD2,9
Q9H0R5,SVTDAILQ,GBP3,GBP3,9
Q9H2P0,EWKDGASP,ADNP,ADNP,9
Q9H6X5,LSLDGLAP,C19orf44,CS044,9
Q9H9B1,LETDGLQE,EHMT1,EHMT1,9
Q9P270,ELRDATSL,SLAIN2,SLAI2,9
Q9P2K8,SDTDGLDS,EIF2AK4,E2AK4,9
Q9Y4F4,DKADLSTV,TOGARAM1,TGRM1,9
Q9Y4X4,LSVDHFQT,KLF12,KLF12,9
Q9Y6K1,VYTDMWVE,DNMT3A,DNM3A,9
O00566,SVSDAALL,MPHOSPH10,MPP10,8
O14492,LLTDAVDL,SH2B2,SH2B2,8
O14639,IETDHWPG,ABLIM1,ABLM1,8
O14787,ERPDGSED,TNPO2,TNPO2,8
O15013,DQKDALPS,ARHGEF10,ARHGA,8
O15265,FDPDIHCG,ATXN7,ATX7,8
O43166,LDVDSFDE,SIPA1L1,SI1L1,8
O43182,MSVDSITD,ARHGAP6,RHG06,8
O43252,TGIDSEYE,PAPSS1,PAPS1,8
O60664,STCDMVSA,PLIN3,PLIN3,8
O60763,TEKDSMIE,USO1,USO1,8
O95453,EQTDSCAE,PARN,PARN,8
P05783,VEVDAPKS,KRT18,K1C18,8
P10644,TVADALEP,PRKAR1A,KAP0,8
P14868,QLDDAVRP,DARS,SYDC,8
P18583,KILDSFAA,SON,SON,8
P21127,SAEDGLKH,CDK11B,CD11B,8
P22234,YEGDGIPT,PAICS,PUR6,8
P63104,AELDTLSE,YWHAZ,1433Z,8
P78316,DLNDGFVL,NOP14,NOP14,8
P78559,HELDGQGA,MAP1A,MAP1A,8
Q13023,NAVDGSPS,AKAP6,AKAP6,8
Q13451,DCRDVAFT,FKBP5,FKBP5,8
Q13469,DVLDYGLK,NFATC2,NFAC2,8
Q14139,DEFDYSVA,UBE4A,UBE4A,8
Q14677,VSSDSVGG,CLINT1,EPN4,8
Q14683,DLKDAQAE,SMC1A,SMC1A,8
Q5JSJ4,NQVDSLSD,INTS6L,INT6L,8
Q5T447,ETTDALPE,HECTD3,HECD3,8
Q6P0Q8,KEQDVVTG,MAST2,MAST2,8
Q70EL1,LEVDSTAS,USP54,UBP54,8
Q7Z5J4,YCCDGRED,RAI1,RAI1,8
Q86UE8,YGLDGSAA,TLK2,TLK2,8
Q8WXG6,TDQDSVIG,MADD,MADD,8
Q96AE4,HHGDGPGN,FUBP1,FUBP1,8
Q96AE4,PQNDSFGT,FUBP1,FUBP1,8
Q96BY7,SQNDSANS,ATG2B,ATG2B,8
Q96SB3,DEDDEEDG,PPP1R9B,NEB2,8
Q96ST2,MQNDSFHS,IWS1,IWS1,8
Q99496,LELDNNNA,RNF2,RING2,8
Q99986,TSIDAHNG,VRK1,VRK1,8
Q9BVI0,EELDGDDR,PHF20,PHF20,8
Q9H6S0,FRVDGIPN,YTHDC2,YTDC2,8
Q9H6T3,DVPDSTTA,RPAP3,RPAP3,8
Q9NR30,RLLDSVPP,DDX21,DDX21,8
Q9P2D1,ETRDGFYM,CHD7,CHD7,8
Q9UK45,LVLDGTIE,LSM7,LSM7,8
Q9UKA4,TCVDGLHV,AKAP11,AKA11,8
Q9UKJ3,MELDYAED,GPATCH8,GPTC8,8
Q9UNX4,EAEDGAFE,WDR3,WDR3,8
Q9UPN3,AQVDALQG,MACF1,MACF1,8
Q9UPN3,DETDRDII,MACF1,MACF1,8
Q9Y2X9,SLIDSSAL,ZNF281,ZN281,8
O14727,LEKDIKTS,APAF1,APAF,7
O60318,ESTDSLGG,MCM3AP,GANP,7
O60784,QATDGLAG,TOM1,TOM1,7
O95696,ISTDAAAS,BRD1,BRD1,7
O96019,MEIDGDKG,ACTL6A,ACL6A,7
P14314,TDGDGALS,PRKCSH,GLU2B,7
P38398,DLLDDGEI,BRCA1,BRCA1,7
P45974,DDLDAEAA,USP5,UBP5,7
P46531,DHMDRLPR,NOTCH1,NOTC1,7
P51114,TESDTASV,FXR1,FXR1,7
P52597,GLSDGYGF,HNRNPF,HNRPF,7
P54132,TEVDFNKS,BLM,BLM,7
P68402,SQGDSNPA,PAFAH1B2,PA1B2,7
Q08J23,LEVDGQKV,NSUN2,NSUN2,7
Q09666,DVPDVEVQ,AHNAK,AHNK,7
Q13367,TLTDSTLV,AP3B2,AP3B2,7
Q13490,ENADPPII,BIRC2,BIRC2,7
Q14511,DLVDGINR,NEDD9,CASL,7
Q14686,SKKDGQPS,NCOA6,NCOA6,7
Q14694,LENDGVSG,USP10,UBP10,7
Q14BN4,DTTDAQMD,SLMAP,SLMAP,7
Q32P28,VVMDGVIS,P3H1,P3H1,7
Q3LXA3,EAPDSTAA,TKFC,TKFC,7
Q58A45,TEVDSYHS,PAN3,PAN3,7
Q5JPH6,VVDDHHMG,EARS2,SYEM,7
Q5PRF9,TAKDGAPG,SAMD4B,SMAG2,7
Q5VYS8,NEQDGDLE,TUT7,TUT7,7
Q6FI81,MEDDSMDL,CIAPIN1,CPIN1,7
Q6ZRS2,NENDGFPA,SRCAP,SRCAP,7
Q86YV0,SEFDSEHN,RASAL3,RASL3,7
Q8IUI8,DRRDSIGV,CRLF3,CRLF3,7
Q8IWB9,VLADGLSV,TEX2,TEX2,7
Q8IXH7,DEADGGQQ,NELFCD,NELFD,7
Q8IZ73,GLTDSTAP,RPUSD2,RUSD2,7
Q8N6S5,TQGDSWGE,ARL6IP6,AR6P6,7
Q8NAN2,ASTDSFAS,MIGA1,MIGA1,7
Q8NDX1,VHQDGLEP,PSD4,PSD4,7
Q8WYP5,TEKDGDKD,AHCTF1,ELYS,7
Q96NL8,DDLDSLIN,C8orf37,CH037,7
Q96PU8,ELPDAVGP,QKI,QKI,7
Q96RS0,TSHDGHQQ,TGS1,TGS1,7
Q96T88,DECDMAFH,UHRF1,UHRF1,7
Q9BRP8,DQPDSAAT,PYM1,PYM1,7
Q9BUN5,EEEDGVTE,CCDC28B,CC28B,7
Q9BYT8,TDDDKYKI,NLN,NEUL,7
Q9C0C7,TVQDSATP,AMBRA1,AMRA1,7
Q9H0E2,VQLDAQAA,TOLLIP,TOLIP,7
Q9H0U9,LELDTVNA,TSPYL1,TSYL1,7
Q9H4L5,TITDSSSG,OSBPL3,OSBL3,7
Q9H6T3,EVSDTSSL,RPAP3,RPAP3,7
Q9HCM1,SSVDGVQT,RESF1,RESF1,7
Q9NQ55,AEPDGDHN,PPAN,SSF1,7
Q9NZL9,NQPDAASQ,MAT2B,MAT2B,7
Q9P1Y6,DEEDGASC,PHRF1,PHRF1,7
Q9P275,DSRDVVLS,USP36,UBP36,7
Q9UBN7,DMADSMLM,HDAC6,HDAC6,7
Q9UKY7,DPGDNWEE,CDV3,CDV3,7
Q9UPT8,LEPDSFSE,ZC3H4,ZC3H4,7
Q9Y232,TAVDGFQS,CDYL,CDYL,7
Q9Y4F3,QSHDGSST,MARF1,MARF1,7
Q9Y613,CSLDGALP,FHOD1,FHOD1,7
O00750,DGSDGGVS,PIK3C2B,P3C2B,6
O43164,DSYDPDGK,PJA2,PJA2,6
O43164,VHTDSYDP,PJA2,PJA2,6
O43290,HAIDSFRE,SART1,SNUT1,6
O43379,SACDGLLQ,WDR62,WDR62,6
O60506,DERDGAVK,SYNCRIP,HNRPQ,6
O75363,DIVDGKEK,BCAS1,BCAS1,6
O75791,DINDGHCG,GRAP2,GRAP2,6
O76024,NEHDGGAQ,WFS1,WFS1,6
O94915,VHLDIYSG,FRYL,FRYL,6
O95425,HVGDGSSD,SVIL,SVIL,6
O95801,EDEDSASE,TTC4,TTC4,6
P08670,TNLDSLPL,VIM,VIME,6
P09884,VQVDSSHL,POLA1,DPOLA,6
P11387,PEDDGYFV,TOP1,TOP1,6
P13747,TAVDTAAQ,HLA,HLAE,6
P14136,DLTDAAAR,GFAP,GFAP,6
P15056,PASDSIGP,BRAF,BRAF,6
P17010,CKVDGTCP,ZFX,ZFX,6
P18583,TLPDSGFS,SON,SON,6
P21333,DTRDAEMP,FLNA,FLNA,6
P23588,PATDSFDD,EIF4B,IF4B,6
P30260,SYIDSAVI,CDC27,CDC27,6
P36915,QQTDSAME,GNL1,GNL1,6
P46777,ESIDGQPG,RPL5,RL5,6
P48147,EDPDSEQT,PREP,PPCE,6
P51532,APLDGADP,SMARCA4,SMCA4,6
P51784,ELCDAAGR,USP11,UBP11,6
P54252,EANDGSGM,ATXN3,ATX3,6
P55209,LLSDMVQE,NAP1L1,NP1L1,6
P56182,DDRDSGGP,RRP1,RRP1,6
Q05397,DQTDSWNH,PTK2,FAK1,6
Q06323,SELDAFLK,PSME1,PSME1,6
Q07955,RKLDNTKF,SRSF1,SRSF1,6
Q12906,VEVDGNSF,ILF3,ILF3,6
Q13043,LDEDSLTK,STK4,STK4,6
Q13114,EEADSMKS,TRAF3,TRAF3,6
Q13263,LATDSTFS,TRIM28,TIF1B,6
Q13547,IPEDAIPE,HDAC1,HDAC1,6
Q15046,HTTDNGVG,KARS,SYK,6
Q15154,PTVDSTQQ,PCM1,PCM1,6
Q15544,TDTDGIPE,TAF11,TAF11,6
Q15653,EAPDTYLA,NFKBIB,IKBB,6
Q15751,ASPDSIQT,HERC1,HERC1,6
Q5JSH3,DSLDSKGK,WDR44,WDR44,6
Q5THJ4,LESDSVGT,VPS13D,VP13D,6
Q6FIF0,SVSDTAQQ,ZFAND6,ZFAN6,6
Q6NXE6,VSADGSQE,ARMC6,ARMC6,6
Q6UB98,TEKDSLIC,ANKRD12,ANR12,6
Q8IWB9,SEGDGYGS,TEX2,TEX2,6
Q8N6Y1,NQSDIFVI,PCDH20,PCD20,6
Q8NDV7,TTVDSISV,TNRC6A,TNR6A,6
Q8TCU6,DQADSAFP,PREX1,PREX1,6
Q8WXI9,AMTDAANS,GATAD2B,P66B,6
Q92615,SAADGVSA,LARP4B,LAR4B,6
Q92917,ALADGVVS,GPKOW,GPKOW,6
Q969E8,AATDGVCP,TSR2,TSR2,6
Q96BY6,DSLDNSVT,DOCK10,DOC10,6
Q96CK0,EELDGSDM,ZNF653,ZN653,6
Q96GM8,VCGDSIKP,TOE1,TOE1,6
Q96SB3,EEDDEDDE,PPP1R9B,NEB2,6
Q96SN8,DDLDGINP,CDK5RAP2,CK5P2,6
Q99741,SEVDGNRM,CDC6,CDC6,6
Q9BYV8,EDNDSAAS,CEP41,CEP41,6
Q9H8Y5,EDSDSASE,ANKZF1,ANKZ1,6
Q9NSI8,SCSDGTSN,SAMSN1,SAMN1,6
Q9NWB7,SMTDGAPL,IFT57,IFT57,6
Q9NZB2,NHVDSAYF,FAM120A,F120A,6
Q9NZM5,LEVDQFLE,NOP53,NOP53,6
Q9UBK2,SMPDGTPP,PPARGC1A,PRGC1,6
Q9UEE9,DEVDGEEQ,CFDP1,CFDP1,6
Q9UK59,EDEDSIVS,DBR1,DBR1,6
Q9Y2X7,ESLDGDLD,GIT1,GIT1,6
Q9Y2Z0,SFSDALID,SUGT1,SGT1,6
Q9Y3X0,EKTDGMFK,CCDC9,CCDC9,6
Q9Y450,EEYDYEDL,HBS1L,HBS1L,6
Q9Y676,SEEDSLSS,MRPS18B,RT18B,6
Q9Y6W5,PQSDSASS,WASF2,WASF2,6
A3KMH1,AEKDAVPE,VWA8,VWA8,5
O15075,DENDGPGE,DCLK1,DCLK1,5
O43169,AGVDASES,CYB5B,CYB5B,5
O43399,LLSDSMTD,TPD52L2,TPD54,5
O43491,VDIDVLPQ,EPB41L2,E41L2,5
O43719,GEPDSLGQ,HTATSF1,HTSF1,5
O43776,KKEDGTFY,NARS,SYNC,5
O60499,DLLDASAV,STX10,STX10,5
O60841,VTVDTGVI,EIF5B,IF2P,5
O75030,NDPDMRWN,MITF,MITF,5
P02730,TATDYHTT,SLC4A1,B3AT,5
P04626,DVFDGDLG,ERBB2,ERBB2,5
P06400,DSIDSFET,RB1,RB,5
P07355,LEGDHSTP,ANXA2,ANXA2,5
P08238,AVPDEIPP,HSP90AB1,HS90B,5
P10909,DRIDSLLE,CLU,CLUS,5
P11086,AAPDSAPG,PNMT,PNMT,5
P14625,VDVDGTVE,HSP90B1,ENPL,5
P17542,EITDGPHT,TAL1,TAL1,5
P20936,DTVDGKEI,RASA1,RASA1,5
P21333,VFVDSLTK,FLNA,FLNA,5
P21359,SSMDSAAG,NF1,NF1,5
P27708,IDVDAVAS,CAD,PYR1,5
P27797,QFLDGDGW,CALR,CALR,5
P28715,AEVDSESL,ERCC5,ERCC5,5
P30519,TLEDGFPV,HMOX2,HMOX2,5
P35580,DTLDTTAA,MYH10,MYH10,5
P37802,ARDDGLFS,TAGLN2,TAGL2,5
P42574,IETDSGVD,CASP3,CASP3,5
P42858,IVLDGTDN,HTT,HD,5
P46100,ASTDGVDK,ATRX,ATRX,5
P49023,FPADEANS,PXN,PAXI,5
P53667,DEIDLLIQ,LIMK1,LIMK1,5
P54727,TATDSTSG,RAD23B,RD23B,5
P55265,VRPDGHSQ,ADAR,DSRAD,5
P78356,CENDGVGG,PIP4K2B,PI42B,5
Q08J23,DAEDGAEG,NSUN2,NSUN2,5
Q13085,TEEDGVHS,ACACA,ACACA,5
Q14151,DHRDGQHY,SAFB2,SAFB2,5
Q14203,ETMDALQA,DCTN1,DCTN1,5
Q14694,LALDGSSN,USP10,UBP10,5
Q14814,LTEDHLDL,MEF2D,MEF2D,5
Q15052,TRKDSIPQ,ARHGEF6,ARHG6,5
Q15154,SEEDGRGE,PCM1,PCM1,5
Q5M775,PNVDGTSV,SPECC1,CYTSB,5
Q6P2E9,LGLDGGPG,EDC4,EDC4,5
Q6UWE0,LEQDGIEN,LRSAM1,LRSM1,5
Q6ZNE5,DLVDSVDD,ATG14,BAKOR,5
Q7KZF4,HFVDSHHQ,SND1,SND1,5
Q7L099,TEGDGQIT,RUFY3,RUFY3,5
Q86VP1,DGADGAFY,TAX1BP1,TAXB1,5
Q86VP1,SRPDGLED,TAX1BP1,TAXB1,5
Q86XP1,VEEDAVES,DGKH,DGKH,5
Q8IZ73,QELDTIAL,RPUSD2,RUSD2,5
Q8N1F7,DALDFTQE,NUP93,NUP93,5
Q8NC51,DGFDSRGK,SERBP1,PAIRB,5
Q8NDT2,FALDAAAA,RBM15B,RB15B,5
Q8NHP6,IESDGKET,MOSPD2,MSPD2,5
Q8TF05,TSQDSALL,PPP4R1,PP4R1,5
Q92558,DHMDGSYS,WASF1,WASF1,5
Q92576,EEVDSMSK,PHF3,PHF3,5
Q92945,ISPDSGGL,KHSRP,FUBP2,5
Q96B97,VENDFLPV,SH3KBP1,SH3K1,5
Q96SB3,LEEDDEDD,PPP1R9B,NEB2,5
Q96T58,PKVDATRP,SPEN,MINT,5
Q9BVV6,TLHDAVEM,KIAA0586,TALD3,5
Q9BYW2,DSHDSIKE,SETD2,SETD2,5
Q9C0C2,EDVDGTWG,TNKS1BP1,TB182,5
Q9H706,VKTDSVDL,GAREM1,GARE1,5
Q9NRA8,DDLDVVLS,EIF4ENIF1,4ET,5
Q9NS87,HVMDSAAE,KIF15,KIF15,5
Q9NYF8,EALDYFSD,BCLAF1,BCLF1,5
Q9NZ08,DLWDSMAS,ERAP1,ERAP1,5
Q9P0L2,TSVDGYTE,MARK1,MARK1,5
Q9UHR5,PESDGEAG,SAP30BP,S30BP,5
Q9ULH0,DVIDYSSS,KIDINS220,KDIS,5
Q9Y3A4,DYADSVPD,RRP7A,RRP7A,5
O15027,VHPDSVSS,SEC16A,SC16A,4
O15530,PAMDGTAA,PDPK1,PDPK1,4
O43242,GEADGKTA,PSMD3,PSMD3,4
O43432,VEADGQTE,EIF4G3,IF4G3,4
O60486,DVVDSFGT,PLXNC1,PLXC1,4
O75363,DPEDTGAE,BCAS1,BCAS1,4
O75925,LTYDGHPA,PIAS1,PIAS1,4
O94925,GETDAFGN,GLS,GLSK,4
P06733,VEVDLFTS,ENO1,ENOA,4
P07602,QPKDNGDV,PSAP,SAP,4
P07737,LMADGTCQ,PFN1,PROF1,4
P08134,IEVDGKQV,RHOC,RHOC,4
P09496,AILDGGAP,CLTA,CLCA,4
P0C7T5,CVVDGQLF,ATXN1L,ATX1L,4
P10636,DMVDSPQL,MAPT,TAU,4
P11171,AAVDSADR,EPB41,41,4
P12270,HRTDGFAE,TPR,TPR,4
P14314,DCKDGSDE,PRKCSH,GLU2B,4
P14314,TCLDGSAT,PRKCSH,GLU2B,4
P14317,SQRDYAKG,HCLS1,HCLS1,4
P16278,VAVDGIPQ,GLB1,BGAL,4
P18848,DTCDLFAP,ATF4,ATF4,4
P20810,DAIDALSS,CAST,ICAL,4
P21333,VTYDGVPV,FLNA,FLNA,4
P22314,LYFDALEC,UBA1,UBA1,4
P23588,NKVDGMNA,EIF4B,IF4B,4
P25054,QEADSANT,APC,APC,4
P27816,TETDVSSA,MAP4,MAP4,4
P27987,TQEDGALE,ITPKB,IP3KB,4
P28070,STPDSFMD,PSMB4,PSB4,4
P31749,EEMDFRSG,AKT1,AKT1,4
P31943,NSPDTAND,HNRNPH1,HNRH1,4
P42331,SRTDSFSS,ARHGAP25,RHG25,4
P46934,DQPDAACH,NEDD4,NEDD4,4
P49321,KPTDGASS,NASP,NASP,4
P49321,TSADKVES,NASP,NASP,4
P49792,STTDSVYT,RANBP2,RBP2,4
P55209,ERLDGLVE,NAP1L1,NP1L1,4
P55212,TETDAFYK,CASP6,CASP6,4
P56524,STVDVATA,HDAC4,HDAC4,4
P61923,EIVDGGVI,COPZ1,COPZ1,4
P62258,AELDTLSE,YWHAE,1433E,4
P78559,EEEDATKA,MAP1A,MAP1A,4
P83369,VSSDSFDP,LSM11,LSM11,4
P98171,QNMDSVFK,ARHGAP4,RHG04,4
Q02447,NSIDSAGI,SP3,SP3,4
Q02750,PAPDGSAV,MAP2K1,MP2K1,4
Q05397,VSWDSGGS,PTK2,FAK1,4
Q06413,DADDSVGH,MEF2C,MEF2C,4
Q08AD1,SYVDGFIG,CAMSAP2,CAMP2,4
Q12906,VMPDGSGI,ILF3,ILF3,4
Q13177,VGFDAVTG,PAK2,PAK2,4
Q13263,AAGDGTVV,TRIM28,TIF1B,4
Q13263,DAQDANQC,TRIM28,TIF1B,4
Q13428,DDPDGKQE,TCOF1,TCOF,4
Q13435,TEEDTVSV,SF3B2,SF3B2,4
Q13509,ELVDSVLD,TUBB3,TBB3,4
Q13813,DKGDSLDS,SPTAN1,SPTN1,4
Q14761,TDYDHVAD,PTPRCAP,PTCA,4
Q14790,VETDSEEQ,CASP8,CASP8,4
Q15276,VGADSVSE,RABEP1,RABE1,4
Q15459,KTEDSLMP,SF3A1,SF3A1,4
Q16236,EELDSAPG,NFE2L2,NF2L2,4
Q3T8J9,VCMDSFQP,GON4L,GON4L,4
Q5JRA6,EESDSVFS,MIA3,TGO1,4
Q5TAX3,NELDFADH,TUT4,TUT4,4
Q5VT06,LQLDSTAH,CEP350,CE350,4
Q69YH5,VSSDAVPD,CDCA2,CDCA2,4
Q6PD62,SENDSRPA,CTR9,CTR9,4
Q6Y7W6,YLQDSALD,GIGYF2,GGYF2,4
Q7L014,ERQDGGQN,DDX46,DDX46,4
Q7Z2E3,IERDAAQE,APTX,APTX,4
Q7Z417,SGTDSVLQ,NUFIP2,NUFP2,4
Q7Z6I6,LEVDCAKE,ARHGAP30,RHG30,4
Q8IWI9,MDTDSALS,MGA,MGAP,4
Q8N302,DTCDGCEP,AGGF1,AGGF1,4
Q8TD26,DKVDGLQK,CHD6,CHD6,4
Q8WU90,DEVDDSVS,ZC3H15,ZC3HF,4
Q8WUA2,DYLDGVHT,PPIL4,PPIL4,4
Q8WWM7,KEVDGLLT,ATXN2L,ATX2L,4
Q8WXH0,DTLDSSDA,SYNE2,SYNE2,4
Q8WY36,LFLDAIHP,BBX,BBX,4
Q92628,IVLDGMEL,KIAA0232,K0232,4
Q96D71,VDADGLIT,REPS1,REPS1,4
Q96RE7,QESDSVQC,NACC1,NACC1,4
Q96RR4,LEADGQEV,CAMKK2,KKCC2,4
Q99497,VEKDGLIL,PARK7,PARK7,4
Q99683,VIEDAVAT,MAP3K5,M3K5,4
Q9BQG0,PAEDGTPA,MYBBP1A,MBB1A,4
Q9C0D5,VAVDAAPP,TANC1,TANC1,4
Q9C0J8,DSWDGNRE,WDR33,WDR33,4
Q9H0D6,FTSDGSPS,XRN2,XRN2,4
Q9H4X1,CEFDAVLA,RGCC,RGCC,4
Q9H9B1,EEDDGHGA,EHMT1,EHMT1,4
Q9HAS0,DSEDGSPS,C17orf75,NJMU,4
Q9NQV6,ESVDGSDP,PRDM10,PRD10,4
Q9NZ43,LGTDSAEP,USE1,USE1,4
Q9NZJ5,DVEDGTMD,EIF2AK3,E2AK3,4
Q9UBC2,QVLDGAHG,EPS15L1,EP15R,4
Q9UKJ3,ESTDGAED,GPATCH8,GPTC8,4
Q9UPS6,GELDAVSP,SETD1B,SET1B,4
Q9Y6W5,ENVDASSY,WASF2,WASF2,4
A0MZ66,AEADSSSP,SHTN1,SHOT1,3
O00308,ALTDGSQL,WWP2,WWP2,3
O00566,EDIDFFED,MPHOSPH10,MPP10,3
O14974,DRYDSLLG,PPP1R12A,MYPT1,3
O14974,TQTDSISR,PPP1R12A,MYPT1,3
O15381,QEVDGEIE,NVL,NVL,3
O43164,DQVDSSLP,PJA2,PJA2,3
O43707,TDTDTADQ,ACTN4,ACTN4,3
O43852,YSHDGNTD,CALU,CALU,3
O60711,ASLDSMLG,LPXN,LPXN,3
O75369,VTYDGHPV,FLNB,FLNB,3
O94854,TEEDGTPE,KIAA0754,K0754,3
O94988,DDADGFIS,FAM13A,FA13A,3
O95153,SIADTPPA,TSPOAP1,RIMB1,3
O95671,VKHDSIPA,ASMTL,ASML,3
P04406,KWGDAGAE,GAPDH,G3P,3
P09496,DAVDGVMN,CLTA,CLCA,3
P10244,SFLDSCNS,MYBL2,MYBB,3
P14314,LDTDGDGA,PRKCSH,GLU2B,3
P15498,DQIDDTVE,VAV1,VAV,3
P19113,DPVDDCFS,HDC,DCHS,3
P20810,LSSDFTCG,CAST,ICAL,3
P22626,VMRDPASK,HNRNPA2B1,ROA2,3
P23588,LEGDVSTT,EIF4B,IF4B,3
P25205,DAKDGDSY,MCM3,MCM3,3
P25205,KDGDSYDP,MCM3,MCM3,3
P27816,ATADTSIF,MAP4,MAP4,3
P27816,KTTDMAPS,MAP4,MAP4,3
P27816,LARDMTLP,MAP4,MAP4,3
P34931,ATKDAGVI,HSPA1L,HS71L,3
P34932,DGEDQPKQ,HSPA4,HSP74,3
P35222,ADIDGQYA,CTNNB1,CTNB1,3
P38159,DTRDYAPP,RBMX,RBMX,3
P42166,EERDSGSF,TMPO,LAP2A,3
P42858,DSVDLASC,HTT,HD,3
P49585,TEEDGVPS,PCYT1A,PCY1A,3
P49736,EEEDGEEL,MCM2,MCM2,3
P49810,DSYDSFGE,PSEN2,PSN2,3
P52735,DIYDCVPC,VAV2,VAV2,3
P52948,VTLDGVWP,NUP98,NUP98,3
P54105,RTEDSIRD,CLNS1A,ICLN,3
P54252,DEEDLQRA,ATXN3,ATX3,3
P55072,VAKDVDLE,VCP,TERA,3
P55210,IQADSGPI,CASP7,CASP7,3
P55884,IVVDNVPQ,EIF3B,EIF3B,3
P62258,MQGDGEEQ,YWHAE,1433E,3
P63241,ETGDAGAS,EIF5A,IF5A1,3
P78316,DSPDSHLD,NOP14,NOP14,3
P78317,THNDSVVI,RNF4,RNF4,3
Q01082,ETVDTSEM,SPTBN1,SPTB2,3
Q01581,DGVDAGKY,HMGCS1,HMCS1,3
Q02413,DLRDGSNV,DSG1,DSG1,3
Q04637,PAVDLSPV,EIF4G1,IF4G1,3
Q07812,FIQDRAGR,BAX,BAX,3
Q08211,EEVDLNAG,DHX9,DHX9,3
Q08378,ESPDGPGQ,GOLGA3,GOGA3,3
Q12802,IEQDVVGP,AKAP13,AKP13,3
Q12874,DDKDGLRK,SF3A3,SF3A3,3
Q12888,SDVDANTA,TP53BP1,TP53B,3
Q12982,DPSDGSVL,BNIP2,BNIP2,3
Q13057,VERDGLSE,COASY,COASY,3
Q13765,EEQDSTQA,NACA,NACA,3
Q13813,DSLDSVEA,SPTAN1,SPTN1,3
Q14457,EASDGGTM,BECN1,BECN1,3
Q14558,TELDMDDG,PRPSAP1,KPRA,3
Q14562,AEMDSIPM,DHX8,DHX8,3
Q15459,SKEDSAPS,SF3A1,SF3A1,3
Q16576,SHCDSDKG,RBBP7,RBBP7,3
Q32MZ4,TVKDCVDI,LRRFIP1,LRRF1,3
Q49AR2,TNCDSSSE,C5orf22,CE022,3
Q4V339,EKPDGLIN,CBWD6,CBWD6,3
Q53TQ3,AQSDGVPV,INO80D,IN80D,3
Q5BJE1,HKTDEMED,CCDC178,CC178,3
Q5JTV8,DDQDSSHS,TOR1AIP1,TOIP1,3
Q5JTY5,EKPDGLIN,CBWD3,CBWD3,3
Q5T0F9,VEEDAVAA,CC2D1B,C2D1B,3
Q5T6F2,ASRDGSLA,UBAP2,UBAP2,3
Q5UIP0,TGHDGETE,RIF1,RIF1,3
Q6IS14,ETGDAGAS,EIF5AL1,IF5AL,3
Q6NUK1,DIGDSLTI,SLC25A24,SCMC1,3
Q6ZUJ8,SGCDSVTD,PIK3AP1,BCAP,3
Q6ZVM7,ADLDALSP,TOM1L2,TM1L2,3
Q7Z333,VEEDSVSR,SETX,SETX,3
Q7Z3T8,EEVDVAVI,ZFYVE16,ZFY16,3
Q7Z422,IQDDSLPA,SZRD1,SZRD1,3
Q7Z6I6,PSPDGCLC,ARHGAP30,RHG30,3
Q7Z7A1,HVVDGLVR,CNTRL,CNTRL,3
Q8IUF1,EKPDGLIN,CBWD2,CBWD2,3
Q8IW35,ARVDAALP,CEP97,CEP97,3
Q8IWI9,GESDSISP,MGA,MGAP,3
Q8IWU2,ISPDAVTV,LMTK2,LMTK2,3
Q8N111,SSPDATPE,CEND1,CEND,3
Q8N163,QAPDALEQ,CCAR2,CCAR2,3
Q8TCG2,ASADGGSP,PI4K2B,P4K2B,3
Q8TCU4,DLADSHLP,ALMS1,ALMS1,3
Q8WVB6,PQVDGSPP,CHTF18,CTF18,3
Q8WWI1,PSPDASQL,LMO7,LMO7,3
Q8WWW0,SIYDAIKE,RASSF5,RASF5,3
Q8WWY3,IEEDAYQE,PRPF31,PRP31,3
Q92574,CCNDGCSD,TSC1,TSC1,3
Q92614,DRVDGVKS,MYO18A,MY18A,3
Q92620,DGEDKKKS,DHX38,PRP16,3
Q92804,DSYDQQSG,TAF15,RBP56,3
Q92888,LSLDSPDR,ARHGEF1,ARHG1,3
Q93052,MLYDMENP,LPP,LPP,3
Q96C57,HEQDGNEL,CUSTOS,CSTOS,3
Q96EK9,HTADSVVN,KTI12,KTI12,3
Q96EV2,GESDGFFH,RBM33,RBM33,3
Q96IZ7,IESDSFVQ,RSRC1,RSRC1,3
Q96JQ2,DLIDFAST,CLMN,CLMN,3
Q96MX6,NAIDGIGG,WDR92,WDR92,3
Q96PZ0,EDNDSGVP,PUS7,PUS7,3
Q96RS0,YERDSLLA,TGS1,TGS1,3
Q99439,TVADGAPS,CNN2,CNN2,3
Q99575,EVMDAGCQ,POP1,POP1,3
Q99996,GVIDGYAD,AKAP9,AKAP9,3
Q99996,SLLDGVVT,AKAP9,AKAP9,3
Q9BQQ3,SFLDSPGA,GORASP1,GORS1,3
Q9BRS2,NVTDSVIN,RIOK1,RIOK1,3
Q9BRT8,EKPDGLIN,CBWD1,CBWD1,3
Q9H1E3,YGRDSGPP,NUCKS1,NUCKS,3
Q9H2C2,GNVDGVAA,ARV1,ARV1,3
Q9H4A3,VLSDGTVD,WNK1,WNK1,3
Q9NTI5,EEVDVFQG,PDS5B,PDS5B,3
Q9NX05,VSYDSSAS,FAM120C,F120C,3
Q9NYF5,EEEDGVNL,FAM13B,FA13B,3
Q9P266,SDVDGVVT,JCAD,JCAD,3
Q9P289,DESDSEGS,STK26,STK26,3
Q9UDY2,EDTDGEGG,TJP2,ZO2,3
Q9UHB6,DSRDSQVK,LIMA1,LIMA1,3
Q9UI12,GAVDAAVP,ATP6V1H,VATH,3
Q9UKV3,VTMDTSEN,ACIN1,ACINU,3
Q9UMX1,LESDSSTA,SUFU,SUFU,3
Q9UMZ2,DYKDFTKQ,SYNRG,SYNRG,3
Q9UPN4,TEDDASSL,CEP131,CP131,3
Q9UQ13,DLPDTIGN,SHOC2,SHOC2,3
Q9UQF2,DESDSATV,MAPK8IP1,JIP1,3
Q9Y3S2,EEGDGASG,ZNF330,ZN330,3
A1X283,SLLDGEGP,SH3PXD2B,SPD2B,2
O00559,EEEDAAWQ,EBAG9,RCAS1,2
O00750,VDYDGIND,PIK3C2B,P3C2B,2
O14757,SNLDFSPV,CHEK1,CHK1,2
O14828,ATLDVYNP,SCAMP3,SCAM3,2
O15027,NPHDGVVT,SEC16A,SC16A,2
O15511,DEEDGGDG,ARPC5,ARPC5,2
O15540,VSLDGDKL,FABP7,FABP7,2
O43491,PQIDGGAG,EPB41L2,E41L2,2
O43521,SECDREGR,BCL2L11,B2L11,2
O43716,VDTDGVEP,GATC,GATC,2
O60244,DMMDSLIS,MED14,MED14,2
O60506,GYEDYYDY,SYNCRIP,HNRPQ,2
O60566,DVCDEFTG,BUB1B,BUB1B,2
O75417,SEMDSVQM,POLQ,DPOLQ,2
O75592,SEVDGLNS,MYCBP2,MYCB2,2
O94876,AEIDGVPT,TMCC1,TMCC1,2
O94901,SVRDAVGQ,SUN1,SUN1,2
O94913,DQLDSKSK,PCF11,PCF11,2
O94921,QGMDSVIK,CDK14,CDK14,2
O95685,SDLDGGVA,PPP1R3D,PPR3D,2
P00519,REMDGQPE,ABL1,ABL1,2
P02730,EQGDGGTE,SLC4A1,B3AT,2
P04818,QERDAEPR,TYMS,TYSY,2
P05455,DEHDEHDE,SSB,LA,2
P06400,LENDTRII,RB1,RB,2
P08514,LDRDGYND,ITGA2B,ITA2B,2
P11274,CGVDGDYE,BCR,BCR,2
P11831,SESDSSGE,SRF,SRF,2
P12270,DGNDGYEA,TPR,TPR,2
P12755,AVPDAAAP,SKI,SKI,2
P13674,DEPDAFKE,P4HA1,P4HA1,2
P13995,DNVDGLLV,MTHFD2,MTDC,2
P14136,VERDNLAQ,GFAP,GFAP,2
P17405,SKCDLPLR,SMPD1,ASM,2
P19338,DDEDDEEE,NCL,NUCL,2
P19338,ESFDGSVR,NCL,NUCL,2
P19525,DLPDMKET,EIF2AK2,E2AK2,2
P20339,YADDNSLL,RAB5A,RAB5A,2
P20810,DLIDTLGG,CAST,ICAL,2
P20810,FLLDALSE,CAST,ICAL,2
P26045,CSPDGVDQ,PTPN3,PTN3,2
P26641,EEMDECEQ,EEF1G,EF1G,2
P27694,QALDGVSI,RPA1,RFA1,2
P28331,VFVDGQSV,NDUFS1,NDUS1,2
P30304,DLLDGENL,CDC25A,MPIP1,2
P31948,KELDPTNM,STIP1,STIP1,2
P36915,EEEDGPAV,GNL1,GNL1,2
P37275,SVTDAADC,ZEB1,ZEB1,2
P40121,IVTDGEEP,CAPG,CAPG,2
P41250,SSMDGAGA,GARS,GARS,2
P43487,EDHDTSTE,RANBP1,RANG,2
P45974,IARDGLGG,USP5,UBP5,2
P46379,DEQDGASA,BAG6,BAG6,2
P49006,ATGDAIEP,MARCKSL1,MRP,2
P49069,DKLDSFIK,CAMLG,CAMLG,2
P49116,SLADGIDT,NR2C2,NR2C2,2
P49711,NQTDGGEV,CTCF,CTCF,2
P50991,AFADAMEV,CCT4,TCPD,2
P52294,VMSDGGFH,KPNA1,IMA5,2
P52565,NEEDEHSV,ARHGDIA,GDIR1,2
P52747,IQADGTVA,ZNF143,ZN143,2
P55055,CSTDWVIP,NR1H2,NR1H2,2
P55211,PEPDATPF,CASP9,CASP9,2
P55884,DGIDSVIV,EIF3B,EIF3B,2
P56381,AVRDALKT,ATP5F1E,ATP5E,2
P56945,DVPDGPLL,BCAR1,BCAR1,2
P62877,MDVDTPSG,RBX1,RBX1,2
P63220,EFVDLYVP,RPS21,RS21,2
P67809,SAADTKPG,YBX1,YBOX1,2
P82094,ERIDSFSV,TMF1,TMF1,2
P83916,HETDKSEG,CBX1,CBX1,2
P98175,SAEDSYEA,RBM10,RBM10,2
Q01130,DAMDAMDG,SRSF2,SRSF2,2
Q04206,DDEDLGAL,RELA,TF65,2
Q05513,DGMDGIKI,PRKCZ,KPCZ,2
Q07666,TGPDATVG,KHDRBS1,KHDR1,2
Q12872,APTDSAPE,SFSWAP,SFSWA,2
Q13153,VGFDAVTG,PAK1,PAK1,2
Q13263,SCEDNAPA,TRIM28,TIF1B,2
Q13370,DTADFLNK,PDE3B,PDE3B,2
Q13426,DVTDIAPS,XRCC4,XRCC4,2
Q13541,VLGDGVQL,EIF4EBP1,4EBP1,2
Q14157,MENDSSNL,UBAP2L,UBP2L,2
Q14157,NPSDSAVH,UBAP2L,UBP2L,2
Q14202,TLGDGINS,ZMYM3,ZMYM3,2
Q14204,VLFDAADA,DYNC1H1,DYHC1,2
Q14258,LQADLARE,TRIM25,TRI25,2
Q14493,SRCDGDAS,SLBP,SLBP,2
Q14684,SRKDGLSD,RRP1B,RRP1B,2
Q14697,AEGDGAQP,GANAB,GANAB,2
Q14790,REQDSESQ,CASP8,CASP8,2
Q14839,EATDGGGD,CHD4,CHD4,2
Q15003,DFPDGSLG,NCAPH,CND2,2
Q15003,HVADGSAT,NCAPH,CND2,2
Q15075,LVTDSSAE,EEA1,EEA1,2
Q15149,ILRDKDNT,PLEC,PLEC,2
Q15181,TDVDKWFH,PPA1,IPYR,2
Q15283,VIEDSVTT,RASA2,RASA2,2
Q15366,WGLDASAQ,PCBP2,PCBP2,2
Q15813,IGFDSIMK,TBCE,TBCE,2
Q16513,DEVDSLMC,PKN2,PKN2,2
Q16566,PAPDAPLK,CAMK4,KCC4,2
Q1MSJ5,INTDDESS,CSPP1,CSPP1,2
Q2TB10,ITPDIATK,ZNF800,ZN800,2
Q32MZ4,SDLDGGNH,LRRFIP1,LRRF1,2
Q53EP0,ESPDSSGA,FNDC3B,FND3B,2
Q58WW2,STRDSALQ,DCAF6,DCAF6,2
Q5T6F2,DYSDSTST,UBAP2,UBAP2,2
Q5VSL9,DNLDAFNE,STRIP1,STRP1,2
Q5VYV7,TSSDSVIA,SLX4IP,SLX4I,2
Q641Q2,DGCDLFAD,WASHC2A,WAC2A,2
Q6P1N0,LSPDGLMI,CC2D1A,C2D1A,2
Q6P2E9,LQLDGSLT,EDC4,EDC4,2
Q6PIJ6,VQEDGEVV,FBXO38,FBX38,2
Q6WKZ4,LSSDGAVS,RAB11FIP1,RFIP1,2
Q6ZRI6,TEPDSATA,C15orf39,CO039,2
Q70CQ2,INIDSTWQ,USP34,UBP34,2
Q7KZ85,DSTDSYIE,SUPT6H,SPT6H,2
Q7L5N1,MEVDAAVV,COPS6,CSN6,2
Q7Z591,EEPDGTLG,AKNA,AKNA,2
Q7Z5R6,QDLDALMA,APBB1IP,AB1IP,2
Q7Z6I6,LENDSIEA,ARHGAP30,RHG30,2
Q86TI2,DRGDAAAT,DPP9,DPP9,2
Q86VS8,NQSDSIED,HOOK3,HOOK3,2
Q86W56,DEIDVVPE,PARG,PARG,2
Q8IWC1,MSMDASPE,MAP7D3,MA7D3,2
Q8IX03,ASTDAVSA,WWC1,KIBRA,2
Q8N302,VENDAYPG,AGGF1,AGGF1,2
Q8N7H5,EEMDYAPD,PAF1,PAF1,2
Q8NBU5,QETDGFSG,ATAD1,ATAD1,2
Q8NDX1,VQPDIHLT,PSD4,PSD4,2
Q8NFA0,KKVDAQSS,USP32,UBP32,2
Q8NFC6,EECDGLMA,BOD1L1,BD1L1,2
Q8NFD5,PQQDMSQE,ARID1B,ARI1B,2
Q8NFZ5,EHTDGHTS,TNIP2,TNIP2,2
Q8NHV4,DGFDFLPQ,NEDD1,NEDD1,2
Q8WUF5,SSLDGLGG,PPP1R13L,IASPP,2
Q8WWM7,TTYDSSLS,ATXN2L,ATX2L,2
Q8WXD2,DDPDGLHQ,SCG3,SCG3,2
Q92995,ITPDGADV,USP13,UBP13,2
Q96A33,DFEDEEDI,CCDC47,CCD47,2
Q96AE4,DQPDAKKV,FUBP1,FUBP1,2
Q96GD3,DSMDSASN,SCMH1,SCMH1,2
Q96II8,DYIDSCTA,LRCH3,LRCH3,2
Q96JM3,LQIDAIDD,CHAMP1,CHAP1,2
Q96JZ2,TSLDALVT,HSH2D,HSH2D,2
Q96K76,NERDSSAS,USP47,UBP47,2
Q96MG7,VLRDGFAE,NSMCE3,NSE3,2
Q96PN7,NSIDGSNV,TRERF1,TREF1,2
Q96PY6,VSEDGVSS,NEK1,NEK1,2
Q96SB3,SRFDSKPA,PPP1R9B,NEB2,2
Q96SB3,TDEDEELS,PPP1R9B,NEB2,2
Q99439,SGVDIGVK,CNN2,CNN2,2
Q9BQS8,TETDSLDP,FYCO1,FYCO1,2
Q9BSJ8,THVDSPLE,ESYT1,ESYT1,2
Q9C0C9,ETPDGSAS,UBE2O,UBE2O,2
Q9GZM5,VDADAADA,YIPF3,YIPF3,2
Q9H2G2,VTVDSNKP,SLK,SLK,2
Q9H714,PETDSAFF,RUBCNL,PACER,2
Q9HCN4,TAKDSLSP,GPN1,GPN1,2
Q9HCP0,VHVDSGAS,CSNK1G1,KC1G1,2
Q9NQC3,SETDYVTT,RTN4,RTN4,2
Q9NTX7,TSVDGQLT,RNF146,RN146,2
Q9NUM4,DAYDGVTS,TMEM106B,T106B,2
Q9NX24,ADPDGPEA,NHP2,NHP2,2
Q9NZ52,HHLDALDQ,GGA3,GGA3,2
Q9NZM5,EESDGEGE,NOP53,NOP53,2
Q9P0L0,SKQDGPMP,VAPA,VAPA,2
Q9UBI9,AHFDYSPA,HECA,HDC,2
Q9UKJ3,SNLDGKKE,GPATCH8,GPTC8,2
Q9UKV3,TLADYSAQ,ACIN1,ACINU,2
Q9UL15,FEIDSVDT,BAG5,BAG5,2
Q9UPN3,DLCDGSAN,MACF1,MACF1,2
Q9UPQ0,SQVDSPSS,LIMCH1,LIMC1,2
Q9UQ35,SMMDGPGP,SRRM2,SRRM2,2
Q9Y4E1,DGCDLFAD,WASHC2C,WAC2C,2
Q9Y4K1,AALDGGVA,CRYBG1,CRBG1,2
Q9Y4R8,EIVDGGVP,TELO2,TELO2,2
Q9Y5K8,EGTDSYEL,ATP6V1D,VATD,2
Q9Y5V3,TSADGSQA,MAGED1,MAGD1,2
A6NC98,LGADGAGS,CCDC88B,CC88B,1
A6NIH7,AADDGVGA,UNC119B,U119B,1
A6QL64,DKDDSVSN,ANKRD36,AN36A,1
O00442,DLCDGQLE,RTCA,RTCA,1
O00499,SPPDGSPA,BIN1,BIN1,1
O00512,ENPDGLSQ,BCL9,BCL9,1
O14686,DEPDALYV,KMT2D,KMT2D,1
O14818,FSPDGHLF,PSMA7,PSA7,1
O14981,DSTDGEPE,BTAF1,BTAF1,1
O15042,EELDGAPL,U2SURP,SR140,1
O15085,VDMDAAAE,ARHGEF11,ARHGB,1
O15265,PKMDGTLL,ATXN7,ATX7,1
O15400,DVIDSIEA,STX7,STX7,1
O15417,ADADGLAP,TNRC18,TNC18,1
O15446,LEVDMALG,CD3EAP,RPA34,1
O43164,EELDSVPL,PJA2,PJA2,1
O43251,AQTDGQQS,RBFOX2,RFOX2,1
O43296,PECDGLGT,ZNF264,ZN264,1
O43491,VAKDGGDK,EPB41L2,E41L2,1
O43707,IDEDFRDG,ACTN4,ACTN4,1
O43719,EEEDSSEK,HTATSF1,HTSF1,1
O43815,AAGDGAAA,STRN,STRN,1
O43903,SRVDGKTS,GAS2,GAS2,1
O60343,EEADGTDT,TBC1D4,TBCD4,1
O60346,LEADAASA,PHLPP1,PHLP1,1
O60583,DVRDHYIA,CCNT2,CCNT2,1
O60711,TLQDSDEY,LPXN,LPXN,1
O60832,EYVDYSES,DKC1,DKC1,1
O75152,DATDKVNK,ZC3H11A,ZC11A,1
O75410,LEFDFTED,TACC1,TACC1,1
O75427,DFIDSHVP,LRCH4,LRCH4,1
O75427,VQIDFIDS,LRCH4,LRCH4,1
O75554,VMADGVAP,WBP4,WBP4,1
O75717,DLFDGDDM,WDHD1,WDHD1,1
O94804,DAVDAAST,STK10,STK10,1
O94888,EKADGVVE,UBXN7,UBXN7,1
O95208,DLMDALPS,EPN2,EPN2,1
O95402,VNLDGQVA,MED26,MED26,1
O95433,ERADATNV,AHSA1,AHSA1,1
O95801,LFLDGLST,TTC4,TTC4,1
O96028,IKYDSLLE,NSD2,NSD2,1
P00519,SLVDAVNS,ABL1,ABL1,1
P04406,QERDPSKI,GAPDH,G3P,1
P04626,SETDGYVA,ERBB2,ERBB2,1
P05387,KILDSVGI,RPLP2,RLA2,1
P06748,VEEDAESE,NPM1,NPM,1
P07737,TCQDAAIV,PFN1,PROF1,1
P07900,AEADKNDK,HSP90AA1,HS90A,1
P08238,DEEDDSGK,HSP90AB1,HS90B,1
P08758,LEDDVVGD,ANXA5,ANXA5,1
P0DP24,VDADGNGT,CALM2,CALM2,1
P10451,DTYDGRGD,SPP1,OSTP,1
P11142,TAGDTHLG,HSPA8,HSP7C,1
P11177,TVRDAINQ,PDHB,ODPB,1
P11387,DDADYKPK,TOP1,TOP1,1
P12270,DGTDPGTE,TPR,TPR,1
P12814,LEGDHQLI,ACTN1,ACTN1,1
P12830,DTRDNVYY,CDH1,CADH1,1
P13010,DFLDALIV,XRCC5,XRCC5,1
P14625,VIEDHSNR,HSP90B1,ENPL,1
P14868,EIMDAAED,DARS,SYDC,1
P15170,SLGDGRPP,GSPT1,ERF3A,1
P15923,TLPDLSRP,TCF3,TFE2,1
P15976,EDLDGKGS,GATA1,GATA1,1
P17028,SELDAVEN,ZNF24,ZNF24,1
P17544,ARTDSVII,ATF7,ATF7,1
P17980,DELDAIGT,PSMC3,PRS6A,1
P17980,DILDPALL,PSMC3,PRS6A,1
P18583,EIADSSMT,SON,SON,1
P18583,LESDSFLK,SON,SON,1
P19338,DDDDDEED,NCL,NUCL,1
P19338,DDDDEDDE,NCL,NUCL,1
P20700,NSKDAALA,LMNB1,LMNB1,1
P20936,DEGDSLDG,RASA1,RASA1,1
P21399,NLGDSVTT,ACO1,ACOC,1
P22102,CFTDGKTV,GART,PUR2,1
P23588,DETDDLEG,EIF4B,IF4B,1
P23769,DEVDVFFN,GATA2,GATA2,1
P24534,DDIDLFGS,EEF1B2,EF1B,1
P24864,LDVDCLEF,CCNE1,CCNE1,1
P25054,DNIDNLSP,APC,APC,1
P26641,FEGDDGFC,EEF1G,EF1G,1
P27348,EECDAAEG,YWHAQ,1433T,1
P27448,SELDASDS,MARK3,MARK3,1
P27797,DQTDMHGD,CALR,CALR,1
P29692,DDIDLFGS,EEF1D,EF1D,1
P31942,YGRDGMDN,HNRNPH3,HNRH3,1
P35269,SDIDSEAS,GTF2F1,T2FA,1
P35611,DDSDAATF,ADD1,ADDA,1
P39880,DSCDGVEA,CUX1,CUX1,1
P41567,PFADASKG,EIF1,EIF1,1
P41743,TQRDSSTM,PRKCI,KPCI,1
P42574,ESMDSGIS,CASP3,CASP3,1
P42892,DLVDSLSE,ECE1,ECE1,1
P43007,GYLDSAQA,SLC1A4,SATT,1
P43146,LSVDRGFG,DCC,DCC,1
P45379,VDFDDIHR,TNNT2,TNNT2,1
P46013,DSKDSVAQ,MKI67,KI67,1
P46013,ESADGLQG,MKI67,KI67,1
P46013,THTDKVPG,MKI67,KI67,1
P46531,ACVDGVNT,NOTCH1,NOTC1,1
P46531,DCMDVNVR,NOTCH1,NOTC1,1
P47736,QSMDAMGL,RAP1GAP,RPGP1,1
P49023,SLLDELES,PXN,PAXI,1
P49069,VATDGGER,CAMLG,CAMLG,1
P49257,VQSDGTVP,LMAN1,LMAN1,1
P49321,VSADKIED,NASP,NASP,1
P49427,AERDGVKV,CDC34,UB2R1,1
P49792,HETDGGSA,RANBP2,RBP2,1
P49810,MEEDSYDS,PSEN2,PSN2,1
P50851,SSVDSAQA,LRBA,LRBA,1
P51114,VLMDGMTE,FXR1,FXR1,1
P51991,SREDSVKP,HNRNPA3,ROA3,1
P52746,GEMDGLCP,ZNF142,ZN142,1
P52948,DMVDITQE,NUP98,NUP98,1
P53582,CETDGCSS,METAP1,MAP11,1
P54259,DLRDRLKP,ATN1,ATN1,1
P54578,GSADALPE,USP14,UBP14,1
P55011,ASRDGGGV,SLC12A2,S12A2,1
P55072,DELDAIAP,VCP,TERA,1
P55072,EEDDPVPE,VCP,TERA,1
P55072,VLSDDTCS,VCP,TERA,1
P57764,FLTDGVPA,GSDMD,GSDMD,1
P60484,DVSDNEPD,PTEN,PTEN,1
P60484,NEPDHYRY,PTEN,PTEN,1
P60709,GQKDSYVG,ACTB,ACTB,1
P60953,DLRDDPST,CDC42,CDC42,1
P61129,TEEDFANQ,ZC3H6,ZC3H6,1
P61978,SAIDTWSP,HNRNPK,HNRPK,1
P61978,SGYDYSYA,HNRNPK,HNRPK,1
P62191,DEIDAIGT,PSMC1,PRS4,1
P62191,NQLDGFDS,PSMC1,PRS4,1
P62306,EYIDGALS,SNRPF,RUXF,1
P62736,GQKDSYVG,ACTA2,ACTA,1
P62937,VFFDIAVD,PPIA,PPIA,1
P63220,MQNDAGEF,RPS21,RS21,1
P63241,GIQDGYLS,EIF5A,IF5A1,1
P63261,GQKDSYVG,ACTG1,ACTG,1
P63267,GQKDSYVG,ACTG2,ACTH,1
P68032,GQKDSYVG,ACTC1,ACTC,1
P68104,WNGDNMLE,EEF1A1,EF1A1,1
P68133,GQKDSYVG,ACTA1,ACTS,1
P78559,AEYDSVVA,MAP1A,MAP1A,1
Q01105,DDDDDEEE,SET,SET,1
Q01105,GEEDEEAL,SET,SET,1
Q02078,STTDLTVP,MEF2A,MEF2A,1
Q02447,VDLDSLGL,SP3,SP3,1
Q03701,DDFDFAGS,CEBPZ,CEBPZ,1
Q03701,VDEDGGTF,CEBPZ,CEBPZ,1
Q04721,VCVDGVNT,NOTCH2,NOTC2,1
Q04726,VSADGQMQ,TLE3,TLE3,1
Q04917,AFDDAIAE,YWHAH,1433F,1
Q06609,AQVDGAAM,RAD51,RAD51,1
Q06609,DVLDNVAY,RAD51,RAD51,1
Q07864,DMEDFGLV,POLE,DPOE1,1
Q07864,DQLDNIVD,POLE,DPOE1,1
Q08945,DQHDAYLE,SSRP1,SSRP1,1
Q10567,DLFDLTSG,AP1B1,AP1B1,1
Q12802,DGPDGNSN,AKAP13,AKP13,1
Q12802,PETDGQFL,AKAP13,AKP13,1
Q12888,CEEDGDAG,TP53BP1,TP53B,1
Q12888,VEQDSSQP,TP53BP1,TP53B,1
Q12996,DEVDRKPE,CSTF3,CSTF3,1
Q13009,IDSDAVSA,TIAM1,TIAM1,1
Q13043,TMTDGANT,STK4,STK4,1
Q13263,SSGDGGAA,TRIM28,TIF1B,1
Q13315,DIVDGMGI,ATM,ATM,1
Q13342,DTVDIANN,SP140,SP140,1
Q13362,MVVDAANS,PPP2R5C,2A5G,1
Q13435,ARPDVVEM,SF3B2,SF3B2,1
Q13459,VCVDSLTS,MYO9B,MYO9B,1
Q13464,DLSDSTSV,ROCK1,ROCK1,1
Q13492,AVDDAIPS,PICALM,PICAL,1
Q13492,SLLDALEQ,PICALM,PICAL,1
Q13546,LQLDCVAV,RIPK1,RIPK1,1
Q13573,DDPDLQRP,SNW1,SNW1,1
Q13615,VEFDSSLS,MTMR3,MTMR3,1
Q14004,VSNDGLGS,CDK13,CDK13,1
Q14005,SSTDSAAS,IL16,IL16,1
Q14141,VGFDSLPD,SEPTIN6,SEPT6,1
Q14145,TFLDSVEC,KEAP1,KEAP1,1
Q14320,AHYDAVEA,FAM50A,FA50A,1
Q14444,DQLDAVSK,CAPRIN1,CAPR1,1
Q14515,DEFDQGNQ,SPARCL1,SPRL1,1
Q14692,DDKDAAKV,BMS1,BMS1,1
Q14692,SEDDGLEN,BMS1,BMS1,1
Q14789,EEQDSLSM,GOLGB1,GOGB1,1
Q14814,DHLDLNNA,MEF2D,MEF2D,1
Q14839,NQSDYSVA,CHD4,CHD4,1
Q14839,VESDFDDA,CHD4,CHD4,1
Q15056,LTYDGALL,EIF4H,IF4H,1
Q15149,DALDGPAA,PLEC,PLEC,1
Q15181,DDPDAANY,PPA1,IPYR,1
Q15181,VPTDVDKW,PPA1,IPYR,1
Q15545,STVDGDLY,TAF7,TAF7,1
Q16512,LGTDSDSS,PKN1,PKN1,1
Q16643,PEIDITCW,DBN1,DREB,1
Q16643,SPSDSSTA,DBN1,DREB,1
Q1KMD3,DYMDEVTY,HNRNPUL2,HNRL2,1
Q1KMD3,VEGDDVPE,HNRNPUL2,HNRL2,1
Q3KQV9,CQVDGVPQ,UAP1L1,UAP1L,1
Q49MG5,MAPDGCED,MAP9,MAP9,1
Q4AC94,HELDSMDC,C2CD3,C2CD3,1
Q562R1,ELPDGQVI,ACTBL2,ACTBL,1
Q5BKZ1,RSMDSYLN,ZNF326,ZN326,1
Q5H9R7,DEIDFKET,PPP6R3,PP6R3,1
Q5JSZ5,LYLDGHVF,PRRC2B,PRC2B,1
Q5T1V6,VPVDAVAT,DDX59,DDX59,1
Q5TAX3,TCTDNTGD,TUT4,TUT4,1
Q5UIP0,TINDSLIV,RIF1,RIF1,1
Q5VT06,SSIDSVSE,CEP350,CE350,1
Q63HN8,ICIDCHAP,RNF213,RN213,1
Q69YI7,TEEDGAGG,NAIF1,NAIF1,1
Q6DKK2,QGADGAAA,TTC19,TTC19,1
Q6FIF0,SQLDSTSV,ZFAND6,ZFAN6,1
Q6IBW4,SRKDFRMN,NCAPH2,CNDH2,1
Q6IN85,DMEDGEAV,PPP4R3A,P4R3A,1
Q6JBY9,EEVDGQHP,RCSD1,CPZIP,1
Q6P1L5,DPRDKENG,FAM117B,F117B,1
Q6P2E9,LGADGTHG,EDC4,EDC4,1
Q6PCB5,ASLDSVFS,RSBN1L,RSBNL,1
Q6PKG0,LQIDMKPE,LARP1,LARP1,1
Q6PKG0,SQTDFSQL,LARP1,LARP1,1
Q6QNY0,AETDSEPE,BLOC1S3,BL1S3,1
Q6UB98,VYSDSTIQ,ANKRD12,ANR12,1
Q6UN15,VDLDSFED,FIP1L1,FIP1,1
Q6ZN18,DSEDSISS,AEBP2,AEBP2,1
Q7L2H7,LEPDKQEA,EIF3M,EIF3M,1
Q7Z2W4,LVNDSLSD,ZC3HAV1,ZCCHV,1
Q7Z5L9,SLPDSSLA,IRF2BP2,I2BP2,1
Q7Z6I6,AQEDQVAE,ARHGAP30,RHG30,1
Q7Z6K3,MEVDGLND,PTAR1,PTAR1,1
Q7Z6L1,SDTDASSE,TECPR1,TCPR1,1
Q7Z739,AITDGQAG,YTHDF3,YTHD3,1
Q7Z7A1,DIVDEIEC,CNTRL,CNTRL,1
Q86TL0,DEVDKFKA,ATG4D,ATG4D,1
Q86U42,DPGDGAIE,PABPN1,PABP2,1
Q86U42,VEGDPGDG,PABPN1,PABP2,1
Q86VX9,ECLDGTLT,MON1A,MON1A,1
Q86X53,DGVDTIEE,ERICH1,ERIC1,1
Q86XZ4,ESVDSLSE,SPATS2,SPAS2,1
Q8N0X7,FLVDGVCT,SPART,SPART,1
Q8N5H7,TMTDGLTA,SH2D3C,SH2D3,1
Q8N684,GSRDSGPP,CPSF7,CPSF7,1
Q8NCN2,GDVDSVTV,ZBTB34,ZBT34,1
Q8NE71,ESIDALGE,ABCF1,ABCF1,1
Q8NEF9,SEKDSVVS,SRFBP1,SRFB1,1
Q8NEZ4,DTPDSFVP,KMT2C,KMT2C,1
Q8TAK5,AEVDAVVV,GABPB2,GABP2,1
Q8TAQ2,EKSDGDPI,SMARCC2,SMRC2,1
Q8TB03,DQRDGCEC,CXorf38,CX038,1
Q8TBF4,PALDSLSQ,ZCRB1,ZCRB1,1
Q8TCG2,EEEDGERE,PI4K2B,P4K2B,1
Q8TCU4,ITLDGLNE,ALMS1,ALMS1,1
Q8TD16,VSLDGLKF,BICD2,BICD2,1
Q8WVD3,TEDDFYCP,RNF138,RN138,1
Q8WWI1,DNLDSPRS,LMO7,LMO7,1
Q92547,DVKDALAA,TOPBP1,TOPB1,1
Q92558,TYVDHMDG,WASF1,WASF1,1
Q92576,EQNDSISG,PHF3,PHF3,1
Q92576,VCEDFSAS,PHF3,PHF3,1
Q92785,ISQDGSSL,DPF2,REQU,1
Q93009,ALSDGHNT,USP7,UBP7,1
Q96BY6,EETDSSEN,DOCK10,DOC10,1
Q96BY7,TAYDMVSP,ATG2B,ATG2B,1
Q96I24,QERDGFGG,FUBP3,FUBP3,1
Q96IZ0,EEPDGVPE,PAWR,PAWR,1
Q96JH8,VVLDGHLE,RADIL,RADIL,1
Q96N21,LLTDAVPL,TEPSIN,AP4AT,1
Q96N64,GETDGQQS,PWWP2A,PWP2A,1
Q96RD7,DVVDGKTP,PANX1,PANX1,1
Q96S55,WDADAAEA,WRNIP1,WRIP1,1
Q96SB3,EEEDPAPS,PPP1R9B,NEB2,1
Q96T37,DRSDGSAP,RBM15,RBM15,1
Q99590,DSVDEETA,SCAF11,SCAFB,1
Q99700,SAKDSFIE,ATXN2,ATX2,1
Q99700,STYDSSLS,ATXN2,ATX2,1
Q99755,DIPDGLFL,PIP5K1A,PI51A,1
Q9BRD0,NVEDAMKE,BUD13,BUD13,1
Q9BSI4,SVTDSVNL,TINF2,TINF2,1
Q9BTC0,CSADAAVS,DIDO1,DIDO1,1
Q9BUJ2,SGPDGHYA,HNRNPUL1,HNRL1,1
Q9BVV6,VDIDSISN,KIAA0586,TALD3,1
Q9BY43,AQTDGTLS,CHMP4A,CHM4A,1
Q9BYW2,DIKDRGPL,SETD2,SETD2,1
Q9BYW2,DQQDGSHF,SETD2,SETD2,1
Q9BYW2,TSDDSVTG,SETD2,SETD2,1
Q9C037,ICLDYFQD,TRIM4,TRIM4,1
Q9C0B9,AEKDGSGP,ZCCHC2,ZCHC2,1
Q9GZR7,TVSDQALL,DDX24,DDX24,1
Q9GZY8,DFLDLERP,MFF,MFF,1
Q9H009,EEQDSTQT,NACA2,NACA2,1
Q9H0C8,SSTDSGSG,ILKAP,ILKAP,1
Q9H175,DSCDSLNP,CSRNP2,CSRN2,1
Q9H1I8,DTYDGNQV,ASCC2,ASCC2,1
Q9H2L5,SSTDSSGP,RASSF4,RASF4,1
Q9H2X6,VECDSLVP,HIPK2,HIPK2,1
Q9H4A3,DVDDGSGS,WNK1,WNK1,1
Q9H6R7,IALDAEPV,WDCP,WDCP,1
Q9H8V3,YEVDGCPA,ECT2,ECT2,1
Q9HAW4,EEADSPSD,CLSPN,CLSPN,1
Q9HBD1,DEPDGQSE,RC3H2,RC3H2,1
Q9NTJ3,PSPDGASS,SMC4,SMC4,1
Q9NUQ6,SSTDSANE,SPATS2L,SPS2L,1
Q9NUU7,VDKDGNPD,DDX19A,DD19A,1
Q9NVA2,VGFDSLPD,SEPTIN11,SEP11,1
Q9NW75,SESDSSSL,GPATCH2,GPTC2,1
Q9NWQ4,HESDSFTE,GPATCH2L,GPT2L,1
Q9NZN5,THSDGAIS,ARHGEF12,ARHGC,1
Q9P107,DLGDGLEN,GMIP,GMIP,1
Q9P1Y5,DEGDGSPA,CAMSAP3,CAMP3,1
Q9P258,NQTDAVPS,RCC2,RCC2,1
Q9P2B2,SRVDGVVL,PTGFRN,FPRP,1
Q9P2E9,HVEDGDIA,RRBP1,RRBP1,1
Q9P2M7,SSVDSLIN,CGN,CING,1
Q9UGN5,LQMDYATN,PARP2,PARP2,1
Q9UIL1,DAVDAENQ,SCOC,SCOC,1
Q9UKG1,LSLDSLVA,APPL1,DP13A,1
Q9ULM3,SESDSLSQ,YEATS2,YETS2,1
Q9UMR2,DEADVMIA,DDX19B,DD19B,1
Q9UMX0,GSQDSAAG,UBQLN1,UBQL1,1
Q9UNF1,SEKDSSSM,MAGED2,MAGD2,1
Q9UNZ2,SFRDLIHD,NSFL1C,NSF1C,1
Q9UPN3,DAPDGSDA,MACF1,MACF1,1
Q9UPN6,HLIDHQIS,SCAF8,SCAF8,1
Q9UPN7,DGEDGAWQ,PPP6R1,PP6R1,1
Q9UPQ9,EEEDGGVW,TNRC6B,TNR6B,1
Q9Y244,ELKDSIPV,POMP,POMP,1
Q9Y2D5,SSRDGEFT,AKAP2,AKAP2,1
Q9Y2K2,VEPDGTLN,SIK3,SIK3,1
Q9Y2L5,EVKDGLPN,TRAPPC8,TPPC8,1
Q9Y2L5,MTVDGIGA,TRAPPC8,TPPC8,1
Q9Y3A3,DEMDSTLA,MOB4,PHOCN,1
Q9Y508,TFVDYDVD,RNF114,RN114,1
Q9Y5A9,NGVDGNGV,YTHDF2,YTHD2,1
Q9Y5V3,SEPDGATA,MAGED1,MAGD1,1
Q9Y618,GTLDGVYP,NCOR2,NCOR2,1
Q9Y6A5,AEVDYLEQ,TACC3,TACC3,1
Q9Y6A5,ENCDFLFS,TACC3,TACC3,1
Q9Y6X4,EEEDSTSE,FAM169A,F169A,1
