uni,fullpep
A0JNW5,TSPDAIST
A0MZ66,AEADSSSP
A0MZ66,TDTDGAAE
A1A4S6,SSLDSLSS
A5A3E0,ELPDGQVI
A6NFI3,GEADGEAE
A6NIH7,AADDGVGA
A6QL64,DDKDSVSN
O00151,TAIDGENT
O00273,DAVDTGIS
O00273,DETDSGAG
O00273,EEVDAVDT
O00308,ALTDGSQL
O00418,VTFDSLPS
O00442,DLCDGQLE
O00499,SPPDGSPA
O00512,ENPDGLSQ
O00566,EDIDFFED
O00566,SVSDAALL
O00750,DGSDGGVS
O14576,DSGDLGPL
O14578,VCLDTVHF
O14686,TSADGFLK
O14757,SNLDFSPV
O14787,ERPDGSED
O14795,SCNDSMQS
O14828,ATLDVYNP
O14975,DGIDSFLD
O14981,DSTDGEPE
O15013,DQKDALPS
O15027,ENFDGKFA
O15027,RPYDGAAS
O15027,VHPDSVSS
O15042,DDLDGVPI
O15042,DDLDGVPL
O15042,EELDGAPL
O15075,DENDGPGE
O15117,DADDGFPA
O15117,DDVDTSDF
O15117,DIYDGIEE
O15117,DNQDGVTH
O15117,THSDGAGN
O15151,DVPDCRRT
O15164,DAPDSTGD
O15265,FDPDIHCG
O15446,LEVDMALG
O15519,LEVDGPAM
O15530,PAMDGTAA
O43164,DSYDPDGK
O43182,MSVDSITD
O43251,AQTDGQQS
O43252,TGIDSEYE
O43390,DYHDYRGG
O43390,DYYDDYYG
O43390,KLCDSYEI
O43491,RSLDGAPI
O43524,TAADSMIP
O43524,TLSDSLSG
O43561,ASLDGSRE
O43660,NATDSYVH
O43670,ETIDAVPN
O43707,IEYDKLRK
O43707,NELDYYDS
O43707,TDTDTADQ
O43707,VENDRQGE
O43716,VDTDGVEP
O43719,EEEDSSEK
O43719,FSNDGASS
O43719,GEPDSLGQ
O43719,TQTDAGGE
O43747,FLLDGLSS
O43829,TFNDGMSE
O43865,SSTDSYSS
O43865,SYTDSSDD
O43903,SRVDGKTS
O60216,DFGDFGMD
O60232,SDVDKDNP
O60238,TSRDHSSQ
O60256,DLVDGRHS
O60293,DTTDSSQG
O60318,ESTDSLGG
O60437,TVADSGTN
O60488,THFDSLAV
O60551,TKSDSASD
O60733,DVTDYKGE
O60749,VSLDSPER
O60784,VGTDSSQQ
O60832,EYVDYSES
O60907,TVFDGRPI
O60927,DTVDNEHM
O75030,DLTDGTIT
O75083,GENDSFAG
O75113,DLSDSSAD
O75116,SDIDSSNF
O75122,DATDSSQT
O75131,IITDGVIT
O75152,DATDKVNK
O75152,NEVDSQSS
O75164,SSRDSISS
O75167,DSPDYDRR
O75362,VKNDGKNQ
O75363,DPEDTGAE
O75367,ASADSTTE
O75369,DNGDGTHT
O75376,DKIDGTAE
O75376,LRPDVARG
O75410,MEEDGSTV
O75410,SNRDGHAT
O75475,DAQDGNQP
O75475,EVPDGAVK
O75533,VGLDSTGY
O75563,EEEDSAPV
O75592,SLTDSTCD
O75676,VMTDGLEA
O75717,DLFDGDDM
O75717,EEEDGQEG
O75717,VEEDAEDS
O75791,DINDGHCG
O75822,DVKDNWDD
O75940,ASSDSFAS
O75995,PEDDSGVP
O75995,TSPDYSLD
O76024,ERADGTGP
O76024,NEHDGGAQ
O76094,SELDASKT
O94782,DFTDSQEN
O94854,VVEDGSDC
O94888,SIFDGFRD
O94906,QVSDSVSG
O94925,GETDAFGN
O94964,AEADGLAE
O94966,ETVDSDGR
O94966,VDSDGRPD
O94979,AQSDGEES
O94986,DGTDGQPH
O94988,DDADGFIS
O95218,DDADLSKY
O95260,TMDDAVAG
O95347,DEVDAALD
O95402,VNLDGQVA
O95433,TERDASNW
O95453,EQTDSCAE
O95644,TRPDGAPA
O95671,TQRDAGSR
O95671,VKHDSIPA
O95685,SDLDGGVA
O95721,MSTDAYPK
O95817,KEVDSKPV
O95817,LEADQPLQ
O95819,FSCDGMRP
O96019,MEIDGDKG
P00441,ADKDGVAD
P00441,SIEDSVIS
P00519,DTTDVPEM
P00519,EHRDTTDV
P00519,REMDGQPE
P00533,DEEDMDDV
P00558,GRPDGVPM
P02545,VEIDNGKQ
P02686,IQEDSAAT
P02730,EQGDGGTE
P02730,TATDYHTT
P04406,KWGDAGAE
P04406,QERDPSKI
P04406,VSSDFNSD
P04626,DMGDLVDA
P05067,VEVDAAVT
P05455,DEHDEHDE
P05455,DEHDENGA
P05783,DALDSSNS
P06396,DQTDGLGL
P06400,DEADGSKH
P06400,DSIDSFET
P06400,LQTDSIDS
P06454,EEEDGDED
P06454,EEGDGEEE
P06733,YGKDATNV
P06748,VEEDAESE
P07602,AKSDVYCE
P07602,QPKDNGDV
P07686,VWKDSAYP
P07737,LLQDGEFS
P07858,FTEDLKLP
P07900,AEADKNDK
P07949,DYLDLAAS
P07949,VSVDAFKI
P08047,NSPDAQPQ
P08195,TEVDMKEV
P08238,DEEDDSGK
P08238,GVVDSEDL
P08240,EVLDYSTP
P08514,LDRDGYND
P08581,ESVDYRAT
P08865,VMPDLYFY
P09086,MSVDSSLP
P09651,SREDSQRP
P09651,SYNDFGNY
P09661,DQFDAIDF
P09874,DEVDGVDE
P09874,VEVDGFSE
P09884,VDDDGIGY
P09917,IQFDSEKG
P09972,AGTDGETT
P0DP24,VDADGNGT
P0DPH7,IQPDGQMP
P0DPH7,VKCDPRHG
P10244,SFLDSCNS
P10275,DEDDSAAP
P10515,IETDKATI
P10515,VETDKATV
P10909,DRIDSLLE
P11142,TAGDTHLG
P11171,AAVDSADR
P11274,CGVDGDYE
P11387,DDADYKPK
P11387,EEEDGKLK
P11387,PEDDGYFV
P11388,PQEDGVEL
P11586,KDVDGLTS
P11831,SESDSSGE
P12268,EEHDCFLE
P12270,DDEDRTVP
P12270,DDGDEVFV
P12270,DSQDSIGE
P12931,ASADGHRG
P13010,IFQDNHED
P14314,DCCDGTDE
P14314,DCKDGSDE
P14314,DDMDGTVS
P14314,TDGDGALS
P14316,ETTDSVPS
P14317,SQRDYAKG
P14625,EDEDDKTV
P14625,IQLDGLNA
P14625,VDSDDLPL
P14625,VEEDLGKS
P14625,VIADPRGN
P14625,VKFDESEK
P14625,WESDSNEF
P14866,DTWDYTNP
P15170,SLGDGRPP
P15170,VETDTVAP
P15976,EDLDGKGS
P16220,QTTDGQQI
P16333,SVPDSASP
P16989,SVGDGETV
P17405,SKCDLPLR
P17542,SSLDGAAS
P17980,QEEDGANI
P18583,EIADSSMT
P18583,LESDSFLK
P18848,DTCDLFAP
P18848,LAVDGLVS
P18858,VRIDGAVI
P19113,DPVDDCFS
P19174,AEPDYGAL
P19338,DDDDDEDD
P19338,DDDDEDDE
P19338,EDDDDDEE
P19338,EEDDSSGE
P19338,ESFDGSVR
P19338,TEIDGRSI
P19838,TTYDGTTP
P20810,LSSDFTCG
P20936,DEGDSLDG
P21333,DNADGTQT
P21399,NLGDSVTT
P22102,LEGDGGPN
P22626,VMRDPASK
P23142,SDVDGVTC
P23193,NARDTYVS
P23246,DDEDGLPE
P23396,LAEDGYSG
P23443,TPVDSPDD
P23588,LEGDVSTT
P23743,IDYDGSGS
P24534,DDIDLFGS
P25054,QEADSANT
P25098,NAADAFDI
P25490,DDSDGLRA
P25963,DRHDSGLD
P26599,LKTDSSPN
P27448,SELDASDS
P27540,TELDMVPG
P27540,TSTDGSYK
P27694,QALDGVSI
P27694,VQFDFTGI
P27708,EAVDGECP
P27797,DQTDMHGD
P27797,EEMDGEWE
P27816,DLADLVFP
P27816,EGSDTTGS
P27816,KTTDMAPS
P27816,LARDMTLP
P27816,PVKDMAQL
P27816,TETDVSSA
P27824,EDMDGEWE
P27986,DDEDLPHH
P27987,TQEDGALE
P28324,TDIDSVAS
P29144,QAQDGAIS
P29372,SSSDAAQA
P29374,IEVDSIAE
P29590,VRTDGFDE
P29692,DDIDLFGS
P30304,DLLDGENL
P30305,EEDDGFVD
P30414,STSDSEGS
P30419,SETDSAQD
P30519,TLEDGFPV
P31749,EEMDFRSG
P31942,YGRDGMDN
P31943,NSPDTAND
P31944,VGGDEIVM
P31948,KELDPTNM
P32455,LEADGQPL
P32519,PRPDSPAT
P33992,ELPDAVPH
P34897,DLPDGGHL
P35222,SYLDSGIH
P35222,YPVDGLPD
P35251,DEVDGMAG
P35269,QEVDYMSD
P35269,SDIDSEAS
P35579,DTLDSTAA
P35580,DTLDTTAA
P35611,DDSDAATF
P35611,DIVDRGST
P35670,GGLDGLGP
P36507,PVVDGEEG
P36551,DDLDSPSK
P36915,DTSDGESV
P36915,EEEDGPAV
P36915,EQTDTSDG
P38117,VVTDGVKH
P38159,SDRDGYGR
P38159,SSRDGYGG
P38159,STKDSYSS
P38398,DLLDDGEI
P39687,GYNDGEVD
P40692,DKTDISSG
P41214,VQMDSTLQ
P42166,DKIDASEL
P42166,EERDSGSF
P42166,KRIDQSKF
P42331,SDSDTTSP
P42331,SRTDSFSS
P42345,TRTDSYSA
P42574,IETDSGVD
P42575,DQQDGKNH
P42694,FQNDGIVQ
P42704,DRLDSSAV
P43146,LSVDRGFG
P43146,SCQDLTPV
P43243,DETDLANL
P43243,ENADGQSD
P43243,FRRDSFDD
P43403,LNSDGYTP
P45974,ESGDGERV
P45974,SAADSISE
P46013,DSKDSVAQ
P46013,ESADGLQG
P46013,LQTDYATE
P46013,NFGDSINE
P46013,THTDKVPG
P46087,MEQDAQAP
P46379,DEQDGASA
P46527,ESQDVSGS
P46531,CLLDSSGM
P46531,DCMDVNVR
P46531,DHMDRLPR
P46531,DQTDHRQW
P46531,EEEDAPAV
P46821,DATDGKDY
P46937,ASTDAGTA
P48147,EDPDSEQT
P48147,VFLDPNIL
P48634,TWRDGGGR
P48643,VDKDGDVT
P49006,ATGDAIEP
P49116,SLADGIDT
P49257,HQNDGASQ
P49321,KPTDGASS
P49321,TSADKVES
P49354,VSLDSPSY
P49454,CDKDAQQD
P49790,VSSDSGSI
P49792,ALDDSVSS
P49792,DVADATSE
P49792,EERDGQYF
P49792,HETDGGSA
P49792,STTDSVYT
P49792,TKHDGTGG
P49796,SSKDSATS
P49810,DSYDSFGE
P50548,DCSDGTSE
P50548,DEEDGEVF
P50570,DQVDTLEL
P50851,SSVDSAQA
P50991,TDMDNQIV
P51116,NRTDGSIS
P51531,DYSDALTE
P51531,LGPDGEPI
P51532,IGPDGEPL
P51606,VQRDGQAV
P51957,SVSDGFVQ
P51991,SREDSVKP
P52292,SFPDDATS
P52294,VMSDGGFH
P52735,DIYDCVPC
P52747,IQADGTVA
P52907,EEADGGLK
P53621,LDEDGFVE
P53985,TSIDVAGK
P53990,VETDLIDV
P54132,DSLDGPME
P54132,LQIDGVTE
P54132,YDTDFVPP
P54252,EANDGSGM
P54259,DPRDIDQD
P54259,DSLDGRSL
P54259,IDQDNRST
P54578,IEDDSVKE
P54578,KETDSSSA
P54727,TATDSTSG
P55011,ASRDGGGV
P55036,ADIDASSA
P55055,CSTDWVIP
P55072,VGYDDIGG
P55072,VLSDDTCS
P55081,TSFDSAWG
P55210,IQADSGPI
P55210,NDTDANPR
P55211,PEPDATPF
P55212,DVVDNQTE
P55265,VRPDGHSQ
P55265,VRPDSHSQ
P55347,SEPDAEGV
P55789,GRRDAAAS
P55884,DFVDDVSE
P55884,DGIDSVIV
P55957,IEADSESQ
P55957,LQTDGNRS
P56182,DDRDSGGP
P56524,LERDGGAA
P56945,DSPDGQYE
P56945,DVPDGPLL
P57764,DAMDGQIQ
P60484,QEIDSICS
P60709,DSGDGVTH
P60709,ELPDGQVI
P60842,EIVDSFDD
P60953,DLRDDPST
P61158,DDLDFFIG
P61289,DGLDGPTY
P61978,SGYDYSYA
P62736,ELPDGQVI
P63000,DLRDDKDT
P63261,DSGDGVTH
P63261,ELPDGQVI
P63267,ELPDGQVI
P68032,ELPDGQVI
P68104,TRKDGNAS
P68104,WNGDNMLE
P68133,ELPDGQVI
P68363,GGDDSFNT
P68363,IQPDGQMP
P68363,LRFDGALN
P68366,IQPDGQMP
P78316,DLNDGFVL
P78317,THNDSVVI
P78344,DETDSSSA
P78356,CENDGVGG
P78527,DWVDGEPT
P78527,GDSDGPSY
P78527,VDQDGDPS
P80303,EETDGLDP
P80303,VNSDGFLD
P80723,PASDSKPG
P82970,ENIDTSAQ
P83369,TRTDGSSV
P83916,HETDKSEG
P98170,SESDAVSS
P98171,DVLDSFQT
P98175,PTRDGLGS
Q00403,TSVDLITT
Q00653,VKEDSAYG
Q00839,SALDGDQM
Q01105,EEDDDDDE
Q01105,GEEDDDDD
Q01826,VEMDSLSE
Q02078,SSYDGSDR
Q02078,TLTDSSML
Q02413,DLRDGSNV
Q02447,LSGDSTLN
Q02447,VDLDSLGL
Q02750,VEGDAAET
Q02880,NEEDSASV
Q02880,SDVDIFPS
Q03164,QHTDSTQS
Q03701,DDFDFAGS
Q03701,VDEDGGTF
Q04206,DCRDGFYE
Q04206,VFTDLASV
Q04637,PAVDLSPV
Q04726,SRYDSDGD
Q04759,DEVDKMCH
Q04864,DCRDGYYE
Q05397,DQTDSWNH
Q05397,VSWDSGGS
Q05513,DSEDLKPV
Q05513,EETDGIAY
Q05655,DMQDNSGT
Q06413,DADDSVGH
Q06413,SSYDGSDR
Q06455,TMPDSPVD
Q06587,AIMDGTEI
Q06587,VSSDSAPD
Q07820,EELDGYEP
Q07955,RKLDNTKF
Q08211,DTPDTTAN
Q08378,ESPDGPGQ
Q08378,SEVDGNDS
Q09666,DAPDVDVH
Q09666,DTPDINIE
Q09666,DVPDVEVQ
Q09666,DVPDVNLE
Q09666,DVPDVNVQ
Q09666,EAPDVSLE
Q09666,EVPDVNIE
Q09666,PDVDVHGP
Q09666,SAPDISLG
Q0ZGT2,DDVDVRPA
Q10567,DLFDLTSG
Q12772,DEPDSPPV
Q12802,DGPDGNSN
Q12802,GGFDSHQM
Q12802,IEQDVVGP
Q12873,EEVDGYET
Q12873,LPYDQSTW
Q12888,CEEDGDAG
Q12888,ERGDGNSG
Q12888,LEDDSGSH
Q12888,SDVDANTA
Q12888,VSSDGCST
Q12959,QPVDNHVS
Q12959,YEVDGRDY
Q12982,DDLDESGE
Q12982,DPSDGSVL
Q12982,IDLDGLDT
Q12996,DEVDRKPE
Q13009,DETDHSSK
Q13043,TMTDGANT
Q13057,VERDGLSE
Q13077,LEVDCYRA
Q13085,TEEDGVHS
Q13098,NAPDAIPE
Q13111,PEEDSVLS
Q13114,ESVDKSAG
Q13123,ERRDGVNK
Q13136,SETDNSSQ
Q13136,TLTDGVLD
Q13148,DETDASSA
Q13263,KEEDGSLS
Q13263,LATDSTFS
Q13263,LSLDGADS
Q13263,SCEDNAPA
Q13263,SSGDGGAA
Q13342,EMCDGEEP
Q13367,TLTDSTLV
Q13402,EDLDAALP
Q13426,DVTDIAPS
Q13428,DDPDGKQE
Q13428,DSSDGEVP
Q13428,DSSDSSSG
Q13428,ESSDSADS
Q13428,SGVDSAVG
Q13432,SEPDAGPG
Q13435,ARPDVVEM
Q13435,EAMDGSET
Q13439,LDLDSSTA
Q13464,DETDGNLP
Q13490,ENADPPII
Q13546,LQLDCVAV
Q13546,SLLDSTNT
Q13547,IPEDAIPE
Q13573,DDPDLQRP
Q13586,THSDSESS
Q13596,LFADATVE
Q13620,SATDGNTS
Q13765,EEQDSTQA
Q14005,SSTDSAAS
Q14008,DEPDDGSN
Q14008,IENDNGTV
Q14126,ISVDSVTS
Q14145,TFLDSVEC
Q14146,HCRDGGAD
Q14149,TETDAVFL
Q14149,VQCDACLK
Q14149,VRNDAVIL
Q14151,DLFDSAHP
Q14151,DSRDGWGG
Q14153,EESDSCAL
Q14157,MENDSSNL
Q14157,NPSDSAVH
Q14157,TGRDGSLA
Q14161,DQPDYDSV
Q14161,PDYDSVAS
Q14166,VTRDFAYG
Q14202,TLGDGINS
Q14207,LCFDSTTA
Q14258,LQADLARE
Q14457,EASDGGTM
Q14498,ERTDASSA
Q14511,DDYDYVHL
Q14511,DLVDGINR
Q14558,TELDMDDG
Q14566,SGVDGYET
Q14676,TERDSDTD
Q14684,SRKDGLSD
Q14693,SQLDSLKR
Q14694,LENDGVSG
Q14694,NSTDSVSD
Q14697,AEGDGAQP
Q14761,TDYDHVAD
Q14790,LEMDLSSP
Q14790,REQDSESQ
Q14790,TISDSPRE
Q14790,VETDSEEQ
Q14814,DHLDLNNA
Q14839,EATDGGGD
Q14839,EYLDATGG
Q14839,NQSDYSVA
Q14839,TAVDGYET
Q14839,TFADGVPR
Q14847,DSQDGSSY
Q14980,DSLDLSCE
Q14980,LSIDSLDL
Q14980,TQPDGTSV
Q14BN4,DTTDAQMD
Q14C86,DHTDPEDN
Q14C86,DLPDSASQ
Q14CW9,LQWDGSSD
Q15003,DEPDHTAV
Q15003,DFPDGSLG
Q15003,DLDDLFVG
Q15003,HVADGSAT
Q15032,INPDGSPV
Q15046,HTTDNGVG
Q15052,TRKDSIPQ
Q15056,LTYDGALL
Q15075,LVTDSSAE
Q15149,DALDGPAA
Q15154,PTVDSTQQ
Q15154,SEEDGRGE
Q15181,DDPDAANY
Q15181,GETDWKVI
Q15276,VGADSVSE
Q15327,DFRDGEYE
Q15361,TLFDSVEG
Q15365,ASLDASTQ
Q15365,PPLDAYSI
Q15365,RCSDAAGY
Q15366,TGSDSASF
Q15424,DLFDSAHP
Q15424,DSRDGWGG
Q15424,SVADCVED
Q15459,KTEDSLMP
Q15459,SKEDSAPS
Q15459,VTWDGHSG
Q15545,STVDGDLY
Q15633,DARDGNEV
Q15637,PPMDQYLG
Q15648,SSDDGIRP
Q15650,DESDYFAS
Q15653,EAPDTYLA
Q15797,MTQDGSQP
Q15942,LEIDSLSS
Q16181,DAVDNSNC
Q16236,TEVDNYHF
Q16512,LGTDSDSS
Q16512,TDSDSSPQ
Q16513,DITDCPRT
Q16566,YWIDGSNR
Q16625,ERVDSPMA
Q16630,DYMDTLPP
Q16643,VGEDVPDA
Q16829,TESDGSPV
Q16829,TNVDSSSS
Q1KMD3,VEGDDVPE
Q27J81,DEEDTAPE
Q2NKX8,DEDDSFKD
Q2NKX8,TLQDGKGT
Q2NL68,TSSDGLSP
Q2NL82,CATDAVDD
Q2TAZ0,CLRDGLPE
Q32MZ4,SDLDGGNH
Q32MZ4,VLADGDTL
Q3KQU3,TPTDAAVL
Q3SXY8,DETDRPSL
Q3V6T2,DSQDSSSV
Q49AR2,TNCDSSSE
Q49MG5,MAPDGCED
Q4AC94,HELDSMDC
Q4G0J3,METDSGVP
Q4V339,EKPDGLIN
Q504Q3,SEFDSFSQ
Q53EP0,ESPDSSGA
Q53ET0,TSSDSALH
Q53F19,VELDTLSQ
Q53GL0,VEEDSYLA
Q53RE8,SQPDSAGY
Q53SF7,AERDMLPS
Q53SF7,SAADSVES
Q562R1,ELPDGQVI
Q58WW2,STRDSALQ
Q5H9R7,DEIDFKET
Q5H9R7,EEEDGAKQ
Q5JRA6,DEIDLPRE
Q5JRA6,DSLDEEFF
Q5JRA6,EESDSVFS
Q5JSH3,DSLDSKGK
Q5JSJ4,NQVDSLSD
Q5JSZ5,LYLDGHVF
Q5JTH9,EEADGNKM
Q5JTH9,LEIDGSEE
Q5JTV8,DDQDSSHS
Q5JTV8,MQNDSILK
Q5JTY5,EKPDGLIN
Q5M775,EGTDALGP
Q5PRF9,TAKDGAPG
Q5T1M5,SSRDSAAP
Q5T1V6,VPVDAVAT
Q5T3U5,QESDSATA
Q5T447,ETTDALPE
Q5T4S7,GDSDSAAP
Q5T4S7,TEEDSSQD
Q5T5P2,NHTDSAGT
Q5T5U3,VRTDSAPD
Q5T5X7,DCYDSSSL
Q5T5Y3,VSLDGSAD
Q5T6F2,TTEDWTED
Q5T8P6,DQVDHNSY
Q5T8P6,YDTDGYNP
Q5TAX3,NELDFADH
Q5TAX3,TCTDNTGD
Q5TB80,DSLDSVAE
Q5TH69,LESDSASP
Q5U5Q3,AELDGDLL
Q5UIP0,GELDGGND
Q5UIP0,TGHDGETE
Q5VT25,RTVDSTPL
Q5VWN6,VEVDSSSA
Q5VYS8,NEQDGDLE
Q5VZL5,TQTDALKL
Q5W0B1,DFCDSSNV
Q641Q2,DGCDLFAD
Q641Q2,DSGDIFST
Q659A1,SEMDMSCE
Q66K74,DRVDAVLV
Q66PJ3,EEEDGPVL
Q68CZ2,HSVDSLGT
Q69YH5,VSSDAVPD
Q6DCA0,QHVDSSSG
Q6DD87,VAADGEIA
Q6FI81,DLIDSDEL
Q6FI81,MEDDSMDL
Q6FIF0,SVSDTAQQ
Q6IBW4,ADLDAVPM
Q6IBW4,SRKDFRMN
Q6ICG6,TEEDSSPA
Q6NUK1,DIGDSLTI
Q6NZY4,DGTDGETE
Q6NZY4,MELDSDME
Q6P1L5,DPRDKENG
Q6P2E9,EENDSLGA
Q6P2E9,LGADGTHG
Q6P2E9,LGLDGGPG
Q6P2E9,LQLDGSLT
Q6PCB5,TSSDSTSS
Q6PEY2,IQPDGQMP
Q6PIJ6,VQEDGEVV
Q6QNY0,AETDSEPE
Q6RI45,DYVDGDHD
Q6S8J3,ELPDGQVI
Q6ULP2,DDLDNVAD
Q6ULP2,TSIDGMER
Q6ULP2,YNLDSVPS
Q6UWE0,LEQDGIEN
Q6UXH1,EECDSSCV
Q6VMQ6,ENTDSMET
Q6Y7W6,YLQDSALD
Q6ZN18,DSEDSISS
Q6ZRI6,AEPDSAPA
Q6ZRI6,TEPDSATA
Q6ZUJ8,SGCDSVTD
Q6ZUT1,ITADSSSE
Q709C8,DVHDSKNT
Q70CQ2,INIDSTWQ
Q71U36,IQPDGQMP
Q7KZ85,DSTDSYIE
Q7L014,ERQDGGQN
Q7L4P6,VEEDGEVK
Q7LDG7,IDIDSVPT
Q7Z2E3,TSIDSVVI
Q7Z2K8,ESMDSAST
Q7Z2Z2,ELQDGCSE
Q7Z333,VEEDSVSR
Q7Z3T8,SSVDGGTS
Q7Z417,NRVDGSKP
Q7Z434,ADPDGGPR
Q7Z460,DDEDSVDG
Q7Z4V5,DIADGAVK
Q7Z591,EEPDGTLG
Q7Z5J4,YCCDGRED
Q7Z6I6,LENDSIEA
Q7Z6K3,MEVDGLND
Q7Z6L1,SDTDASSE
Q7Z6Z7,LSPDGLPE
Q7Z6Z7,STRDSAVA
Q7Z739,AITDGQAG
Q86TI0,VDLDSSLS
Q86U42,VEGDPGDG
Q86UE4,SRHDGKEV
Q86UE8,YGLDGSAA
Q86UK7,EEEDGGPA
Q86UP2,DNADSSPV
Q86VP1,DGADGAFY
Q86VP1,SRPDGLED
Q86VX9,ECLDGTLT
Q86WB0,TEPDASAP
Q86XP1,SQTDSVPG
Q86XP1,VEEDAVES
Q86YI8,IDSDGWDA
Q86YV0,SEFDSEHN
Q8IUF1,EKPDGLIN
Q8IVD9,IEIDSTTE
Q8IVD9,TELDGHQE
Q8IVH2,SFPDGLVH
Q8IWB9,SEGDGYGS
Q8IWC1,MSMDASPE
Q8IWI9,DSKDSVGD
Q8IWI9,HAVDGTTE
Q8IWU2,SYRDSAYF
Q8IWV8,LELDASTS
Q8IX01,DDEDGGEE
Q8IXQ4,DDDDGFFG
Q8IY17,AERDGFQD
Q8IY37,DLGDGGQD
Q8IY81,DEEDSTAG
Q8IY81,EEKDGISD
Q8IY81,SDDDGFEI
Q8IYD1,TETDFVAP
Q8IYW5,VRKDSVSK
Q8IZ21,ENSDSFSE
Q8IZ73,VETDVMNQ
Q8IZW8,DSTDSPAS
Q8N163,AAPDAGAE
Q8N163,EGLDGGLP
Q8N1F8,DLSDSLSS
Q8N2F6,DLTDGSYD
Q8N302,DKKDESFV
Q8N302,DTCDGCEP
Q8N302,VENDAYPG
Q8N3X1,SSVDSTIS
Q8N4C8,ERSDSVLP
Q8N4X5,SSVDGHPE
Q8N5H7,TMTDGLTA
Q8N5S9,EEADGGPE
Q8N684,DSADGRAT
Q8N684,GSRDSGPP
Q8N7H5,EEMDYAPD
Q8N9N2,DEEDFYQG
Q8NC51,DGFDSRGK
Q8NC51,HAEDSVMD
Q8NC51,SDLDQSNV
Q8NCB2,PATDGSVT
Q8NCG7,TELDGGDQ
Q8NCJ5,MMVDSYED
Q8NCN2,GDVDSVTV
Q8NCP5,TSRDGSIS
Q8ND30,DLSDGTCE
Q8NDI1,LYADSSKT
Q8NDV7,TTVDSISV
Q8NDX1,VHQDGLEP
Q8NDX1,VQPDIHLT
Q8NE71,AENDFSVS
Q8NEB9,AEIDSSQI
Q8NEF9,SEKDSVVS
Q8NEZ4,DTPDSFVP
Q8NEZ4,TQTDLFVT
Q8NFA0,KKVDAQSS
Q8NFC6,EECDGLMA
Q8NFC6,SEVDTSAG
Q8NFD5,PQQDMSQE
Q8NFZ5,EHTDGHTS
Q8NHP6,IESDGKET
Q8TAQ2,EKSDGDPI
Q8TB03,DQRDGCEC
Q8TBF4,PALDSLSQ
Q8TD16,FSDDAAEP
Q8TDB6,QERDSCIS
Q8TDD1,DSEDGEFE
Q8TDI0,DDGDGYET
Q8TDJ6,EEDDAVGL
Q8TEU7,CSVDSMSA
Q8TEW8,SGVDSAVY
Q8WU90,VYIDARDE
Q8WUA2,DYLDGVHT
Q8WUA4,EEVDGAPR
Q8WUD4,EEVDLANL
Q8WUI4,VVDDGLEH
Q8WV28,DEADYVVP
Q8WWI1,DNLDSPRS
Q8WWM7,LESDMSNG
Q8WWY3,TQLDLSGD
Q8WYA6,IDRDGEEE
Q8WYP5,TEKDGDKD
Q8WYQ5,DEPDSMGA
Q92499,DEFDGKVT
Q92538,DHSDSASV
Q92558,TYVDHMDG
Q92569,DMPDGTFL
Q92574,CCNDGCSD
Q92576,EQNDSISG
Q92576,VCEDFSAS
Q92608,DQPDYAMY
Q92619,DGADAVFP
Q92619,EDCDAGCL
Q92619,VDPDGGAG
Q92667,DSVDSCCS
Q92688,AEVDGVDE
Q92734,DTVDGREE
Q92785,DKEDSQPP
Q92804,GQQDSYDQ
Q92830,LSLDSAGA
Q92851,IEADALNP
Q92870,DETDIWSD
Q92888,AEVDAEKP
Q92888,LSLDSPDR
Q92917,DSGDGAGP
Q92918,DDVDIPTP
Q92945,EDGDQPES
Q92945,ISPDSGGL
Q92945,QLEDGDQP
Q92974,LEPDSGGN
Q92993,DSSDGIPS
Q93008,SSPDSSNE
Q93063,TAIDGLSL
Q93073,EDEDGFQE
Q93073,ETSDGLEA
Q969S3,LGVDSVDK
Q969S9,TVTDFMAQ
Q969V6,DSSDALSP
Q96A49,DAFDACNL
Q96A49,LEEDSADW
Q96AE4,DQPDAKKV
Q96AE4,HHGDGPGN
Q96B01,TEPDFAPG
Q96B01,TSVDSAPA
Q96B97,DIFDSPSP
Q96B97,EGFDSVVS
Q96B97,SESDGGDS
Q96B97,VENDFLPV
Q96BR5,LAHDGQVN
Q96BU1,DETDSSKD
Q96BY6,EETDSSEN
Q96BY7,SQNDSANS
Q96C57,HEQDGNEL
Q96CA5,DHVDGQIL
Q96CK0,EELDGSDM
Q96D71,SSSDSFTS
Q96D71,TQFDSNIA
Q96D71,VDADGLIT
Q96EK9,HTADSVVN
Q96F63,VALDSDTS
Q96G46,QTADGQTE
Q96GA3,DDYDSAGL
Q96GD3,DSMDSASN
Q96HA7,DDTDGLTP
Q96HN2,SSTDSYSS
Q96I24,AKIDSIPH
Q96I24,NDIDSNST
Q96II8,DSTDSITG
Q96II8,DYIDSCTA
Q96IZ7,IESDSFVQ
Q96JH7,LCVDAAGH
Q96JN0,SEQDGVLD
Q96M86,VGLDPSPD
Q96N64,GETDGQQS
Q96PU5,DSNDSASQ
Q96PY6,VSEDGVSS
Q96PZ0,EEEDGLSE
Q96PZ0,LQNDFLSI
Q96QB1,SDLDSTGN
Q96QV1,EEMDGLSD
Q96QZ7,DQTDSSGQ
Q96QZ7,FDPDDPNT
Q96RD7,DMRDGACS
Q96RE7,EEEDGGEE
Q96RE7,QESDSVQC
Q96RR4,LEADGQEV
Q96RS0,DEQDCVTQ
Q96RS0,TSHDGHQQ
Q96RS0,YERDSLLA
Q96RU3,ESPDGSYT
Q96SB3,DDEDDEED
Q96SB3,DEDDEEDG
Q96SB3,DEEDGEPP
Q96SB3,EDVDPMAA
Q96SB3,EEDDEDDE
Q96SB3,EEVDESKK
Q96SB3,ENVDHSAL
Q96SB3,GEDDEETG
Q96SB3,LEEDDEDD
Q96SB3,SRFDSKPA
Q96SB4,QETDSCTP
Q96ST2,MQNDSFHS
Q96T37,DRSDGSAP
Q96T58,VKPDSVTA
Q96T88,AETDSRPA
Q96TA2,TGLDSAVD
Q99081,PLHDSAAL
Q99459,HESDFSGV
Q99496,AITDGLEI
Q99496,DNGDSSHC
Q99496,LELDNNNA
Q99497,VEKDGLIL
Q99549,DETDTWAY
Q99549,EVLDSVCQ
Q99569,DQWDGVGP
Q99590,DSVDEETA
Q99590,MECDSFCS
Q99614,CFHDCSAS
Q99708,CLADSFSQ
Q99741,LVFDNQLT
Q99755,DIPDGLFL
Q99798,DKWDGKDL
Q99829,LDADGGPL
Q9BQ52,TLEDGLEE
Q9BQE3,IQPDGQMP
Q9BQG0,EERDGDVD
Q9BQG0,PAEDGTPA
Q9BQQ3,SFLDSPGA
Q9BRD0,DSPDPSPP
Q9BRT6,LKLDGDVL
Q9BRT8,EKPDGLIN
Q9BSD7,VPVDGFYT
Q9BSE4,VNNDGQNA
Q9BSI4,SVTDSVNL
Q9BSJ8,SSVDAPPR
Q9BSJ8,THVDSPLE
Q9BSJ8,TTPDSQFG
Q9BTC0,AQPDSVYC
Q9BTC0,CSADAAVS
Q9BUN5,EEEDGVTE
Q9BVI0,EELDGDDR
Q9BVS4,IKEDSLSE
Q9BVV6,VDIDSISN
Q9BWW4,SPADSTNS
Q9BX66,DDSDLYSP
Q9BXJ9,HEADTANM
Q9BXP5,SLDDSVDE
Q9BY77,EDDDGIAS
Q9BYD3,HIMDSLEL
Q9BYT8,FEYDGKIN
Q9BYT8,NEDDTFLV
Q9BYV8,EDNDSAAS
Q9BYW2,DGVDSTSH
Q9BYW2,DQQDGSHF
Q9BYW2,DSHDSIKE
Q9BYW2,PHVDGLHS
Q9BYW2,TSDDSVTG
Q9BZE4,GEYDSVSE
Q9BZF1,DIQDSSGS
Q9BZK7,MEVDGDVE
Q9C0C9,ELSDSGQQ
Q9C0C9,ETPDGSAS
Q9C0E8,QTDDKIPA
Q9C0J8,DSWDGNRE
Q9GZR1,TDKDGTNL
Q9GZR7,TVSDQALL
Q9GZY8,DFLDLERP
Q9H009,EEQDSTQT
Q9H0C8,SSTDSGSG
Q9H0H5,TETDSVGT
Q9H1E3,QEKDSGSD
Q9H1I8,DTYDGNQV
Q9H223,CDCDGMLD
Q9H223,GAFDGTTE
Q9H2L5,SSTDSSGP
Q9H2P0,DEKDSRVN
Q9H2P0,EWKDGASP
Q9H3P7,THTDSSEK
Q9H3R0,DEVDGAEV
Q9H4A3,DVDDGSGS
Q9H4L7,SEYDSGSD
Q9H4M9,VDKDGLLD
Q9H553,TSFDSVVP
Q9H582,SCVDSFGS
Q9H6E5,VEVDGWDC
Q9H6Q4,IEDDGSYF
Q9H6S0,FRVDGIPN
Q9H6T3,DVPDSTTA
Q9H6T3,SEEDGIHV
Q9H6Z4,DREDGNYC
Q9H714,DTTDSVGS
Q9H814,ESVDSSEE
Q9H8Y5,EDSDSASE
Q9H9B1,EEDDGHGA
Q9HAS0,DSEDGSPS
Q9HAW4,DEYDGEEI
Q9HAW4,MGTDGKEE
Q9HAW4,TTYDSAEE
Q9HB58,EIIDGTSE
Q9HBD1,DATDTKPD
Q9HCD5,SSTDSLPG
Q9HCM1,SSVDGVQT
Q9NPG3,DESDSFID
Q9NPR2,VVEDGVAD
Q9NQ55,AEPDGDHN
Q9NQC1,TETDGYFS
Q9NQC3,SETDYVTT
Q9NQG7,EDVDGVCE
Q9NR30,EEIDAPKP
Q9NR30,PEPDCNPS
Q9NRA8,DDLDVVLS
Q9NRL2,QLTDADTK
Q9NS87,HVMDSAAE
Q9NSC2,DQVDCSDL
Q9NSE4,VDEDGVFT
Q9NSE4,VFTDVAGP
Q9NSI8,SCSDGTSN
Q9NT62,DDGDGGWV
Q9NT62,EEDDGDGG
Q9NUQ6,SSTDSANE
Q9NUU7,VDKDGNPD
Q9NVP1,ATVDGLEQ
Q9NW13,DEEDGVFD
Q9NW13,EESDSIDD
Q9NW64,SNSDGTRP
Q9NWQ4,HESDSFTE
Q9NWQ8,VLKDSSSQ
Q9NX31,DSSDATQV
Q9NY61,YLVDGTKP
Q9NYF5,EEEDGVNL
Q9NZ43,LGTDSAEP
Q9NZ52,AELDTTNS
Q9NZJ5,DVEDGTMD
Q9NZM5,EESDGEGE
Q9NZN5,PQTDSVIQ
Q9NZN5,THSDGAIS
Q9P107,DTKDGGGE
Q9P107,GPEDSLLG
Q9P107,SDVDSVGG
Q9P1Y5,DEGDGSPA
Q9P246,SECDSLNS
Q9P289,DESDSEGS
Q9P2B2,SRVDGVVL
Q9P2D1,ETRDGFYM
Q9P2E9,DAQDVQAS
Q9UBC2,PGPDSSGS
Q9UBE0,DGPDTKRA
Q9UBF8,FSVDSITS
Q9UBF8,VNGDGVDS
Q9UBI9,AHFDYSPA
Q9UBK2,SMPDGTPP
Q9UBL0,VNPDGTPA
Q9UBN7,DMADSMLM
Q9UBU9,EEDDGDVA
Q9UDY2,EDTDGEGG
Q9UEE9,DEVDGEEQ
Q9UER7,DDPDSAYL
Q9UEW8,DEMDEKSE
Q9UEW8,SVHDSQGP
Q9UGN5,LQMDYATN
Q9UGP4,ECLDGVPF
Q9UGR2,APRDCYVD
Q9UGU0,HETDGHGL
Q9UH99,EARDSSPH
Q9UHB6,DSRDSQVK
Q9UHB6,ENTDASGK
Q9UHB9,DANDAHQT
Q9UHQ1,SVRDAAVD
Q9UHX1,QGTDSIKM
Q9UI08,RPEDASGG
Q9UI10,VQTDAFVS
Q9UIF9,GEVDATAS
Q9UIG0,DNKDSAAF
Q9UK96,DSSDGGLS
Q9UKE5,EEEDGESE
Q9UKE5,ETHDGTVA
Q9UKJ3,ESTDGAED
Q9UKJ3,SNLDGKKE
Q9UKV3,TLADYSAQ
Q9UKV3,VTLDGKPL
Q9UKV3,VTMDTSEN
Q9UKX7,TLVDKVSN
Q9UKY7,DPGDNWEE
Q9ULG1,DGDDSFIS
Q9ULH7,DSSDALSP
Q9ULI0,VEVDGSLS
Q9ULR0,DEDDGVIV
Q9ULT8,EGHDSLSV
Q9ULV0,LESDSNYP
Q9ULV4,LYPDTAGP
Q9ULX6,ERYDSYES
Q9UMN6,EQLDGVDD
Q9UMX1,LESDSSTA
Q9UMZ2,DYKDFTKQ
Q9UNF0,SSTDANGD
Q9UNS1,LSMDSVVP
Q9UNX4,EAEDGAFE
Q9UPN4,DQLDSQQE
Q9UPN4,TEDDASSL
Q9UPN6,EGQDGVEE
Q9UPN6,HLIDHQIS
Q9UPP1,IEEDYTTD
Q9UPQ9,EEEDGGVW
Q9UPT8,ASTDSSTQ
Q9UPT8,LEDDGAEE
Q9UPT8,LEPDSFSE
Q9UQ35,FQSDSSSY
Q9UQ35,PTVDSNSL
Q9UQ35,SESDSSPD
Q9UQ35,SYVDGSSF
Q9UQ80,HVIDGEKT
Q9Y232,TAVDGFQS
Q9Y282,LDKDGIPV
Q9Y2D5,SSRDGEFT
Q9Y2H0,DTQDANDS
Q9Y2K2,VEPDGTLN
Q9Y2L5,MTVDGIGA
Q9Y2L9,DRADGLHS
Q9Y2W1,VRMDSFDE
Q9Y2W7,QGSDSSDS
Q9Y2X7,DLSDGAVT
Q9Y2X7,ESLDGDLD
Q9Y2X7,HDYDSVAS
Q9Y2X7,LEDDAIYS
Q9Y2X9,SLIDSSAL
Q9Y3B9,NENDGESS
Q9Y3T9,EEEDGAEE
Q9Y4B6,DDTDDLDE
Q9Y4C8,EEEDSSAT
Q9Y4C8,TVPDGETP
Q9Y4E1,DGCDLFAD
Q9Y4E1,DSGDIFST
Q9Y4I1,TMTDSTIL
Q9Y4K1,VQTDAGCL
Q9Y4L1,LVEDSAEE
Q9Y4X4,LSVDHFQT
Q9Y520,HHTDANNQ
Q9Y520,SVTDYTTP
Q9Y520,TDTDSEIH
Q9Y572,TSSDSMAQ
Q9Y5K8,EGTDSYEL
Q9Y5M8,STLDSSST
Q9Y5S9,EDYDSVEQ
Q9Y5V3,TSADGSQA
Q9Y613,SVPDSSAL
Q9Y6E0,AETDGQAS
Q9Y6H5,DEVDQDGN
Q9Y6I9,TQVDGTGA
Q9Y6J0,DAGDSADQ
Q9Y6K1,VYTDMWVE
Q9Y6Q9,SWPDGMLS
Q9Y6T7,VTVDGQGL
Q9Y6W5,ENVDASSY
Q9Y6X4,EEEDSTSE
Q9Y6X8,VAKDSWAA
